latitude,longitude,elevation,utc_offset_seconds,timezone,timezone_abbreviation
-7.0650263,39.298985,78.0,0,GMT,GMT

time,wind_gusts_10m (km/h),wind_direction_100m (°),wind_direction_10m (°),wind_speed_100m (km/h),wind_speed_10m (km/h)
2025-09-22T00:00,6.8,108,99,11.3,3.5
2025-09-22T01:00,2.2,102,191,7.7,0.9
2025-09-22T02:00,2.2,117,225,6.4,1.5
2025-09-22T03:00,4.0,130,236,4.7,1.9
2025-09-22T04:00,7.6,133,245,3.2,3.0
2025-09-22T05:00,10.4,116,125,5.4,3.5
2025-09-22T06:00,23.0,112,112,13.2,9.9
2025-09-22T07:00,27.7,113,114,15.9,12.0
2025-09-22T08:00,30.6,114,114,17.5,13.2
2025-09-22T09:00,33.5,116,117,19.6,14.7
2025-09-22T10:00,37.1,117,118,22.1,16.7
2025-09-22T11:00,38.5,115,116,23.1,17.2
2025-09-22T12:00,38.2,114,115,23.0,17.1
2025-09-22T13:00,35.3,105,106,21.3,15.7
2025-09-22T14:00,33.5,100,100,19.6,14.1
2025-09-22T15:00,29.2,99,101,17.7,10.4
2025-09-22T16:00,19.4,99,101,16.6,7.9
2025-09-22T17:00,13.7,94,97,16.8,7.3
2025-09-22T18:00,12.6,94,96,17.0,6.7
2025-09-22T19:00,11.2,93,96,15.9,5.4
2025-09-22T20:00,8.6,93,96,15.1,5.1
2025-09-22T21:00,7.6,100,110,14.4,4.8
2025-09-22T22:00,7.9,104,115,15.4,5.2
2025-09-22T23:00,8.3,103,111,16.1,5.4
2025-09-23T00:00,7.9,100,105,15.0,5.0
2025-09-23T01:00,8.6,93,90,15.0,5.2
2025-09-23T02:00,7.2,94,86,14.1,4.9
2025-09-23T03:00,6.5,101,99,12.5,3.5
2025-09-23T04:00,8.3,94,66,10.8,4.9
2025-09-23T05:00,14.0,96,95,9.8,6.7
2025-09-23T06:00,25.9,105,105,16.4,12.1
2025-09-23T07:00,33.5,112,112,21.2,15.7
2025-09-23T08:00,37.4,111,112,23.4,17.4
2025-09-23T09:00,37.8,112,113,23.1,17.2
2025-09-23T10:00,38.5,112,112,23.8,17.5
2025-09-23T11:00,38.9,114,115,24.5,18.0
2025-09-23T12:00,38.9,112,112,24.8,18.1
2025-09-23T13:00,33.8,106,106,22.1,16.3
2025-09-23T14:00,34.2,108,109,20.2,14.5
2025-09-23T15:00,29.2,105,106,15.9,9.6
2025-09-23T16:00,17.3,104,108,12.4,4.6
2025-09-23T17:00,7.2,105,119,9.9,2.3
2025-09-23T18:00,5.0,108,127,11.9,3.9
2025-09-23T19:00,6.5,107,122,13.0,4.4
2025-09-23T20:00,6.1,110,128,11.5,3.2
2025-09-23T21:00,4.3,109,132,10.3,2.4
2025-09-23T22:00,3.6,111,141,10.2,2.3
2025-09-23T23:00,3.2,116,180,8.2,1.4
2025-09-24T00:00,2.5,125,190,7.9,2.0
2025-09-24T01:00,3.6,103,125,9.8,2.2
2025-09-24T02:00,3.2,120,204,7.1,1.8
2025-09-24T03:00,4.0,141,222,6.0,2.4
2025-09-24T04:00,9.0,142,204,7.6,4.3
2025-09-24T05:00,13.0,160,193,5.2,3.1
2025-09-24T06:00,23.8,137,143,11.8,9.0
2025-09-24T07:00,27.4,121,122,16.0,12.1
2025-09-24T08:00,28.1,115,115,16.4,12.3
2025-09-24T09:00,32.0,117,118,18.6,14.1
2025-09-24T10:00,34.9,115,115,20.8,15.5
2025-09-24T11:00,36.4,111,111,22.1,16.6
2025-09-24T12:00,37.1,111,112,22.9,17.0
2025-09-24T13:00,37.1,120,121,24.3,17.8
2025-09-24T14:00,37.1,120,122,22.5,15.8
2025-09-24T15:00,31.7,118,120,18.8,11.2
2025-09-24T16:00,20.5,115,117,15.9,7.1
2025-09-24T17:00,11.9,119,126,12.6,4.2
2025-09-24T18:00,5.8,115,129,11.5,3.5
2025-09-24T19:00,5.8,114,124,12.4,4.1
2025-09-24T20:00,5.8,124,144,12.3,4.2
2025-09-24T21:00,6.8,137,163,12.5,4.3
2025-09-24T22:00,7.6,142,165,13.2,5.0
2025-09-24T23:00,8.3,132,142,14.8,5.3
2025-09-25T00:00,7.9,130,142,13.7,5.0
2025-09-25T01:00,10.1,128,137,16.3,5.9
2025-09-25T02:00,9.4,134,149,15.2,5.2
2025-09-25T03:00,8.3,144,178,13.1,4.7
2025-09-25T04:00,9.4,156,211,10.2,5.9
2025-09-25T05:00,14.4,160,169,8.4,5.7
2025-09-25T06:00,23.0,142,145,13.0,9.7
2025-09-25T07:00,26.6,142,143,14.6,11.2
2025-09-25T08:00,29.2,142,144,15.9,12.2
2025-09-25T09:00,29.9,145,146,15.9,12.2
2025-09-25T10:00,31.0,144,145,16.4,12.7
2025-09-25T11:00,32.0,145,146,17.6,13.5
2025-09-25T12:00,32.0,147,148,18.1,13.8
2025-09-25T13:00,33.1,141,142,20.2,15.1
2025-09-25T14:00,32.4,137,137,18.2,13.2
2025-09-25T15:00,27.7,128,128,20.5,12.7
2025-09-25T16:00,23.8,117,117,21.1,11.3
2025-09-25T17:00,20.2,113,114,22.0,10.9
2025-09-25T18:00,19.1,110,113,19.9,8.8
2025-09-25T19:00,15.1,106,108,18.2,7.2
2025-09-25T20:00,11.9,96,92,17.7,6.7
2025-09-25T21:00,10.8,93,94,16.4,5.6
2025-09-25T22:00,9.4,100,108,16.2,5.7
2025-09-25T23:00,9.4,110,120,15.1,5.0
2025-09-26T00:00,7.6,114,129,13.8,4.6
2025-09-26T01:00,7.2,134,169,13.0,4.6
2025-09-26T02:00,6.1,151,208,9.9,3.5
2025-09-26T03:00,5.0,162,227,8.3,3.2
2025-09-26T04:00,11.9,180,225,9.5,6.4
2025-09-26T05:00,16.9,176,177,10.3,7.4
2025-09-26T06:00,24.1,153,156,14.2,10.6
2025-09-26T07:00,28.4,155,156,15.9,12.0
2025-09-26T08:00,29.9,162,163,16.5,12.6
2025-09-26T09:00,31.3,161,163,17.3,13.2
2025-09-26T10:00,33.5,159,160,19.1,14.6
2025-09-26T11:00,35.3,157,158,20.9,15.7
2025-09-26T12:00,35.3,156,157,21.9,16.3
2025-09-26T13:00,34.6,151,151,22.1,16.3
2025-09-26T14:00,34.2,144,144,20.5,14.7
2025-09-26T15:00,29.5,132,134,20.0,11.7
2025-09-26T16:00,21.6,118,119,20.9,10.3
2025-09-26T17:00,19.1,107,105,22.4,10.8
2025-09-26T18:00,18.7,109,110,21.3,9.6
2025-09-26T19:00,16.2,109,110,20.0,8.4
2025-09-26T20:00,14.4,111,113,18.8,7.3
2025-09-26T21:00,12.2,115,122,17.3,6.1
2025-09-26T22:00,11.2,128,137,18.0,6.9
2025-09-26T23:00,12.2,130,135,17.5,6.9
2025-09-27T00:00,11.2,133,147,17.4,6.2
2025-09-27T01:00,11.9,150,166,17.5,7.2
2025-09-27T02:00,11.9,163,202,13.6,4.8
2025-09-27T03:00,12.2,200,233,13.2,7.2
2025-09-27T04:00,14.8,206,234,13.8,8.0
2025-09-27T05:00,16.9,191,195,10.8,7.1
2025-09-27T06:00,31.0,150,151,20.1,14.7
2025-09-27T07:00,37.4,150,150,24.1,17.7
2025-09-27T08:00,40.0,150,150,25.2,18.6
2025-09-27T09:00,42.1,149,149,27.0,19.8
2025-09-27T10:00,43.2,148,148,27.9,20.5
2025-09-27T11:00,43.6,147,147,27.6,20.2
2025-09-27T12:00,42.5,142,142,27.2,19.9
2025-09-27T13:00,40.7,146,146,25.3,18.4
2025-09-27T14:00,38.2,147,148,25.4,17.9
2025-09-27T15:00,35.6,140,139,24.9,15.1
2025-09-27T16:00,28.1,124,120,25.8,14.6
2025-09-27T17:00,26.6,115,113,25.4,13.6
2025-09-27T18:00,24.5,117,121,20.3,9.4
2025-09-27T19:00,16.6,118,124,18.9,8.3
2025-09-27T20:00,15.1,116,119,19.6,8.6
2025-09-27T21:00,14.8,120,126,18.7,7.7
2025-09-27T22:00,14.0,121,124,19.3,8.4
2025-09-27T23:00,14.4,117,117,18.4,7.6
2025-09-28T00:00,12.6,119,123,16.3,5.6
2025-09-28T01:00,9.7,136,174,12.7,3.4
2025-09-28T02:00,4.7,158,247,6.4,2.3
2025-09-28T03:00,4.3,174,262,5.2,2.7
2025-09-28T04:00,11.9,211,262,6.3,6.2
2025-09-28T05:00,14.8,212,220,5.7,4.5
2025-09-28T06:00,20.2,146,148,10.2,7.8
2025-09-28T07:00,25.6,136,137,13.4,10.3
2025-09-28T08:00,30.6,132,133,16.7,13.0
2025-09-28T09:00,32.8,129,130,17.5,13.4
2025-09-28T10:00,32.4,121,122,16.4,12.7
2025-09-28T11:00,31.3,120,121,17.1,13.2
2025-09-28T12:00,31.7,118,119,17.4,13.4
2025-09-28T13:00,31.3,111,113,18.5,14.0
2025-09-28T14:00,31.3,108,108,18.4,13.7
2025-09-28T15:00,28.4,101,101,21.6,14.7
2025-09-28T16:00,27.4,96,96,23.5,13.4
2025-09-28T17:00,24.5,93,90,20.4,10.3
2025-09-28T18:00,18.0,88,83,17.5,7.6
2025-09-28T19:00,13.0,91,87,17.1,6.5
2025-09-28T20:00,11.5,88,82,17.1,6.5
2025-09-28T21:00,10.8,90,87,16.9,6.1
2025-09-28T22:00,10.1,95,98,15.5,5.4
2025-09-28T23:00,8.6,93,96,14.8,5.1
2025-09-29T00:00,7.9,90,90,15.7,5.4
2025-09-29T01:00,7.9,85,86,15.0,5.2
2025-09-29T02:00,7.2,88,95,13.5,4.0
2025-09-29T03:00,5.4,91,104,11.3,2.2
2025-09-29T04:00,3.6,86,295,8.5,3.0
2025-09-29T05:00,11.2,84,80,6.9,4.2
2025-09-29T06:00,17.3,94,94,7.2,5.4
2025-09-29T07:00,18.0,106,107,6.7,5.1
2025-09-29T08:00,20.5,124,128,8.0,6.4
2025-09-29T09:00,25.2,132,135,11.9,9.4
2025-09-29T10:00,31.3,135,138,16.4,12.9
2025-09-29T11:00,37.1,135,137,22.0,16.8
2025-09-29T12:00,39.6,125,126,24.2,18.0
2025-09-29T13:00,34.6,122,121,20.3,15.2
2025-09-29T14:00,33.1,117,117,21.7,15.8
2025-09-29T15:00,32.0,113,113,22.0,13.3
2025-09-29T16:00,24.8,109,109,23.2,12.2
2025-09-29T17:00,22.0,111,112,23.9,12.2
2025-09-29T18:00,22.0,113,112,21.6,9.9
2025-09-29T19:00,17.6,111,114,19.9,8.1
2025-09-29T20:00,13.7,109,111,17.9,6.2
2025-09-29T21:00,9.7,106,110,15.4,5.2
2025-09-29T22:00,6.8,108,118,14.2,4.9
2025-09-29T23:00,7.2,109,120,15.0,5.4
2025-09-30T00:00,7.9,109,119,14.7,5.2
2025-09-30T01:00,5.4,113,146,10.7,2.6
2025-09-30T02:00,3.6,132,229,6.5,1.7
2025-09-30T03:00,8.3,200,259,5.2,4.6
2025-09-30T04:00,13.3,246,273,6.3,7.0
2025-09-30T05:00,13.3,246,257,4.3,3.3
2025-09-30T06:00,13.7,121,122,5.9,4.4
2025-09-30T07:00,20.5,132,134,10.8,8.3
2025-09-30T08:00,24.8,134,134,12.9,9.9
2025-09-30T09:00,28.1,131,131,15.3,11.7
2025-09-30T10:00,30.6,123,123,17.2,13.0
2025-09-30T11:00,33.8,128,130,20.0,15.2
2025-09-30T12:00,37.1,127,129,23.0,17.1
2025-09-30T13:00,37.4,124,124,22.5,16.6
2025-09-30T14:00,35.3,125,127,21.2,15.3
2025-09-30T15:00,31.3,123,124,19.0,12.6
2025-09-30T16:00,23.8,124,132,14.3,6.5
2025-09-30T17:00,11.2,137,156,13.8,6.1
2025-09-30T18:00,10.4,133,148,14.8,6.1
2025-09-30T19:00,11.2,127,137,16.3,6.6
2025-09-30T20:00,11.9,127,137,16.6,6.9
2025-09-30T21:00,11.9,126,133,16.4,6.6
2025-09-30T22:00,11.2,120,125,15.7,5.7
2025-09-30T23:00,9.4,122,130,13.4,4.5
2025-10-01T00:00,6.1,124,124,16.0,6.1
2025-10-01T01:00,9.7,121,126,15.7,5.5
2025-10-01T02:00,8.3,126,147,12.9,3.6
2025-10-01T03:00,5.0,137,234,7.1,1.5
2025-10-01T04:00,8.6,162,259,4.7,3.7
2025-10-01T05:00,11.5,156,177,4.9,3.1
2025-10-01T06:00,26.6,113,115,15.8,11.7
2025-10-01T07:00,29.2,120,122,16.5,12.5
2025-10-01T08:00,31.7,131,132,17.6,13.4
2025-10-01T09:00,33.1,132,133,18.4,14.0
2025-10-01T10:00,33.5,135,137,18.6,14.1
2025-10-01T11:00,34.2,135,136,19.7,14.9
2025-10-01T12:00,35.3,143,145,20.2,15.4
2025-10-01T13:00,34.2,142,144,20.1,15.2
2025-10-01T14:00,32.8,141,143,18.6,13.8
2025-10-01T15:00,28.4,135,139,16.4,10.5
2025-10-01T16:00,19.1,138,148,13.5,6.1
2025-10-01T17:00,10.4,138,142,13.6,5.9
2025-10-01T18:00,9.7,123,122,12.5,4.7
2025-10-01T19:00,6.5,136,153,11.3,4.0
2025-10-01T20:00,5.8,135,149,11.2,3.8
2025-10-01T21:00,5.8,138,155,11.9,4.2
2025-10-01T22:00,6.5,141,159,12.7,4.6
2025-10-01T23:00,7.6,144,162,13.4,4.7
2025-10-02T00:00,7.6,150,163,17.3,6.6
2025-10-02T01:00,11.5,154,175,16.0,5.8
2025-10-02T02:00,9.4,171,214,12.6,4.5
2025-10-02T03:00,7.9,183,236,10.5,4.5
2025-10-02T04:00,13.3,204,244,9.7,6.6
2025-10-02T05:00,15.8,195,195,7.1,4.8
2025-10-02T06:00,23.8,161,163,10.5,7.9
2025-10-02T07:00,28.8,154,156,16.7,13.0
2025-10-02T08:00,33.5,182,183,13.0,9.6
2025-10-02T09:00,32.4,145,145,18.4,13.4
2025-10-02T10:00,37.4,144,145,23.0,17.4
2025-10-02T11:00,38.2,131,131,16.2,11.7
2025-10-02T12:00,33.5,143,143,20.8,14.8
2025-10-02T13:00,31.7,142,141,18.8,13.8
2025-10-02T14:00,29.9,139,138,18.7,13.3
2025-10-02T15:00,26.6,139,140,19.4,12.9
2025-10-02T16:00,24.5,137,140,18.6,9.2
2025-10-02T17:00,16.6,145,152,16.8,7.6
2025-10-02T18:00,13.3,136,139,16.0,7.1
2025-10-02T19:00,12.2,142,150,17.7,7.3
2025-10-02T20:00,12.2,135,143,15.1,4.8
2025-10-02T21:00,7.2,132,144,13.1,4.2
2025-10-02T22:00,7.9,142,160,14.1,5.2
2025-10-02T23:00,10.8,142,149,16.4,6.7
2025-10-03T00:00,11.9,147,172,14.3,4.9
2025-10-03T01:00,9.0,148,171,14.4,5.7
2025-10-03T02:00,10.4,148,167,15.3,5.7
2025-10-03T03:00,9.4,152,190,12.0,4.2
2025-10-03T04:00,10.8,162,213,10.2,5.3
2025-10-03T05:00,17.3,160,161,12.1,8.4
2025-10-03T06:00,29.2,147,148,18.3,13.4
2025-10-03T07:00,34.2,144,144,20.9,15.5
2025-10-03T08:00,37.4,144,144,22.7,16.9
2025-10-03T09:00,39.2,144,144,24.1,17.9
2025-10-03T10:00,42.1,143,144,26.1,19.3
2025-10-03T11:00,43.2,139,140,27.3,19.9
2025-10-03T12:00,42.5,141,142,26.8,19.5
2025-10-03T13:00,41.0,142,142,27.9,20.0
2025-10-03T14:00,41.0,139,139,28.7,20.0
2025-10-03T15:00,39.6,137,138,26.4,16.8
2025-10-03T16:00,31.0,128,126,21.3,11.8
2025-10-03T17:00,21.2,113,111,18.6,8.9
2025-10-03T18:00,16.9,118,119,20.8,10.3
2025-10-03T19:00,18.0,113,117,19.0,8.7
2025-10-03T20:00,14.8,120,129,18.3,7.4
2025-10-03T21:00,13.0,124,135,18.3,7.4
2025-10-03T22:00,12.2,130,140,17.6,7.0
2025-10-03T23:00,11.5,133,146,17.2,6.7
2025-10-04T00:00,11.2,155,170,17.9,7.5
2025-10-04T01:00,12.6,160,174,17.4,7.1
2025-10-04T02:00,11.9,154,166,15.9,5.9
2025-10-04T03:00,10.4,168,193,15.1,6.3
2025-10-04T04:00,13.7,176,202,14.3,7.4
2025-10-04T05:00,19.4,172,175,13.4,9.4
2025-10-04T06:00,31.7,171,173,21.3,14.9
2025-10-04T07:00,33.5,159,161,21.4,15.7
2025-10-04T08:00,38.2,158,158,23.7,17.6
2025-10-04T09:00,42.5,157,158,27.5,20.2
2025-10-04T10:00,42.8,153,154,27.7,20.0
2025-10-04T11:00,41.4,144,146,27.1,19.5
2025-10-04T12:00,41.8,147,147,25.8,18.9
2025-10-04T13:00,40.0,140,139,23.9,17.4
2025-10-04T14:00,36.0,136,137,21.4,15.0
2025-10-04T15:00,29.9,125,126,17.2,9.1
2025-10-04T16:00,16.2,113,109,16.6,6.5
2025-10-04T17:00,11.9,117,115,18.4,7.3
2025-10-04T18:00,14.0,112,108,19.1,7.7
2025-10-04T19:00,14.0,117,116,20.0,8.2
2025-10-04T20:00,13.7,124,130,15.7,5.4
2025-10-04T21:00,10.4,147,163,17.0,6.6
2025-10-04T22:00,16.6,152,157,22.1,10.2
2025-10-04T23:00,17.3,154,159,21.4,9.2
2025-10-05T00:00,15.5,150,160,20.6,8.4
2025-10-05T01:00,14.0,150,165,19.8,7.5
2025-10-05T02:00,12.6,153,172,17.3,6.4
2025-10-05T03:00,10.4,149,162,17.2,5.9
2025-10-05T04:00,14.4,150,162,17.2,8.5
2025-10-05T05:00,26.3,156,159,20.1,13.9
2025-10-05T06:00,38.5,154,154,19.9,14.2
2025-10-05T07:00,39.6,151,152,25.6,18.9
2025-10-05T08:00,40.3,158,159,24.5,17.8
2025-10-05T09:00,43.2,156,156,27.8,20.5
2025-10-05T10:00,46.8,160,160,30.5,22.4
2025-10-05T11:00,46.8,158,157,30.6,22.3
2025-10-05T12:00,46.4,156,156,29.9,21.4
2025-10-05T13:00,43.2,144,143,25.5,18.4
2025-10-05T14:00,38.2,133,133,26.9,19.0
2025-10-05T15:00,38.9,132,133,25.9,16.9
2025-10-05T16:00,30.6,131,132,25.3,14.3
2025-10-05T17:00,26.3,132,132,24.1,13.1
2025-10-05T18:00,23.8,139,140,23.4,12.7
2025-10-05T19:00,24.8,136,138,24.8,13.8
2025-10-05T20:00,25.2,135,137,24.4,13.2
2025-10-05T21:00,24.1,131,134,24.0,13.0
2025-10-05T22:00,23.8,133,134,23.4,12.3
2025-10-05T23:00,22.3,134,138,21.9,11.1
2025-10-06T00:00,19.4,125,128,21.5,10.5
2025-10-06T01:00,18.4,122,124,18.3,7.6
2025-10-06T02:00,13.0,123,130,16.1,5.9
2025-10-06T03:00,10.8,130,146,16.2,6.5
2025-10-06T04:00,17.3,129,136,18.4,10.8
2025-10-06T05:00,27.0,127,128,18.0,13.0
2025-10-06T06:00,31.0,128,128,18.3,13.7
2025-10-06T07:00,33.1,129,129,19.6,14.7
2025-10-06T08:00,35.3,133,133,20.8,15.5
2025-10-06T09:00,35.6,131,131,20.8,15.7
2025-10-06T10:00,36.4,132,131,21.4,16.1
2025-10-06T11:00,37.1,135,135,22.3,16.7
2025-10-06T12:00,38.2,135,136,24.1,17.7
2025-10-06T13:00,40.3,136,136,27.9,20.1
2025-10-06T14:00,40.0,134,134,27.1,18.8
2025-10-06T15:00,39.6,131,131,28.7,18.9
2025-10-06T16:00,34.9,131,132,24.0,13.9
2025-10-06T17:00,25.9,128,130,23.6,13.3
2025-10-06T18:00,24.1,124,126,17.9,9.4
2025-10-06T19:00,18.4,118,121,19.3,10.3
2025-10-06T20:00,18.0,129,134,19.1,10.1
2025-10-06T21:00,17.3,114,115,18.9,9.7
2025-10-06T22:00,16.6,136,158,12.2,5.8
2025-10-06T23:00,14.8,162,190,14.4,8.0
2025-10-07T00:00,15.8,154,171,16.6,8.4
2025-10-07T01:00,15.8,150,159,14.8,7.9
2025-10-07T02:00,14.4,158,170,13.8,7.5
2025-10-07T03:00,13.3,151,163,14.6,6.8
2025-10-07T04:00,15.5,142,149,14.1,7.7
2025-10-07T05:00,26.3,145,145,16.8,11.9
2025-10-07T06:00,27.0,118,119,12.2,9.3
2025-10-07T07:00,31.0,125,126,16.9,13.1
2025-10-07T08:00,32.0,128,128,17.8,13.3
2025-10-07T09:00,32.8,134,135,18.1,13.7
2025-10-07T10:00,32.0,119,123,11.9,9.0
2025-10-07T11:00,31.0,105,105,17.6,13.6
2025-10-07T12:00,31.0,125,129,13.7,10.1
2025-10-07T13:00,27.0,126,129,15.4,11.6
2025-10-07T14:00,27.7,121,123,17.9,13.1
2025-10-07T15:00,26.6,127,127,16.2,10.2
2025-10-07T16:00,18.7,123,123,15.6,8.3
2025-10-07T17:00,15.1,128,132,16.7,8.4
2025-10-07T18:00,15.5,121,126,18.3,9.1
2025-10-07T19:00,16.2,120,125,19.3,9.2
2025-10-07T20:00,15.8,123,132,16.8,6.5
2025-10-07T21:00,10.8,124,135,14.9,5.1
2025-10-07T22:00,7.9,128,146,14.0,4.8
2025-10-07T23:00,8.3,136,157,14.0,5.1
2025-10-08T00:00,9.4,120,132,15.7,7.0
2025-10-08T01:00,15.5,129,162,10.0,2.8
2025-10-08T02:00,12.2,150,167,14.6,7.2
2025-10-08T03:00,12.6,151,178,12.6,5.2
2025-10-08T04:00,12.6,172,217,10.5,6.3
2025-10-08T05:00,20.5,186,201,9.2,6.6
2025-10-08T06:00,27.7,145,150,13.4,10.2
2025-10-08T07:00,31.0,158,157,22.1,15.0
2025-10-08T08:00,33.1,144,144,17.3,13.1
2025-10-08T09:00,32.8,133,136,15.3,11.8
2025-10-08T10:00,32.0,131,131,18.0,13.8
2025-10-08T11:00,36.7,134,136,22.1,15.9
2025-10-08T12:00,34.9,128,129,16.2,12.0
2025-10-08T13:00,31.7,126,126,21.0,15.6
2025-10-08T14:00,31.7,127,128,21.9,15.4
2025-10-08T15:00,29.9,132,132,19.0,11.9
2025-10-08T16:00,22.0,139,142,17.6,9.1
2025-10-08T17:00,16.2,145,151,18.4,9.0
2025-10-08T18:00,19.8,148,155,20.9,11.1
2025-10-08T19:00,20.5,144,149,21.5,11.3
2025-10-08T20:00,20.2,135,138,21.4,10.8
2025-10-08T21:00,19.4,146,155,19.4,9.5
2025-10-08T22:00,16.9,162,183,16.7,7.9
2025-10-08T23:00,13.7,160,185,15.0,6.5
2025-10-09T00:00,12.6,152,173,16.5,7.8
2025-10-09T01:00,13.0,162,193,14.7,7.2
2025-10-09T02:00,15.1,157,168,18.6,8.8
2025-10-09T03:00,17.3,129,132,17.4,8.5
2025-10-09T04:00,15.8,133,137,16.4,9.2
2025-10-09T05:00,24.5,137,136,12.1,8.8
2025-10-09T06:00,25.6,148,152,13.6,10.0
2025-10-09T07:00,34.6,131,134,18.5,13.7
2025-10-09T08:00,36.0,127,127,19.9,14.8
2025-10-09T09:00,33.8,133,134,18.5,14.0
2025-10-09T10:00,38.2,128,129,21.2,15.9
2025-10-09T11:00,37.8,126,125,21.9,16.3
2025-10-09T12:00,37.8,126,127,25.7,18.6
2025-10-09T13:00,39.6,126,127,25.4,18.3
2025-10-09T14:00,37.4,127,128,24.2,17.1
2025-10-09T15:00,33.5,130,130,22.7,13.7
2025-10-09T16:00,24.8,133,135,20.8,11.2
2025-10-09T17:00,19.8,132,135,18.4,8.7
2025-10-09T18:00,15.5,131,134,18.1,8.0
2025-10-09T19:00,14.0,135,140,17.9,8.0
2025-10-09T20:00,13.7,140,153,15.8,6.0
2025-10-09T21:00,11.5,136,147,16.8,6.9
2025-10-09T22:00,12.2,133,144,17.6,7.3
2025-10-09T23:00,12.2,135,149,16.4,6.3
2025-10-10T00:00,10.4,134,152,14.1,4.9
2025-10-10T01:00,7.6,137,164,12.7,4.5
2025-10-10T02:00,7.2,138,163,13.6,4.9
2025-10-10T03:00,7.6,138,171,12.9,4.6
2025-10-10T04:00,11.5,141,193,11.5,5.5
2025-10-10T05:00,19.4,136,140,12.7,9.2
2025-10-10T06:00,24.8,127,129,11.4,8.6
2025-10-10T07:00,23.8,128,129,12.3,9.5
2025-10-10T08:00,28.4,125,125,15.8,12.1
2025-10-10T09:00,31.7,125,126,18.2,13.8
2025-10-10T10:00,34.2,125,126,19.9,15.1
2025-10-10T11:00,36.0,126,127,21.8,16.2
2025-10-10T12:00,36.4,132,133,21.0,15.2
2025-10-10T13:00,32.4,129,129,19.8,14.5
2025-10-10T14:00,30.6,124,125,19.8,14.2
2025-10-10T15:00,28.4,122,123,17.6,10.1
2025-10-10T16:00,18.4,125,129,17.5,8.3
2025-10-10T17:00,14.4,126,130,17.5,7.5
2025-10-10T18:00,14.0,122,122,18.6,8.1
2025-10-10T19:00,13.7,118,120,18.7,7.7
2025-10-10T20:00,13.0,114,116,17.2,6.2
2025-10-10T21:00,10.1,110,111,14.6,5.0
2025-10-10T22:00,6.8,113,119,12.3,3.7
2025-10-10T23:00,5.0,121,158,9.7,1.9
2025-10-11T00:00,2.9,110,132,10.5,2.2
2025-10-11T01:00,3.2,102,114,10.5,1.8
2025-10-11T02:00,2.9,106,131,10.1,1.7
2025-10-11T03:00,2.5,113,180,8.6,1.4
2025-10-11T04:00,7.6,131,232,6.0,3.0
2025-10-11T05:00,14.0,133,138,7.4,5.4
2025-10-11T06:00,20.5,91,94,7.4,5.6
2025-10-11T07:00,20.5,93,95,10.3,7.8
2025-10-11T08:00,23.4,91,92,11.7,9.0
2025-10-11T09:00,25.6,88,88,13.1,10.1
2025-10-11T10:00,27.4,89,90,14.0,10.8
2025-10-11T11:00,28.1,93,94,15.3,11.6
2025-10-11T12:00,30.6,98,99,17.8,13.3
2025-10-11T13:00,30.2,101,102,18.5,13.8
2025-10-11T14:00,29.9,99,99,18.0,13.1
2025-10-11T15:00,27.4,99,98,16.9,10.2
2025-10-11T16:00,18.7,98,99,15.8,7.7
2025-10-11T17:00,13.0,98,100,14.2,4.9
2025-10-11T18:00,8.3,103,116,14.8,5.0
2025-10-11T19:00,8.3,106,119,13.5,4.5
2025-10-11T20:00,6.1,105,123,11.7,3.6
2025-10-11T21:00,5.0,106,126,11.1,3.3
2025-10-11T22:00,6.1,118,144,12.0,4.2
2025-10-11T23:00,6.5,114,135,12.0,4.1
2025-10-12T00:00,5.8,105,113,14.5,5.1
2025-10-12T01:00,7.9,101,104,14.9,5.2
2025-10-12T02:00,7.6,98,95,12.5,3.8
2025-10-12T03:00,5.0,106,120,10.9,2.5
2025-10-12T04:00,9.7,120,165,9.6,4.8
2025-10-12T05:00,16.2,119,124,10.1,7.1
2025-10-12T06:00,21.2,110,113,11.3,8.4
2025-10-12T07:00,23.0,110,113,11.3,8.8
2025-10-12T08:00,25.6,114,116,12.8,9.8
2025-10-12T09:00,26.6,112,115,13.2,10.3
2025-10-12T10:00,28.1,113,115,14.9,11.4
2025-10-12T11:00,31.7,107,107,18.2,13.8
2025-10-12T12:00,31.7,108,109,21.6,16.2
2025-10-12T13:00,34.9,107,108,20.3,15.1
2025-10-12T14:00,32.4,106,107,20.4,14.9
2025-10-12T15:00,29.9,107,108,18.1,10.8
2025-10-12T16:00,19.8,107,108,16.9,8.0
2025-10-12T17:00,13.7,107,110,15.0,5.4
2025-10-12T18:00,8.6,107,111,17.5,7.0
2025-10-12T19:00,11.5,107,111,16.3,6.0
2025-10-12T20:00,9.7,106,110,16.3,5.9
2025-10-12T21:00,10.4,110,117,16.5,6.3
2025-10-12T22:00,10.4,114,123,15.6,6.0
2025-10-12T23:00,9.7,116,129,13.4,4.6
2025-10-13T00:00,7.9,122,156,12.1,4.3
2025-10-13T01:00,6.8,116,153,11.0,3.6
2025-10-13T02:00,5.0,118,158,10.4,2.9
2025-10-13T03:00,4.0,126,184,9.1,2.9
2025-10-13T04:00,12.6,146,180,11.3,6.5
2025-10-13T05:00,17.6,141,147,7.7,5.3
2025-10-13T06:00,24.8,123,124,11.3,8.3
2025-10-13T07:00,25.2,117,119,13.8,10.5
2025-10-13T08:00,27.4,116,116,15.2,11.6
2025-10-13T09:00,28.1,116,115,15.8,11.9
2025-10-13T10:00,29.9,115,117,17.1,12.9
2025-10-13T11:00,30.6,114,114,17.5,13.2
2025-10-13T12:00,32.4,111,112,20.4,15.1
2025-10-13T13:00,34.2,111,112,21.9,16.1
2025-10-13T14:00,33.8,109,109,21.5,15.4
2025-10-13T15:00,31.0,108,109,17.6,11.6
2025-10-13T16:00,20.9,116,121,13.4,5.9
2025-10-13T17:00,10.1,115,120,13.9,5.0
2025-10-13T18:00,10.8,109,108,19.2,9.1
2025-10-13T19:00,15.5,110,114,19.0,8.7
2025-10-13T20:00,15.1,113,118,19.1,8.4
2025-10-13T21:00,15.1,113,118,19.9,8.8
2025-10-13T22:00,14.8,116,123,19.2,7.9
2025-10-13T23:00,14.8,119,127,19.8,8.7
2025-10-14T00:00,14.8,115,129,16.0,5.8
2025-10-14T01:00,9.0,106,114,15.4,5.3
2025-10-14T02:00,9.7,125,164,12.9,4.5
2025-10-14T03:00,7.6,107,124,13.2,4.1
2025-10-14T04:00,11.5,102,95,12.5,5.8
2025-10-14T05:00,17.6,110,114,8.3,5.7
2025-10-14T06:00,24.5,128,135,9.6,7.4
2025-10-14T07:00,24.5,133,134,12.7,9.9
2025-10-14T08:00,21.6,77,74,9.0,6.7
2025-10-14T09:00,24.5,93,91,11.0,8.3
2025-10-14T10:00,24.5,100,102,11.9,9.0
2025-10-14T11:00,27.0,105,107,14.5,11.3
2025-10-14T12:00,31.0,100,101,17.0,13.0
2025-10-14T13:00,29.5,104,104,16.5,12.4
2025-10-14T14:00,27.7,110,111,16.9,12.5
2025-10-14T15:00,26.3,120,122,16.6,10.2
2025-10-14T16:00,18.7,124,128,17.8,9.1
2025-10-14T17:00,16.2,116,118,18.0,8.5
2025-10-14T18:00,14.8,111,115,18.9,8.5
2025-10-14T19:00,14.4,121,131,17.9,7.4
2025-10-14T20:00,12.2,127,141,17.0,6.3
2025-10-14T21:00,10.4,127,137,16.7,6.1
2025-10-14T22:00,10.1,128,137,16.4,5.9
2025-10-14T23:00,9.4,130,137,16.1,5.9
2025-10-15T00:00,10.1,131,138,17.2,6.5
2025-10-15T01:00,11.2,132,139,17.1,6.6
2025-10-15T02:00,10.8,134,142,15.9,5.5
2025-10-15T03:00,9.0,129,138,15.0,5.1
2025-10-15T04:00,13.3,130,148,14.3,7.0
2025-10-15T05:00,22.3,126,128,14.3,10.5
2025-10-15T06:00,27.0,127,128,13.0,10.0
2025-10-15T07:00,25.6,123,124,11.2,8.4
2025-10-15T08:00,25.6,128,130,11.4,8.9
2025-10-15T09:00,31.3,123,122,18.2,14.0
2025-10-15T10:00,32.8,118,119,18.9,14.2
2025-10-15T11:00,33.1,119,120,18.0,13.5
2025-10-15T12:00,34.2,116,117,22.1,16.5
2025-10-15T13:00,35.6,116,117,22.3,16.4
2025-10-15T14:00,34.6,111,112,20.5,14.6
2025-10-15T15:00,29.5,107,109,17.9,10.5
2025-10-15T16:00,19.1,107,110,16.3,7.5
2025-10-15T17:00,13.0,106,113,16.1,6.5
2025-10-15T18:00,12.2,104,107,18.3,8.5
2025-10-15T19:00,14.4,100,101,17.2,7.3
2025-10-15T20:00,12.6,102,104,16.2,5.9
2025-10-15T21:00,9.7,100,104,15.4,5.4
2025-10-15T22:00,8.6,101,103,14.5,4.8
2025-10-15T23:00,7.2,96,96,14.7,5.1
2025-10-16T00:00,9.4,85,80,15.4,5.1
2025-10-16T01:00,7.9,89,90,13.9,4.7
2025-10-16T02:00,6.5,92,95,13.0,4.0
2025-10-16T03:00,5.4,91,86,11.5,2.9
2025-10-16T04:00,10.1,90,58,10.4,4.4
2025-10-16T05:00,17.3,111,113,9.6,6.9
2025-10-16T06:00,20.5,87,87,13.9,10.5
2025-10-16T07:00,24.5,81,80,12.2,9.3
2025-10-16T08:00,24.1,86,86,11.2,8.5
2025-10-16T09:00,24.1,83,80,11.3,8.6
2025-10-16T10:00,25.6,84,84,12.5,9.6
2025-10-16T11:00,27.7,91,92,14.6,11.2
2025-10-16T12:00,29.9,93,93,17.5,13.2
2025-10-16T13:00,31.3,94,94,19.1,14.3
2025-10-16T14:00,30.6,90,91,17.5,12.8
2025-10-16T15:00,26.6,95,96,19.0,11.6
2025-10-16T16:00,21.6,95,96,16.4,8.0
2025-10-16T17:00,14.0,98,104,13.5,4.5
2025-10-16T18:00,7.2,103,111,15.3,5.4
2025-10-16T19:00,9.7,104,106,15.2,5.2
2025-10-16T20:00,8.3,103,103,13.7,4.6
2025-10-16T21:00,6.5,97,92,13.6,4.7
2025-10-16T22:00,6.8,98,97,13.6,4.5
2025-10-16T23:00,6.5,106,110,13.7,4.8
2025-10-17T00:00,6.5,119,149,12.7,4.2
2025-10-17T01:00,5.4,112,126,11.5,3.1
2025-10-17T02:00,4.0,110,131,9.8,1.9
2025-10-17T03:00,2.9,116,191,7.4,0.9
2025-10-17T04:00,6.5,115,270,6.0,1.4
2025-10-17T05:00,14.8,107,107,8.7,6.0
2025-10-17T06:00,23.0,108,109,12.3,9.3
2025-10-17T07:00,26.6,113,115,13.1,9.9
2025-10-17T08:00,27.7,115,116,14.3,11.0
2025-10-17T09:00,28.8,120,121,15.2,11.5
2025-10-17T10:00,30.6,121,122,16.8,12.7
2025-10-17T11:00,32.8,121,123,18.7,14.2
2025-10-17T12:00,34.6,120,121,20.8,15.5
2025-10-17T13:00,34.9,119,119,22.2,16.3
2025-10-17T14:00,34.6,120,121,21.5,15.3
2025-10-17T15:00,31.0,122,123,20.6,12.7
2025-10-17T16:00,23.4,121,122,19.4,10.2
2025-10-17T17:00,18.0,119,121,18.4,8.6
2025-10-17T18:00,15.1,121,126,18.2,7.7
2025-10-17T19:00,13.3,126,136,16.6,6.2
2025-10-17T20:00,10.4,126,140,16.1,5.9
2025-10-17T21:00,9.7,131,146,15.1,5.2
2025-10-17T22:00,8.3,138,168,12.8,4.4
2025-10-17T23:00,6.5,147,185,12.0,4.2
2025-10-18T00:00,7.2,151,212,9.0,3.4
2025-10-18T01:00,5.8,153,207,9.3,3.6
2025-10-18T02:00,5.4,150,205,9.4,3.4
2025-10-18T03:00,6.5,152,198,10.8,4.2
2025-10-18T04:00,12.2,163,221,10.1,5.5
2025-10-18T05:00,19.4,159,167,10.4,7.4
2025-10-18T06:00,26.3,140,144,12.7,9.5
2025-10-18T07:00,27.4,139,141,14.9,11.3
2025-10-18T08:00,32.0,142,142,17.9,13.7
2025-10-18T09:00,35.6,141,142,20.5,15.6
2025-10-18T10:00,36.4,138,139,20.9,16.0
2025-10-18T11:00,37.1,137,138,21.9,16.7
2025-10-18T12:00,37.1,135,136,22.0,16.5
2025-10-18T13:00,36.4,131,132,21.6,15.9
2025-10-18T14:00,34.2,130,131,20.4,14.9
2025-10-18T15:00,30.2,129,130,17.8,10.7
2025-10-18T16:00,19.4,126,129,18.5,9.2
2025-10-18T17:00,15.8,126,130,17.3,7.0
2025-10-18T18:00,11.9,125,133,17.7,7.1
2025-10-18T19:00,12.2,132,143,16.3,6.3
2025-10-18T20:00,10.4,130,143,15.3,5.4
2025-10-18T21:00,9.0,124,132,15.7,5.6
2025-10-18T22:00,9.0,125,136,15.4,5.5
2025-10-18T23:00,8.6,138,159,14.5,5.4
2025-10-19T00:00,9.4,128,134,15.1,5.5
2025-10-19T01:00,9.4,114,107,15.6,5.6
2025-10-19T02:00,8.6,121,124,13.4,4.1
2025-10-19T03:00,5.4,131,175,10.5,2.2
2025-10-19T04:00,7.9,131,249,7.7,2.5
2025-10-19T05:00,16.6,136,139,10.2,7.1
2025-10-19T06:00,24.1,138,140,11.5,8.7
2025-10-19T07:00,24.5,138,140,12.1,9.4
2025-10-19T08:00,28.1,134,135,14.3,10.9
2025-10-19T09:00,28.4,131,133,14.3,11.1
2025-10-19T10:00,31.3,129,131,17.0,13.0
2025-10-19T11:00,33.1,129,130,18.3,13.9
2025-10-19T12:00,32.8,135,136,20.1,15.3
2025-10-19T13:00,34.6,128,129,21.1,15.9
2025-10-19T14:00,33.8,123,124,18.5,13.6
2025-10-19T15:00,28.1,122,124,14.9,9.1
2025-10-19T16:00,16.6,106,107,15.3,7.5
2025-10-19T17:00,13.0,98,96,15.8,6.9
2025-10-19T18:00,12.2,89,85,18.7,8.5
2025-10-19T19:00,14.4,90,87,18.0,7.6
2025-10-19T20:00,12.6,91,92,17.1,6.7
2025-10-19T21:00,10.8,91,92,13.9,4.7
2025-10-19T22:00,6.1,96,98,12.3,4.0
2025-10-19T23:00,5.4,96,94,11.2,2.9
2025-10-20T00:00,4.0,95,99,11.6,3.3
2025-10-20T01:00,5.8,86,71,12.6,4.4
2025-10-20T02:00,6.1,79,40,10.8,2.8
2025-10-20T03:00,3.6,64,323,7.0,1.8
2025-10-20T04:00,9.4,27,299,5.1,3.7
2025-10-20T05:00,13.0,47,45,6.1,4.3
2025-10-20T06:00,18.4,65,66,8.0,6.1
2025-10-20T07:00,19.1,82,83,7.6,5.6
2025-10-20T08:00,21.2,100,102,9.0,6.8
2025-10-20T09:00,24.5,115,116,11.1,8.6
2025-10-20T10:00,27.0,124,126,13.1,10.2
2025-10-20T11:00,30.2,126,127,16.1,12.5
2025-10-20T12:00,32.4,130,131,15.8,12.2
2025-10-20T13:00,33.5,128,129,20.1,15.3
2025-10-20T14:00,33.5,129,130,18.4,13.6
2025-10-20T15:00,28.1,116,117,17.5,10.3
2025-10-20T16:00,19.1,105,106,16.9,7.7
2025-10-20T17:00,13.3,106,111,14.6,5.0
2025-10-20T18:00,9.0,111,117,16.9,6.8
2025-10-20T19:00,11.5,114,122,16.9,7.0
2025-10-20T20:00,11.5,114,122,16.2,6.1
2025-10-20T21:00,10.1,113,123,14.5,4.9
2025-10-20T22:00,7.6,113,124,11.7,3.2
2025-10-20T23:00,4.3,107,103,10.9,2.4
2025-10-21T00:00,3.2,76,47,11.5,3.4
2025-10-21T01:00,4.3,76,7,8.7,1.5
2025-10-21T02:00,2.2,93,270,6.7,0.5
2025-10-21T03:00,1.4,107,236,6.0,0.6
2025-10-21T04:00,7.2,120,252,5.4,1.7
2025-10-21T05:00,14.8,125,128,8.4,5.9
2025-10-21T06:00,21.2,132,135,10.6,8.1
2025-10-21T07:00,30.6,141,144,12.4,9.8
2025-10-21T08:00,33.1,143,145,17.0,13.0
2025-10-21T09:00,36.0,145,146,20.8,15.8
2025-10-21T10:00,40.3,144,145,22.3,16.8
2025-10-21T11:00,38.2,143,144,22.2,17.0
2025-10-21T12:00,38.5,141,141,23.3,17.3
2025-10-21T13:00,37.8,134,135,22.4,16.4
2025-10-21T14:00,35.3,132,133,21.4,15.4
2025-10-21T15:00,32.0,129,129,21.1,13.9
2025-10-21T16:00,25.9,117,114,19.2,10.9
2025-10-21T17:00,19.8,124,123,16.9,8.2
2025-10-21T18:00,14.4,118,119,18.8,9.0
2025-10-21T19:00,15.8,115,113,16.8,7.3
2025-10-21T20:00,12.2,118,123,15.1,5.6
2025-10-21T21:00,9.0,115,121,14.3,4.8
2025-10-21T22:00,7.6,110,111,13.4,4.6
2025-10-21T23:00,6.5,111,115,12.4,4.2
2025-10-22T00:00,6.8,114,120,13.9,5.0
2025-10-22T01:00,7.6,118,130,13.7,4.7
2025-10-22T02:00,7.6,133,157,13.0,4.5
2025-10-22T03:00,7.6,143,169,12.6,4.6
2025-10-22T04:00,13.0,148,178,13.4,6.3
2025-10-22T05:00,25.2,149,152,17.3,12.4
2025-10-22T06:00,29.9,156,159,15.3,11.6
2025-10-22T07:00,33.8,152,153,20.1,15.1
2025-10-22T08:00,36.4,148,149,21.6,16.4
2025-10-22T09:00,38.9,150,151,24.0,18.0
2025-10-22T10:00,38.9,156,157,23.2,17.2
2025-10-22T11:00,39.6,150,150,24.3,18.2
2025-10-22T12:00,40.7,144,144,22.9,17.0
2025-10-22T13:00,36.7,142,142,21.5,15.9
2025-10-22T14:00,34.2,138,139,20.0,14.4
2025-10-22T15:00,29.9,129,129,20.2,13.2
2025-10-22T16:00,24.5,123,122,20.8,11.6
2025-10-22T17:00,21.2,122,121,20.1,10.5
2025-10-22T18:00,19.1,109,110,19.1,9.6
2025-10-22T19:00,16.9,112,113,17.4,8.0
2025-10-22T20:00,14.0,113,113,16.6,6.9
2025-10-22T21:00,11.9,114,116,16.1,6.2
2025-10-22T22:00,12.6,121,124,17.3,7.6
2025-10-22T23:00,13.0,122,128,15.8,6.2
2025-10-23T00:00,10.4,135,146,16.7,6.5
2025-10-23T01:00,13.0,139,146,17.6,7.4
2025-10-23T02:00,12.2,141,151,16.5,6.4
2025-10-23T03:00,13.0,144,152,17.9,7.7
2025-10-23T04:00,23.4,150,153,21.0,13.4
2025-10-23T05:00,29.9,145,145,20.8,14.7
2025-10-23T06:00,34.2,153,154,21.4,15.5
2025-10-23T07:00,34.9,151,152,21.4,15.9
2025-10-23T08:00,37.4,148,149,22.2,16.5
2025-10-23T09:00,37.4,146,147,21.2,16.0
2025-10-23T10:00,37.4,144,146,22.2,16.7
2025-10-23T11:00,38.9,140,142,24.0,18.0
2025-10-23T12:00,41.8,142,144,26.6,19.4
2025-10-23T13:00,41.0,137,137,26.4,19.1
2025-10-23T14:00,39.2,139,139,26.0,18.4
2025-10-23T15:00,36.4,136,135,25.2,16.5
2025-10-23T16:00,30.6,139,139,24.0,13.9
2025-10-23T17:00,25.2,139,140,20.7,10.7
2025-10-23T18:00,19.4,124,122,20.1,9.9
2025-10-23T19:00,17.3,114,114,19.6,8.9
2025-10-23T20:00,15.1,126,137,17.3,6.4
2025-10-23T21:00,10.8,126,135,17.9,6.6
2025-10-23T22:00,12.2,124,126,18.0,7.1
2025-10-23T23:00,12.2,126,129,16.5,6.3
2025-10-24T00:00,10.1,130,141,14.1,4.9
2025-10-24T01:00,6.5,134,152,13.5,4.7
2025-10-24T02:00,6.5,146,207,9.3,2.8
2025-10-24T03:00,4.7,162,223,8.7,3.2
2025-10-24T04:00,9.7,168,257,7.0,3.3
2025-10-24T05:00,14.4,147,151,8.3,6.0
2025-10-24T06:00,26.6,137,140,12.7,9.6
2025-10-24T07:00,28.1,144,145,15.4,11.9
2025-10-24T08:00,32.4,145,147,17.7,13.7
2025-10-24T09:00,33.8,143,144,18.8,14.3
2025-10-24T10:00,36.7,139,140,20.9,16.0
2025-10-24T11:00,37.8,135,136,22.5,17.1
2025-10-24T12:00,38.2,144,145,21.4,16.1
2025-10-24T13:00,36.0,136,137,21.4,15.9
2025-10-24T14:00,34.6,131,132,20.9,15.2
2025-10-24T15:00,31.3,127,128,19.9,13.1
2025-10-24T16:00,24.1,122,125,17.4,9.2
2025-10-24T17:00,16.2,114,116,15.0,6.2
2025-10-24T18:00,10.4,119,125,15.2,5.7
2025-10-24T19:00,9.4,117,121,15.0,5.2
2025-10-24T20:00,8.6,116,119,14.7,5.2
2025-10-24T21:00,10.1,116,120,15.9,6.2
2025-10-24T22:00,10.4,120,123,16.0,6.2
2025-10-24T23:00,10.1,124,130,14.8,5.4
2025-10-25T00:00,8.6,105,166,7.1,0.7
2025-10-25T01:00,4.0,159,234,5.4,2.4
2025-10-25T02:00,9.7,186,225,10.0,5.6
2025-10-25T03:00,9.4,188,228,9.8,5.1
2025-10-25T04:00,14.0,200,227,10.5,6.4
2025-10-25T05:00,16.6,198,203,8.5,6.5
2025-10-25T06:00,20.5,178,184,6.3,5.1
2025-10-25T07:00,17.3,167,175,5.0,4.0
2025-10-25T08:00,20.2,144,149,7.6,5.9
2025-10-25T09:00,24.1,134,136,11.1,8.8
2025-10-25T10:00,27.7,131,132,13.5,10.6
2025-10-25T11:00,29.5,132,133,15.3,12.0
2025-10-25T12:00,32.8,127,127,19.0,14.5
2025-10-25T13:00,32.8,128,129,18.9,14.1
2025-10-25T14:00,31.0,132,133,18.0,13.2
2025-10-25T15:00,27.7,129,131,15.9,10.2
2025-10-25T16:00,18.4,126,133,14.7,7.1
2025-10-25T17:00,12.2,125,139,12.8,5.2
2025-10-25T18:00,9.4,112,116,15.1,5.8
2025-10-25T19:00,9.4,106,108,11.6,4.0
2025-10-25T20:00,5.4,101,96,8.3,1.8
2025-10-25T21:00,2.5,106,90,6.6,0.7
2025-10-25T22:00,1.4,105,284,2.1,0.7
2025-10-25T23:00,2.9,225,281,0.5,1.8
2025-10-26T00:00,3.2,246,261,2.2,2.4
2025-10-26T01:00,3.2,225,245,3.3,2.6
2025-10-26T02:00,4.0,214,237,3.9,3.0
2025-10-26T03:00,4.7,214,239,4.5,3.1
2025-10-26T04:00,11.2,215,226,6.6,5.2
2025-10-26T05:00,14.8,184,185,5.8,4.5
2025-10-26T06:00,19.8,140,144,8.7,6.7
2025-10-26T07:00,25.6,137,141,8.8,6.9
2025-10-26T08:00,23.4,133,135,10.3,7.9
2025-10-26T09:00,26.6,126,130,10.9,8.4
2025-10-26T10:00,28.1,121,123,14.5,11.4
2025-10-26T11:00,33.1,114,114,18.7,14.2
2025-10-26T12:00,32.4,126,128,20.9,15.7
2025-10-26T13:00,34.6,129,129,21.6,16.0
2025-10-26T14:00,35.3,130,131,23.8,17.0
2025-10-26T15:00,33.8,134,135,21.4,14.0
2025-10-26T16:00,25.9,132,135,19.2,10.9
2025-10-26T17:00,20.2,135,137,20.1,11.1
2025-10-26T18:00,20.2,143,148,17.0,8.7
2025-10-26T19:00,18.7,144,148,19.4,10.4
2025-10-26T20:00,19.1,146,155,16.1,8.0
2025-10-26T21:00,13.7,153,167,14.3,6.5
2025-10-26T22:00,11.2,160,177,13.4,6.1
2025-10-26T23:00,13.7,168,186,16.2,8.1
2025-10-27T00:00,15.1,176,189,15.2,7.3
2025-10-27T01:00,12.2,177,190,15.1,7.1
2025-10-27T02:00,15.8,188,196,16.5,9.0
2025-10-27T03:00,15.8,190,200,16.8,9.0
2025-10-27T04:00,23.8,173,177,21.1,13.5
2025-10-27T05:00,29.5,171,174,23.5,14.7
2025-10-27T06:00,31.7,165,166,19.7,13.7
2025-10-27T07:00,34.6,168,170,19.5,13.9
2025-10-27T08:00,37.8,152,152,26.5,19.0
2025-10-27T09:00,40.7,159,158,25.1,18.4
2025-10-27T10:00,43.6,162,163,27.2,19.8
2025-10-27T11:00,45.0,142,140,33.3,23.4
2025-10-27T12:00,45.7,143,144,30.5,21.4
2025-10-27T13:00,40.7,138,139,29.1,19.6
2025-10-27T14:00,41.4,141,140,27.8,18.7
2025-10-27T15:00,34.9,137,138,26.1,15.9
2025-10-27T16:00,28.8,139,141,23.4,12.9
2025-10-27T17:00,22.7,140,145,21.7,11.5
2025-10-27T18:00,22.3,137,139,22.0,11.2
2025-10-27T19:00,24.1,142,144,25.7,14.0
2025-10-27T20:00,24.8,140,149,18.7,8.8
2025-10-27T21:00,18.0,147,159,19.7,9.9
2025-10-27T22:00,18.7,143,156,19.3,9.4
2025-10-27T23:00,15.8,142,160,18.6,9.0
2025-10-28T00:00,15.5,126,134,19.3,9.0
2025-10-28T01:00,15.1,125,136,18.3,8.0
2025-10-28T02:00,13.3,130,149,16.9,6.7
2025-10-28T03:00,14.0,141,165,18.2,8.6
2025-10-28T04:00,19.1,136,143,18.8,10.5
2025-10-28T05:00,21.2,139,143,16.5,10.7
2025-10-28T06:00,25.9,125,126,19.0,13.5
2025-10-28T07:00,34.2,130,130,22.0,16.1
2025-10-28T08:00,32.8,115,113,15.9,11.7
2025-10-28T09:00,27.7,121,122,16.9,11.0
2025-10-28T10:00,28.1,123,126,15.6,11.6
2025-10-28T11:00,33.1,134,135,22.4,15.0
2025-10-28T12:00,31.7,133,134,29.0,20.9
2025-10-28T13:00,43.2,128,128,30.0,21.3
2025-10-28T14:00,42.5,125,125,28.9,19.9
2025-10-28T15:00,38.5,123,125,25.2,15.1
2025-10-28T16:00,27.7,118,118,23.1,12.4
2025-10-28T17:00,22.3,117,119,22.2,11.3
2025-10-28T18:00,20.2,119,120,22.2,11.0
2025-10-28T19:00,20.2,122,124,21.6,11.3
2025-10-28T20:00,20.5,120,123,19.6,10.0
2025-10-28T21:00,17.6,120,124,17.5,8.3
2025-10-28T22:00,15.1,134,148,17.1,8.9
2025-10-28T23:00,19.4,150,160,20.0,11.3
2025-10-29T00:00,20.5,135,147,17.7,7.7
2025-10-29T01:00,13.0,126,135,18.4,8.4
2025-10-29T02:00,13.7,126,139,18.7,8.2
2025-10-29T03:00,15.8,134,145,19.9,9.4
2025-10-29T04:00,16.6,149,175,18.5,8.8
2025-10-29T05:00,20.5,146,151,14.4,9.7
2025-10-29T06:00,29.5,132,133,19.3,13.9
2025-10-29T07:00,32.4,133,136,19.1,14.4
2025-10-29T08:00,33.8,136,138,20.1,15.0
2025-10-29T09:00,36.4,135,135,22.0,16.4
2025-10-29T10:00,38.2,130,131,23.5,17.4
2025-10-29T11:00,39.6,129,129,25.0,18.4
2025-10-29T12:00,40.7,132,133,27.3,19.9
2025-10-29T13:00,41.8,133,133,27.4,19.5
2025-10-29T14:00,39.6,132,132,27.4,19.0
2025-10-29T15:00,37.1,129,130,24.3,15.5
2025-10-29T16:00,28.1,123,124,20.3,10.9
2025-10-29T17:00,19.4,125,127,20.2,10.2
2025-10-29T18:00,18.0,127,129,22.8,11.8
2025-10-29T19:00,21.2,123,125,20.9,10.3
2025-10-29T20:00,18.4,122,127,18.3,7.7
2025-10-29T21:00,13.0,121,125,17.6,7.0
2025-10-29T22:00,13.3,121,127,17.4,7.7
2025-10-29T23:00,14.4,125,131,17.3,8.3
2025-10-30T00:00,14.8,120,135,15.3,5.1
2025-10-30T01:00,7.2,113,115,14.4,4.8
2025-10-30T02:00,7.2,114,114,15.4,5.3
2025-10-30T03:00,7.2,123,138,15.2,5.1
2025-10-30T04:00,12.2,127,158,14.7,6.4
2025-10-30T05:00,25.6,126,127,17.9,12.9
2025-10-30T06:00,31.0,128,129,18.7,13.8
2025-10-30T07:00,34.2,123,123,21.0,15.6
2025-10-30T08:00,34.6,115,117,20.5,15.3
2025-10-30T09:00,34.2,108,109,19.0,14.1
2025-10-30T10:00,32.0,106,107,19.5,14.5
2025-10-30T11:00,33.8,124,125,20.9,15.4
2025-10-30T12:00,34.9,117,117,22.5,16.6
2025-10-30T13:00,35.3,114,115,21.0,15.5
2025-10-30T14:00,32.4,109,110,20.9,15.1
2025-10-30T15:00,30.2,110,110,18.7,11.1
2025-10-30T16:00,20.5,112,116,15.5,7.4
2025-10-30T17:00,13.0,110,117,14.6,6.0
2025-10-30T18:00,10.1,110,117,15.5,5.6
2025-10-30T19:00,9.4,112,121,15.1,5.2
2025-10-30T20:00,8.3,106,109,14.6,5.0
2025-10-30T21:00,7.2,103,103,14.2,5.0
2025-10-30T22:00,7.2,100,101,13.2,4.6
2025-10-30T23:00,6.5,100,108,11.7,3.6
2025-10-31T00:00,4.7,95,90,11.4,3.2
2025-10-31T01:00,4.3,96,99,10.3,2.2
2025-10-31T02:00,3.2,108,167,8.5,1.7
2025-10-31T03:00,3.2,128,209,6.7,2.3
2025-10-31T04:00,10.4,165,235,6.3,4.4
2025-10-31T05:00,15.5,154,158,8.6,6.2
2025-10-31T06:00,21.2,144,145,12.5,9.4
2025-10-31T07:00,24.8,133,134,13.0,10.1
2025-10-31T08:00,26.6,119,118,13.9,10.6
2025-10-31T09:00,29.2,119,120,16.4,12.4
2025-10-31T10:00,32.8,116,117,19.5,14.7
2025-10-31T11:00,34.2,115,115,20.2,15.1
2025-10-31T12:00,33.8,112,113,19.9,15.0
2025-10-31T13:00,32.8,110,112,19.0,14.1
2025-10-31T14:00,30.6,108,110,19.5,13.9
2025-10-31T15:00,28.4,106,107,16.8,10.1
2025-10-31T16:00,18.7,104,106,15.2,6.6
2025-10-31T17:00,11.2,101,103,13.9,4.6
2025-10-31T18:00,7.2,105,114,15.5,5.3
2025-10-31T19:00,9.4,108,116,16.5,5.8
2025-10-31T20:00,10.4,110,117,16.9,6.3
2025-10-31T21:00,10.1,120,131,15.7,5.7
2025-10-31T22:00,10.1,123,134,16.4,6.0
2025-10-31T23:00,9.7,120,126,15.7,5.5
2025-11-01T00:00,9.4,113,118,17.0,6.9
2025-11-01T01:00,11.9,108,111,17.2,7.1
2025-11-01T02:00,11.5,112,117,15.7,5.2
2025-11-01T03:00,8.3,107,113,11.8,2.7
2025-11-01T04:00,9.4,112,161,10.3,3.8
2025-11-01T05:00,20.2,114,115,14.0,10.1
2025-11-01T06:00,26.3,115,115,14.3,10.7
2025-11-01T07:00,26.6,110,111,14.6,11.2
2025-11-01T08:00,26.6,104,105,13.8,10.6
2025-11-01T09:00,27.0,98,98,14.0,10.7
2025-11-01T10:00,26.3,97,97,14.2,10.7
2025-11-01T11:00,27.0,102,101,15.5,11.8
2025-11-01T12:00,29.2,104,105,20.0,14.9
2025-11-01T13:00,32.8,102,103,18.9,14.0
2025-11-01T14:00,30.6,104,105,17.6,12.9
2025-11-01T15:00,26.6,106,106,15.9,9.7
2025-11-01T16:00,17.6,104,107,16.0,7.3
2025-11-01T17:00,12.6,110,121,15.9,6.3
2025-11-01T18:00,10.8,107,116,16.3,5.8
2025-11-01T19:00,9.4,99,99,16.6,5.8
2025-11-01T20:00,9.7,100,99,16.8,5.8
2025-11-01T21:00,9.4,100,98,15.4,5.1
2025-11-01T22:00,7.2,106,111,15.0,5.0
2025-11-01T23:00,9.4,110,117,16.5,5.9
2025-11-02T00:00,9.4,108,116,14.6,5.0
2025-11-02T01:00,6.8,107,114,13.4,4.3
2025-11-02T02:00,5.8,107,117,13.2,4.4
2025-11-02T03:00,5.8,107,122,12.6,4.0
2025-11-02T04:00,10.8,111,136,11.4,5.0
2025-11-02T05:00,20.9,117,120,12.2,9.1
2025-11-02T06:00,24.1,126,128,11.8,9.1
2025-11-02T07:00,24.1,121,120,12.7,9.6
2025-11-02T08:00,24.5,117,117,12.6,9.5
2025-11-02T09:00,26.3,123,124,13.0,10.0
2025-11-02T10:00,28.1,131,131,14.7,11.2
2025-11-02T11:00,31.7,129,130,17.7,13.6
2025-11-02T12:00,34.9,124,124,18.6,14.3
2025-11-02T13:00,33.1,128,130,20.0,15.0
2025-11-02T14:00,32.8,133,134,18.5,13.5
2025-11-02T15:00,28.4,130,132,19.0,12.4
2025-11-02T16:00,22.7,128,131,17.8,9.1
2025-11-02T17:00,16.6,125,127,19.9,9.5
2025-11-02T18:00,16.6,127,130,22.2,11.0
2025-11-02T19:00,19.1,128,130,20.7,9.4
2025-11-02T20:00,16.6,128,133,17.9,6.6
2025-11-02T21:00,10.8,133,139,17.6,6.2
2025-11-02T22:00,11.2,132,137,17.3,6.6
2025-11-02T23:00,11.2,127,132,17.5,6.8
2025-11-03T00:00,11.5,117,121,14.9,5.2
2025-11-03T01:00,7.9,115,124,12.3,4.1
2025-11-03T02:00,5.4,126,201,8.0,1.5
2025-11-03T03:00,4.3,157,247,4.5,2.3
2025-11-03T04:00,13.0,205,234,7.7,5.8
2025-11-03T05:00,16.9,156,156,9.7,7.1
2025-11-03T06:00,24.8,132,132,11.6,8.9
2025-11-03T07:00,25.2,121,123,11.8,9.0
2025-11-03T08:00,27.0,122,123,14.0,10.7
2025-11-03T09:00,27.0,113,113,13.9,10.6
2025-11-03T10:00,28.8,111,112,15.3,11.6
2025-11-03T11:00,32.8,113,114,18.7,14.2
2025-11-03T12:00,33.1,108,108,20.3,15.1
2025-11-03T13:00,33.5,110,111,20.9,15.4
2025-11-03T14:00,33.1,112,113,20.0,14.4
2025-11-03T15:00,30.2,110,110,20.2,13.4
2025-11-03T16:00,25.6,112,112,17.0,9.5
2025-11-03T17:00,16.9,113,115,16.3,7.7
2025-11-03T18:00,13.7,111,111,17.9,9.5
2025-11-03T19:00,18.0,110,110,19.4,9.8
2025-11-03T20:00,18.4,113,117,18.4,9.9
2025-11-03T21:00,17.3,112,117,17.1,8.0
2025-11-03T22:00,13.7,111,117,16.2,7.2
2025-11-03T23:00,11.9,111,116,15.8,6.6
2025-11-04T00:00,11.2,142,193,9.6,3.9
2025-11-04T01:00,9.0,139,173,11.0,4.7
2025-11-04T02:00,9.7,136,154,12.3,5.8
2025-11-04T03:00,9.7,142,162,12.3,5.1
2025-11-04T04:00,9.7,132,141,8.9,3.7
2025-11-04T05:00,18.4,143,144,7.5,5.5
2025-11-04T06:00,25.6,135,136,13.5,9.8
2025-11-04T07:00,25.9,134,138,9.3,7.3
2025-11-04T08:00,37.8,135,135,26.2,18.1
2025-11-04T09:00,37.8,138,138,20.4,14.7
2025-11-04T10:00,34.2,125,126,19.6,14.8
2025-11-04T11:00,35.6,124,125,19.4,14.6
2025-11-04T12:00,35.6,133,134,16.3,12.5
2025-11-04T13:00,30.2,135,136,16.7,12.5
2025-11-04T14:00,28.8,124,122,19.2,12.9
2025-11-04T15:00,24.1,116,116,18.0,11.4
2025-11-04T16:00,20.2,112,112,14.1,6.6
2025-11-04T17:00,11.2,111,112,13.3,4.8
2025-11-04T18:00,7.9,125,146,11.4,4.1
2025-11-04T19:00,6.5,123,153,10.7,3.2
2025-11-04T20:00,5.8,114,121,12.4,4.2
2025-11-04T21:00,6.8,108,106,13.6,4.7
2025-11-04T22:00,7.2,107,112,12.6,4.3
2025-11-04T23:00,6.1,122,155,9.9,3.0
2025-11-05T00:00,4.0,136,180,10.3,3.6
2025-11-05T01:00,6.1,144,188,10.4,3.8
2025-11-05T02:00,6.1,148,197,9.5,3.8
2025-11-05T03:00,7.2,167,232,7.4,4.1
2025-11-05T04:00,13.3,198,229,9.4,6.0
2025-11-05T05:00,23.0,150,151,13.3,10.1
2025-11-05T06:00,26.6,154,156,12.8,9.7
2025-11-05T07:00,24.5,150,153,12.4,9.5
2025-11-05T08:00,26.3,138,140,13.1,10.1
2025-11-05T09:00,28.1,143,146,14.4,11.1
2025-11-05T10:00,28.1,142,144,14.8,11.6
2025-11-05T11:00,28.4,138,140,14.9,11.5
2025-11-05T12:00,27.7,126,126,16.9,12.7
2025-11-05T13:00,29.5,118,119,18.2,13.6
2025-11-05T14:00,29.2,115,115,17.5,12.7
2025-11-05T15:00,25.9,114,115,16.2,9.5
2025-11-05T16:00,17.3,110,112,16.7,7.8
2025-11-05T17:00,14.4,115,116,18.4,8.2
2025-11-05T18:00,14.0,107,106,19.5,8.6
2025-11-05T19:00,14.8,106,108,18.9,8.0
2025-11-05T20:00,13.7,106,110,17.8,6.7
2025-11-05T21:00,11.2,106,113,15.9,5.5
2025-11-05T22:00,8.6,110,127,14.0,4.8
2025-11-05T23:00,7.2,105,119,12.3,3.7
2025-11-06T00:00,4.7,89,74,11.2,3.2
2025-11-06T01:00,4.3,78,45,10.7,3.1
2025-11-06T02:00,4.0,83,59,10.2,2.1
2025-11-06T03:00,2.9,85,63,9.0,1.2
2025-11-06T04:00,8.6,69,7,8.1,2.9
2025-11-06T05:00,17.6,61,60,10.1,7.3
2025-11-06T06:00,22.3,72,72,13.1,9.8
2025-11-06T07:00,25.2,71,72,13.5,10.2
2025-11-06T08:00,25.6,75,74,13.2,10.1
2025-11-06T09:00,25.6,73,73,12.6,9.6
2025-11-06T10:00,27.7,76,75,14.6,11.2
2025-11-06T11:00,31.0,78,77,17.7,13.5
2025-11-06T12:00,32.0,84,84,17.9,13.6
2025-11-06T13:00,31.0,80,79,17.9,13.6
2025-11-06T14:00,29.5,79,80,18.0,13.2
2025-11-06T15:00,27.4,84,84,16.7,10.3
2025-11-06T16:00,18.7,87,89,16.2,8.1
2025-11-06T17:00,14.4,86,87,16.2,7.2
2025-11-06T18:00,12.2,78,77,17.7,7.0
2025-11-06T19:00,11.5,76,76,17.6,6.7
2025-11-06T20:00,11.2,70,67,16.6,5.5
2025-11-06T21:00,8.6,67,63,15.6,5.2
2025-11-06T22:00,7.6,68,66,13.6,4.3
2025-11-06T23:00,5.8,74,82,12.4,3.8
2025-11-07T00:00,5.0,63,58,12.5,4.0
2025-11-07T01:00,6.1,59,60,12.6,4.4
2025-11-07T02:00,6.1,58,59,12.0,4.2
2025-11-07T03:00,5.4,56,45,10.0,2.5
2025-11-07T04:00,7.9,47,321,7.1,2.3
2025-11-07T05:00,16.2,72,73,8.3,6.2
2025-11-07T06:00,20.2,87,87,7.6,6.0
2025-11-07T07:00,20.5,86,84,9.2,7.1
2025-11-07T08:00,24.1,84,82,11.9,9.1
2025-11-07T09:00,27.0,86,85,13.7,10.5
2025-11-07T10:00,29.5,90,88,15.7,11.9
2025-11-07T11:00,31.3,93,92,17.5,13.3
2025-11-07T12:00,33.1,95,95,16.1,12.3
2025-11-07T13:00,30.2,89,89,18.2,13.7
2025-11-07T14:00,30.2,88,88,19.1,14.1
2025-11-07T15:00,28.8,94,94,18.8,12.5
2025-11-07T16:00,23.0,99,102,17.3,9.0
2025-11-07T17:00,15.8,101,104,17.4,8.0
2025-11-07T18:00,14.0,98,102,17.6,7.0
2025-11-07T19:00,12.2,86,82,16.4,6.2
2025-11-07T20:00,10.4,82,73,15.1,5.1
2025-11-07T21:00,7.9,90,84,11.9,3.6
2025-11-07T22:00,4.7,95,95,9.9,2.0
2025-11-07T23:00,2.9,105,207,7.1,0.8
2025-11-08T00:00,2.5,84,270,3.4,0.4
2025-11-08T01:00,1.1,71,270,3.2,0.4
2025-11-08T02:00,1.1,72,225,2.8,0.3
2025-11-08T03:00,1.1,84,236,1.6,0.6
2025-11-08T04:00,7.9,144,219,1.5,2.3
2025-11-08T05:00,13.7,122,120,6.8,5.0
2025-11-08T06:00,20.9,125,124,9.7,7.6
2025-11-08T07:00,22.3,114,113,9.4,7.3
2025-11-08T08:00,23.8,120,120,11.6,9.0
2025-11-08T09:00,26.3,121,121,12.6,9.7
2025-11-08T10:00,30.6,108,107,16.5,12.6
2025-11-08T11:00,31.0,106,108,15.2,11.3
2025-11-08T12:00,28.4,115,116,16.7,12.8
2025-11-08T13:00,30.6,114,115,18.3,13.9
2025-11-08T14:00,32.0,113,114,20.8,15.0
2025-11-08T15:00,31.0,111,112,20.5,13.6
2025-11-08T16:00,25.2,109,111,18.9,10.0
2025-11-08T17:00,18.0,104,103,18.6,8.9
2025-11-08T18:00,15.5,105,107,17.1,6.6
2025-11-08T19:00,11.2,103,109,15.3,5.5
2025-11-08T20:00,9.0,106,116,15.0,5.4
2025-11-08T21:00,8.6,106,114,14.1,4.9
2025-11-08T22:00,6.5,105,105,13.4,4.8
2025-11-08T23:00,6.5,102,95,12.1,4.2
2025-11-09T00:00,5.4,107,135,9.2,1.8
2025-11-09T01:00,2.5,115,187,8.0,1.5
2025-11-09T02:00,2.9,133,221,6.4,1.9
2025-11-09T03:00,3.2,140,225,5.6,2.3
2025-11-09T04:00,10.8,167,212,5.7,4.7
2025-11-09T05:00,15.5,164,167,7.3,5.5
2025-11-09T06:00,19.4,144,146,8.2,6.5
2025-11-09T07:00,20.2,131,133,8.6,6.6
2025-11-09T08:00,22.3,122,122,9.3,7.2
2025-11-09T09:00,24.1,113,113,11.0,8.4
2025-11-09T10:00,25.2,110,109,12.2,9.3
2025-11-09T11:00,25.9,103,103,13.1,10.2
2025-11-09T12:00,29.2,107,107,15.3,11.7
2025-11-09T13:00,28.4,105,105,16.2,12.3
2025-11-09T14:00,28.4,101,101,17.8,13.0
2025-11-09T15:00,27.7,93,93,17.7,11.4
2025-11-09T16:00,20.9,88,86,17.3,8.5
2025-11-09T17:00,14.8,92,93,15.8,6.5
2025-11-09T18:00,10.8,90,90,17.8,7.0
2025-11-09T19:00,11.5,89,92,16.0,5.6
2025-11-09T20:00,9.0,93,100,14.8,4.9
2025-11-09T21:00,7.6,101,119,13.2,4.5
2025-11-09T22:00,6.5,107,128,12.0,4.1
2025-11-09T23:00,5.4,109,131,11.2,3.3
2025-11-10T00:00,4.3,101,124,10.1,3.2
2025-11-10T01:00,4.3,102,121,9.4,3.1
2025-11-10T02:00,4.0,81,66,8.2,2.2
2025-11-10T03:00,3.2,95,104,8.3,2.2
2025-11-10T04:00,8.3,104,162,7.2,2.3
2025-11-10T05:00,15.5,107,107,6.6,4.9
2025-11-10T06:00,22.0,106,105,7.3,5.6
2025-11-10T07:00,20.9,101,101,7.7,5.9
2025-11-10T08:00,22.3,94,93,9.2,7.2
2025-11-10T09:00,23.8,93,89,11.2,8.8
2025-11-10T10:00,27.7,48,43,15.2,11.1
2025-11-10T11:00,25.9,67,66,12.7,9.7
2025-11-10T12:00,25.6,79,79,13.8,9.7
2025-11-10T13:00,22.0,77,77,11.6,8.7
2025-11-10T14:00,25.2,78,78,16.2,12.0
2025-11-10T15:00,25.6,81,81,17.7,11.3
2025-11-10T16:00,20.9,92,94,16.2,8.5
2025-11-10T17:00,14.8,94,95,14.6,6.1
2025-11-10T18:00,10.1,97,98,16.1,6.2
2025-11-10T19:00,10.1,101,103,13.9,4.6
2025-11-10T20:00,6.5,110,127,13.4,4.8
2025-11-10T21:00,6.8,120,143,13.3,4.8
2025-11-10T22:00,6.8,119,135,13.6,4.8
2025-11-10T23:00,8.6,114,121,15.2,5.6
2025-11-11T00:00,9.4,106,114,11.8,3.5
2025-11-11T01:00,4.7,107,114,11.3,3.1
2025-11-11T02:00,4.3,108,117,10.4,2.4
2025-11-11T03:00,3.2,113,138,10.0,2.2
2025-11-11T04:00,10.4,124,168,9.6,4.4
2025-11-11T05:00,16.9,137,141,8.9,6.5
2025-11-11T06:00,20.5,123,123,12.1,9.2
2025-11-11T07:00,27.4,117,117,14.6,11.1
2025-11-11T08:00,30.6,114,114,16.8,12.6
2025-11-11T09:00,30.6,113,114,16.5,12.6
2025-11-11T10:00,34.9,115,116,20.9,15.9
2025-11-11T11:00,35.6,118,120,20.0,14.8
2025-11-11T12:00,33.1,121,121,21.9,16.4
2025-11-11T13:00,36.7,118,119,22.5,16.5
2025-11-11T14:00,34.9,125,127,19.3,13.9
2025-11-11T15:00,28.8,122,123,19.3,13.0
2025-11-11T16:00,25.6,116,116,19.6,11.4
2025-11-11T17:00,20.5,114,113,18.9,10.6
2025-11-11T18:00,20.5,109,110,26.6,15.3
2025-11-11T19:00,27.7,115,122,22.1,12.3
2025-11-11T20:00,27.7,121,131,19.8,11.0
2025-11-11T21:00,19.8,135,169,15.5,7.7
2025-11-11T22:00,15.1,131,147,17.9,8.6
2025-11-11T23:00,14.8,159,218,9.5,4.1
2025-11-12T00:00,7.6,121,135,13.5,6.1
2025-11-12T01:00,10.4,129,152,12.7,5.7
2025-11-12T02:00,9.4,144,178,11.6,5.0
2025-11-12T03:00,11.2,120,122,16.7,8.9
2025-11-12T04:00,25.6,112,111,11.6,7.9
2025-11-12T05:00,22.0,101,71,6.6,3.8
2025-11-12T06:00,16.9,73,50,4.3,3.1
2025-11-12T07:00,22.7,120,120,11.1,8.3
2025-11-12T08:00,26.3,125,126,12.0,9.4
2025-11-12T09:00,30.2,124,123,19.9,14.8
2025-11-12T10:00,31.3,116,118,15.4,11.4
2025-11-12T11:00,33.8,117,117,21.0,15.4
2025-11-12T12:00,32.8,121,122,17.4,12.1
2025-11-12T13:00,22.0,134,137,15.5,10.8
2025-11-12T14:00,25.6,130,132,16.7,12.1
2025-11-12T15:00,25.2,129,132,16.8,10.4
2025-11-12T16:00,18.7,122,128,14.8,7.8
2025-11-12T17:00,13.3,121,135,13.6,6.1
2025-11-12T18:00,10.4,124,135,16.5,7.4
2025-11-12T19:00,12.6,107,117,14.7,5.9
2025-11-12T20:00,9.4,96,113,11.4,3.7
2025-11-12T21:00,5.4,77,59,9.4,2.1
2025-11-12T22:00,3.6,69,21,8.5,1.5
2025-11-12T23:00,8.3,82,90,10.2,4.7
2025-11-13T00:00,11.9,34,13,11.9,5.7
2025-11-13T01:00,9.4,20,336,9.6,3.1
2025-11-13T02:00,5.8,44,225,5.7,0.5
2025-11-13T03:00,3.2,69,191,5.0,0.9
2025-11-13T04:00,7.6,53,108,6.9,2.3
2025-11-13T05:00,11.2,24,355,4.3,2.2
2025-11-13T06:00,19.4,32,29,9.5,7.0
2025-11-13T07:00,27.0,31,29,14.8,11.3
2025-11-13T08:00,30.2,39,40,18.7,14.2
2025-11-13T09:00,30.6,25,25,12.7,9.7
2025-11-13T10:00,25.9,37,33,11.2,8.6
2025-11-13T11:00,24.8,46,44,12.9,9.8
2025-11-13T12:00,27.4,49,49,17.5,13.1
2025-11-13T13:00,29.2,56,55,17.3,12.7
2025-11-13T14:00,26.6,65,64,16.1,11.6
2025-11-13T15:00,23.4,80,80,15.0,9.1
2025-11-13T16:00,16.6,97,102,14.7,6.8
2025-11-13T17:00,12.6,105,110,16.2,7.3
2025-11-13T18:00,12.2,100,104,16.1,6.5
2025-11-13T19:00,10.8,101,111,13.9,4.6
2025-11-13T20:00,7.2,103,113,13.1,4.5
2025-11-13T21:00,6.1,104,113,11.9,3.7
2025-11-13T22:00,5.0,90,67,10.8,2.7
2025-11-13T23:00,3.6,81,45,10.0,2.3
2025-11-14T00:00,3.2,83,68,8.7,1.9
2025-11-14T01:00,5.8,41,344,7.9,3.2
2025-11-14T02:00,5.8,45,324,7.6,2.4
2025-11-14T03:00,3.6,55,309,7.5,1.2
2025-11-14T04:00,6.1,73,225,4.9,0.8
2025-11-14T05:00,10.8,90,105,3.2,2.1
2025-11-14T06:00,16.9,57,57,5.6,4.3
2025-11-14T07:00,17.6,63,62,4.0,3.1
2025-11-14T08:00,17.3,45,42,5.3,4.3
2025-11-14T09:00,20.2,64,67,9.2,7.3
2025-11-14T10:00,26.6,118,122,14.1,10.8
2025-11-14T11:00,25.9,97,101,8.9,6.8
2025-11-14T12:00,23.8,50,49,16.0,12.4
2025-11-14T13:00,28.4,65,65,16.0,12.2
2025-11-14T14:00,27.4,80,78,16.8,12.5
2025-11-14T15:00,26.6,84,84,17.4,11.2
2025-11-14T16:00,21.6,97,99,15.8,8.2
2025-11-14T17:00,14.4,103,109,14.8,6.5
2025-11-14T18:00,11.2,101,105,15.7,6.3
2025-11-14T19:00,11.9,101,105,14.7,5.6
2025-11-14T20:00,9.0,96,95,13.6,4.5
2025-11-14T21:00,6.8,84,66,11.8,3.9
2025-11-14T22:00,5.4,80,45,9.9,2.5
2025-11-14T23:00,3.2,72,18,8.5,1.7
2025-11-15T00:00,2.2,70,288,5.8,0.6
2025-11-15T01:00,1.1,70,270,4.2,0.2
2025-11-15T02:00,1.1,96,225,3.3,0.5
2025-11-15T03:00,1.4,111,217,3.5,0.9
2025-11-15T04:00,7.6,135,204,2.5,1.8
2025-11-15T05:00,12.6,119,121,4.1,3.1
2025-11-15T06:00,16.2,113,114,4.5,3.5
2025-11-15T07:00,16.6,110,115,4.8,3.8
2025-11-15T08:00,16.6,100,106,4.0,3.2
2025-11-15T09:00,15.8,80,75,7.0,5.6
2025-11-15T10:00,26.3,42,30,6.5,4.0
2025-11-15T11:00,18.0,79,79,6.4,4.6
2025-11-15T12:00,24.5,81,77,11.3,8.7
2025-11-15T13:00,27.0,89,90,16.2,12.2
2025-11-15T14:00,28.4,96,97,17.0,12.7
2025-11-15T15:00,26.6,102,102,16.9,10.9
2025-11-15T16:00,19.8,104,106,16.7,8.4
2025-11-15T17:00,14.4,98,95,15.8,6.7
2025-11-15T18:00,11.2,94,93,16.2,6.7
2025-11-15T19:00,11.2,91,88,16.2,6.5
2025-11-15T20:00,10.8,91,92,16.4,6.7
2025-11-15T21:00,10.8,99,106,15.1,5.2
2025-11-15T22:00,9.0,99,103,15.5,5.7
2025-11-15T23:00,9.0,95,98,15.2,5.3
2025-11-16T00:00,8.6,85,75,11.9,4.3
2025-11-16T01:00,5.8,86,78,11.6,3.5
2025-11-16T02:00,4.7,89,90,10.3,2.2
2025-11-16T03:00,2.9,101,150,8.8,1.5
2025-11-16T04:00,8.3,108,180,7.7,3.1
2025-11-16T05:00,16.6,110,112,8.4,6.2
2025-11-16T06:00,19.4,90,90,6.7,5.2
2025-11-16T07:00,19.8,89,88,7.9,6.1
2025-11-16T08:00,22.3,91,91,9.5,7.4
2025-11-16T09:00,25.2,95,96,12.1,9.2
2025-11-16T10:00,28.1,98,99,14.2,10.9
2025-11-16T11:00,29.5,101,101,15.4,11.9
2025-11-16T12:00,29.9,97,98,13.4,10.4
2025-11-16T13:00,25.9,96,97,14.3,10.9
2025-11-16T14:00,27.7,92,93,17.8,13.3
2025-11-16T15:00,28.4,91,91,18.9,12.1
2025-11-16T16:00,23.4,95,99,17.7,9.3
2025-11-16T17:00,16.2,100,106,17.5,7.9
2025-11-16T18:00,13.3,94,99,16.6,6.9
2025-11-16T19:00,11.5,94,105,16.2,6.2
2025-11-16T20:00,10.1,94,105,14.6,4.8
2025-11-16T21:00,7.2,85,88,12.8,4.1
2025-11-16T22:00,6.1,74,65,13.3,4.8
2025-11-16T23:00,6.8,71,69,14.1,5.0
2025-11-17T00:00,6.5,53,49,10.8,3.3
2025-11-17T01:00,5.0,54,59,11.8,3.8
2025-11-17T02:00,6.1,54,62,13.1,4.7
2025-11-17T03:00,6.5,55,63,13.6,4.8
2025-11-17T04:00,11.9,55,69,12.1,5.4
2025-11-17T05:00,20.2,49,50,13.3,9.6
2025-11-17T06:00,24.8,38,38,13.0,10.0
2025-11-17T07:00,25.6,30,30,13.3,10.2
2025-11-17T08:00,28.4,31,31,14.7,11.3
2025-11-17T09:00,29.5,32,32,15.0,11.6
2025-11-17T10:00,29.5,39,38,14.3,11.2
2025-11-17T11:00,29.2,43,41,14.0,11.0
2025-11-17T12:00,28.4,26,25,14.6,11.5
2025-11-17T13:00,29.2,33,33,16.3,12.6
2025-11-17T14:00,29.5,56,57,17.6,13.1
2025-11-17T15:00,28.4,71,70,17.9,11.9
2025-11-17T16:00,23.0,77,77,18.6,9.8
2025-11-17T17:00,16.9,79,82,19.6,9.6
2025-11-17T18:00,16.6,78,80,20.4,9.5
2025-11-17T19:00,16.2,76,77,18.9,7.9
2025-11-17T20:00,13.3,76,80,16.7,6.2
2025-11-17T21:00,10.1,76,77,15.0,5.0
2025-11-17T22:00,7.2,70,64,14.2,5.0
2025-11-17T23:00,6.8,59,53,13.4,4.5
2025-11-18T00:00,6.1,56,69,11.7,3.1
2025-11-18T01:00,4.0,60,94,10.7,2.5
2025-11-18T02:00,4.0,57,69,11.4,3.1
2025-11-18T03:00,6.1,47,42,13.0,4.8
2025-11-18T04:00,13.0,39,39,13.0,6.3
2025-11-18T05:00,20.5,35,34,12.0,8.7
2025-11-18T06:00,23.0,20,19,12.1,9.3
2025-11-18T07:00,24.8,25,23,11.3,8.8
2025-11-18T08:00,27.4,22,21,12.8,10.2
2025-11-18T09:00,30.6,23,21,15.2,12.0
2025-11-18T10:00,31.7,28,28,15.9,12.4
2025-11-18T11:00,32.4,36,35,17.0,13.3
2025-11-18T12:00,33.1,32,31,18.8,14.5
2025-11-18T13:00,33.1,43,43,18.6,14.0
2025-11-18T14:00,31.3,64,64,17.8,13.2
2025-11-18T15:00,28.4,78,77,19.9,13.3
2025-11-18T16:00,25.9,83,84,20.5,11.2
2025-11-18T17:00,20.2,83,84,20.7,10.5
2025-11-18T18:00,18.4,76,77,19.3,9.0
2025-11-18T19:00,15.5,73,73,17.9,7.9
2025-11-18T20:00,13.3,69,70,16.9,6.7
2025-11-18T21:00,10.8,68,69,15.7,5.6
2025-11-18T22:00,9.0,63,59,15.8,5.6
2025-11-18T23:00,9.0,58,56,15.3,5.2
2025-11-19T00:00,8.3,55,55,15.2,5.0
2025-11-19T01:00,7.9,55,62,14.0,4.7
2025-11-19T02:00,6.8,58,72,13.1,4.6
2025-11-19T03:00,6.1,58,71,11.5,3.2
2025-11-19T04:00,9.7,47,67,9.4,3.7
2025-11-19T05:00,20.2,34,34,12.6,9.1
2025-11-19T06:00,28.8,33,32,16.0,12.1
2025-11-19T07:00,31.7,26,26,17.9,13.6
2025-11-19T08:00,33.5,26,25,18.8,14.3
2025-11-19T09:00,34.2,26,25,18.6,14.3
2025-11-19T10:00,36.0,28,26,20.1,15.5
2025-11-19T11:00,35.3,38,36,20.9,15.6
2025-11-19T12:00,34.2,38,39,20.0,15.0
2025-11-19T13:00,34.2,47,46,20.0,14.9
2025-11-19T14:00,32.4,52,52,19.9,14.5
2025-11-19T15:00,30.6,56,56,18.9,13.0
2025-11-19T16:00,24.8,58,59,17.9,9.8
2025-11-19T17:00,17.6,60,61,17.8,8.6
2025-11-19T18:00,15.1,58,61,17.4,8.1
2025-11-19T19:00,13.7,52,52,17.9,8.0
2025-11-19T20:00,15.1,47,46,18.7,8.8
2025-11-19T21:00,15.8,44,43,18.8,8.9
2025-11-19T22:00,15.5,41,42,18.7,8.7
2025-11-19T23:00,15.1,41,42,18.3,8.3
2025-11-20T00:00,14.8,37,37,20.2,9.6
2025-11-20T01:00,19.1,32,30,21.0,10.8
2025-11-20T02:00,19.1,31,30,19.7,9.8
2025-11-20T03:00,16.9,31,31,17.7,7.7
2025-11-20T04:00,22.3,25,24,17.3,11.4
2025-11-20T05:00,31.0,24,24,21.1,15.4
2025-11-20T06:00,35.6,25,25,23.7,17.5
2025-11-20T07:00,40.0,22,22,24.9,18.6
2025-11-20T08:00,42.8,19,18,26.6,19.7
2025-11-20T09:00,42.8,21,20,26.5,19.5
2025-11-20T10:00,42.8,25,25,26.6,19.7
2025-11-20T11:00,43.6,29,29,26.6,19.7
2025-11-20T12:00,42.8,31,32,24.1,18.0
2025-11-20T13:00,40.0,36,37,23.7,17.5
2025-11-20T14:00,37.1,43,44,23.9,17.2
2025-11-20T15:00,35.3,50,50,23.4,15.7
2025-11-20T16:00,29.9,56,59,21.4,12.4
2025-11-20T17:00,22.3,53,54,20.6,10.8
2025-11-20T18:00,19.8,48,49,21.5,11.2
2025-11-20T19:00,19.8,49,51,19.9,10.0
2025-11-20T20:00,17.3,47,48,17.7,8.0
2025-11-20T21:00,13.7,49,48,17.9,8.3
2025-11-20T22:00,16.2,46,44,19.3,9.5
2025-11-20T23:00,17.3,48,49,19.8,9.3
2025-11-21T00:00,21.6,33,29,21.9,10.9
2025-11-21T01:00,19.1,29,22,18.5,9.0
2025-11-21T02:00,15.1,32,25,18.0,8.1
2025-11-21T03:00,14.4,34,31,19.1,8.8
2025-11-21T04:00,23.4,36,32,20.1,12.8
2025-11-21T05:00,31.0,36,34,22.8,15.9
2025-11-21T06:00,36.4,31,30,22.4,16.5
2025-11-21T07:00,38.5,29,28,22.9,16.9
2025-11-21T08:00,40.7,30,29,24.4,18.1
2025-11-21T09:00,41.8,31,30,20.6,15.6
2025-11-21T10:00,40.0,32,32,21.5,16.1
2025-11-21T11:00,42.5,36,36,24.8,18.6
2025-11-21T12:00,42.8,36,36,25.4,18.8
2025-11-21T13:00,40.3,44,43,25.1,18.5
2025-11-21T14:00,39.2,52,52,24.5,17.6
2025-11-21T15:00,36.0,58,58,20.9,14.1
2025-11-21T16:00,27.0,64,64,17.4,9.6
2025-11-21T17:00,16.9,66,69,16.0,8.1
2025-11-21T18:00,14.0,61,62,15.5,7.6
2025-11-21T19:00,13.0,63,70,13.9,5.4
2025-11-21T20:00,9.0,56,53,11.9,3.9
2025-11-21T21:00,7.2,49,39,13.6,4.9
2025-11-21T22:00,9.7,47,41,14.8,6.0
2025-11-21T23:00,10.1,48,45,13.5,5.1
2025-11-22T00:00,8.3,46,47,15.7,6.9
2025-11-22T01:00,11.9,37,22,14.1,6.6
2025-11-22T02:00,14.4,358,331,13.3,7.8
2025-11-22T03:00,14.0,355,351,15.9,8.2
2025-11-22T04:00,14.4,15,21,11.7,5.0
2025-11-22T05:00,20.5,31,33,11.4,8.3
2025-11-22T06:00,22.3,36,35,15.4,11.6
2025-11-22T07:00,32.0,36,35,18.0,13.6
2025-11-22T08:00,35.6,38,38,20.9,15.5
2025-11-22T09:00,39.2,38,38,23.2,17.6
2025-11-22T10:00,40.3,40,39,22.6,17.3
2025-11-22T11:00,39.2,42,42,22.9,17.2
2025-11-22T12:00,39.2,41,40,23.2,17.5
2025-11-22T13:00,38.5,44,44,21.5,15.9
2025-11-22T14:00,35.3,49,48,20.8,15.2
2025-11-22T15:00,32.0,58,58,18.3,12.8
2025-11-22T16:00,24.8,64,66,17.4,9.8
2025-11-22T17:00,17.6,69,72,17.4,9.1
2025-11-22T18:00,15.8,66,69,17.9,8.5
2025-11-22T19:00,14.4,66,69,17.3,7.5
2025-11-22T20:00,12.6,63,63,16.7,6.7
2025-11-22T21:00,11.2,59,57,16.3,6.2
2025-11-22T22:00,10.1,62,62,14.7,4.9
2025-11-22T23:00,8.3,73,85,13.9,4.5
2025-11-23T00:00,11.5,61,53,15.5,6.8
2025-11-23T01:00,18.4,31,19,18.2,10.3
2025-11-23T02:00,17.6,62,50,14.3,6.8
2025-11-23T03:00,10.8,55,360,8.8,1.8
2025-11-23T04:00,11.9,7,317,8.9,4.7
2025-11-23T05:00,15.1,36,37,7.6,5.4
2025-11-23T06:00,29.2,38,37,12.6,9.5
2025-11-23T07:00,27.0,33,32,13.3,10.2
2025-11-23T08:00,31.7,39,39,16.8,12.9
2025-11-23T09:00,35.3,42,41,19.0,14.5
2025-11-23T10:00,35.6,45,43,18.7,14.3
2025-11-23T11:00,35.6,46,45,19.5,14.9
2025-11-23T12:00,35.6,50,48,20.1,15.2
2025-11-23T13:00,34.9,52,51,20.0,15.0
2025-11-23T14:00,33.5,60,61,20.1,14.8
2025-11-23T15:00,31.3,65,64,19.1,13.2
2025-11-23T16:00,25.6,72,73,16.7,9.2
2025-11-23T17:00,16.2,80,85,16.5,8.3
2025-11-23T18:00,14.4,74,78,17.4,7.9
2025-11-23T19:00,13.7,73,76,16.2,6.7
2025-11-23T20:00,11.2,64,62,14.4,4.9
2025-11-23T21:00,7.9,55,47,13.2,4.5
2025-11-23T22:00,6.8,47,34,12.0,4.1
2025-11-23T23:00,5.8,40,21,10.3,3.1
2025-11-24T00:00,4.3,35,32,11.6,4.0
2025-11-24T01:00,5.4,42,55,9.9,2.8
2025-11-24T02:00,4.0,52,96,8.0,1.8
2025-11-24T03:00,2.5,63,146,6.4,1.3
2025-11-24T04:00,9.0,70,111,6.7,3.1
2025-11-24T05:00,18.4,61,64,8.6,6.6
2025-11-24T06:00,20.9,61,62,10.5,8.1
2025-11-24T07:00,24.8,66,67,11.6,9.0
2025-11-24T08:00,27.0,73,73,12.4,9.6
2025-11-24T09:00,28.4,76,76,13.2,10.2
2025-11-24T10:00,29.9,80,80,14.6,11.3
2025-11-24T11:00,31.7,86,87,16.2,12.6
2025-11-24T12:00,33.1,84,84,17.2,13.4
2025-11-24T13:00,32.0,89,89,17.1,13.0
2025-11-24T14:00,30.2,93,93,18.0,13.7
2025-11-24T15:00,29.5,93,93,17.5,12.4
2025-11-24T16:00,24.8,94,94,17.1,10.1
2025-11-24T17:00,18.0,92,94,16.4,8.7
2025-11-24T18:00,15.1,90,97,16.0,7.4
2025-11-24T19:00,12.2,93,103,15.5,6.5
2025-11-24T20:00,10.8,95,106,15.0,5.8
2025-11-24T21:00,9.7,97,108,13.6,4.6
2025-11-24T22:00,7.2,91,92,12.2,4.1
2025-11-24T23:00,5.8,90,90,11.7,3.8
2025-11-25T00:00,5.0,79,59,9.5,2.1
2025-11-25T01:00,2.9,79,315,7.5,0.8
2025-11-25T02:00,1.4,97,225,5.8,1.0
2025-11-25T03:00,3.2,119,221,5.2,1.9
2025-11-25T04:00,10.4,140,195,6.1,4.1
2025-11-25T05:00,16.6,113,116,7.8,5.8
2025-11-25T06:00,22.3,92,93,9.5,7.6
2025-11-25T07:00,24.1,97,97,11.1,8.5
2025-11-25T08:00,26.6,102,103,12.5,9.8
2025-11-25T09:00,29.9,102,103,14.9,11.6
2025-11-25T10:00,33.1,101,100,17.4,13.5
2025-11-25T11:00,33.1,99,98,14.6,11.3
2025-11-25T12:00,31.7,114,114,16.6,13.0
2025-11-25T13:00,32.8,111,111,19.3,14.6
2025-11-25T14:00,32.4,112,113,19.5,14.5
2025-11-25T15:00,31.0,112,113,19.5,13.6
2025-11-25T16:00,26.6,108,108,17.8,10.4
2025-11-25T17:00,18.7,103,103,15.3,7.8
2025-11-25T18:00,13.3,98,97,15.8,7.3
2025-11-25T19:00,12.2,100,103,15.7,6.5
2025-11-25T20:00,10.8,96,99,15.4,5.8
2025-11-25T21:00,9.7,91,92,14.6,4.9
2025-11-25T22:00,7.6,96,104,13.4,4.5
2025-11-25T23:00,8.3,108,125,13.8,5.0
2025-11-26T00:00,8.3,120,138,12.4,4.8
2025-11-26T01:00,7.9,118,138,12.4,4.6
2025-11-26T02:00,6.1,117,137,11.7,3.7
2025-11-26T03:00,5.0,113,135,10.4,2.3
2025-11-26T04:00,8.3,114,216,8.1,2.4
2025-11-26T05:00,18.0,113,115,10.0,7.2
2025-11-26T06:00,23.4,111,113,10.4,8.0
2025-11-26T07:00,25.6,103,103,12.7,9.8
2025-11-26T08:00,28.1,102,102,14.2,10.9
2025-11-26T09:00,31.7,102,102,16.7,12.9
2025-11-26T10:00,34.2,104,105,18.7,14.3
2025-11-26T11:00,35.6,105,106,20.0,15.3
2025-11-26T12:00,36.4,121,122,22.1,16.7
2025-11-26T13:00,36.7,118,118,21.6,15.9
2025-11-26T14:00,34.2,114,114,20.2,14.7
2025-11-26T15:00,30.6,109,108,18.6,12.5
2025-11-26T16:00,23.8,108,110,17.2,8.8
2025-11-26T17:00,15.5,111,117,16.6,7.2
2025-11-26T18:00,12.2,103,113,15.7,6.1
2025-11-26T19:00,10.4,101,107,15.6,5.5
2025-11-26T20:00,9.0,103,114,14.4,4.9
2025-11-26T21:00,8.3,109,122,15.0,5.5
2025-11-26T22:00,9.7,111,123,16.2,6.0
2025-11-26T23:00,10.1,108,117,16.3,5.6
2025-11-27T00:00,8.6,102,112,15.5,5.2
2025-11-27T01:00,8.6,102,110,16.8,5.8
2025-11-27T02:00,9.7,101,107,16.5,5.6
2025-11-27T03:00,8.6,99,105,14.6,5.0
2025-11-27T04:00,12.2,99,110,13.3,5.8
2025-11-27T05:00,22.0,95,96,13.4,9.8
2025-11-27T06:00,24.1,90,90,11.3,8.6
2025-11-27T07:00,23.8,97,100,11.1,8.6
2025-11-27T08:00,25.9,110,113,12.5,9.8
2025-11-27T09:00,28.4,111,112,14.3,11.1
2025-11-27T10:00,31.0,114,115,16.0,12.5
2025-11-27T11:00,32.4,116,117,17.4,13.5
2025-11-27T12:00,32.4,114,115,16.5,12.9
2025-11-27T13:00,29.9,115,117,16.1,12.5
2025-11-27T14:00,28.4,112,113,17.5,13.1
2025-11-27T15:00,27.4,109,110,18.5,11.3
2025-11-27T16:00,20.5,103,103,18.6,9.0
2025-11-27T17:00,15.5,97,94,18.1,7.9
2025-11-27T18:00,13.7,91,87,16.9,6.7
2025-11-27T19:00,11.5,86,80,16.2,6.0
2025-11-27T20:00,9.7,86,82,15.0,4.9
2025-11-27T21:00,7.6,89,88,14.0,4.9
2025-11-27T22:00,6.8,85,81,13.2,4.4
2025-11-27T23:00,5.8,78,63,12.3,3.6
2025-11-28T00:00,5.4,74,59,12.7,4.2
2025-11-28T01:00,6.5,59,42,13.6,4.8
2025-11-28T02:00,6.8,54,40,13.4,4.5
2025-11-28T03:00,6.1,50,25,11.1,3.0
2025-11-28T04:00,8.6,45,324,7.9,3.1
2025-11-28T05:00,15.1,36,32,7.1,5.1
2025-11-28T06:00,17.6,46,45,6.7,5.3
2025-11-28T07:00,19.4,43,43,7.4,5.9
2025-11-28T08:00,21.6,46,45,8.5,6.6
2025-11-28T09:00,22.0,46,44,8.3,6.5
2025-11-28T10:00,22.0,38,38,8.0,6.2
2025-11-28T11:00,21.2,52,52,7.8,6.2
2025-11-28T12:00,23.4,80,80,16.1,12.6
2025-11-28T13:00,29.9,84,83,16.5,12.5
2025-11-28T14:00,28.4,88,87,16.6,12.3
2025-11-28T15:00,26.3,83,81,17.0,11.3
2025-11-28T16:00,22.0,75,73,16.8,8.5
2025-11-28T17:00,14.8,75,74,16.6,7.1
2025-11-28T18:00,11.9,66,64,17.6,7.4
2025-11-28T19:00,12.2,71,73,16.8,6.2
2025-11-28T20:00,11.2,77,80,17.7,7.0
2025-11-28T21:00,11.5,75,75,17.2,6.3
2025-11-28T22:00,10.1,69,64,15.4,5.4
2025-11-28T23:00,7.9,63,56,13.7,4.5
2025-11-29T00:00,6.1,56,47,11.8,3.2
2025-11-29T01:00,4.3,43,16,12.0,3.4
2025-11-29T02:00,4.3,27,336,10.3,3.1
2025-11-29T03:00,4.7,9,306,8.9,3.3
2025-11-29T04:00,10.1,360,292,7.2,4.3
2025-11-29T05:00,13.3,4,358,7.2,5.0
2025-11-29T06:00,21.6,11,9,11.7,8.9
2025-11-29T07:00,24.8,14,13,12.4,9.6
2025-11-29T08:00,27.7,16,15,14.1,11.0
2025-11-29T09:00,29.5,22,21,15.1,11.7
2025-11-29T10:00,30.6,23,22,15.9,12.3
2025-11-29T11:00,32.4,32,32,17.8,13.7
2025-11-29T12:00,33.5,33,34,19.4,14.9
2025-11-29T13:00,34.2,37,37,20.6,15.3
2025-11-29T14:00,33.5,44,43,19.9,14.7
2025-11-29T15:00,30.2,52,52,20.4,13.5
2025-11-29T16:00,25.6,61,64,19.6,10.6
2025-11-29T17:00,18.7,61,65,18.8,8.9
2025-11-29T18:00,15.5,59,62,19.0,8.8
2025-11-29T19:00,15.5,57,61,18.7,8.6
2025-11-29T20:00,15.5,53,56,18.0,8.3
2025-11-29T21:00,14.0,49,51,16.3,6.5
2025-11-29T22:00,10.8,43,41,15.8,5.7
2025-11-29T23:00,10.8,41,43,17.0,6.6
2025-11-30T00:00,10.8,37,39,18.4,7.4
2025-11-30T01:00,13.0,31,31,18.4,7.6
2025-11-30T02:00,12.6,27,27,17.5,6.8
2025-11-30T03:00,11.2,25,25,16.9,6.4
2025-11-30T04:00,18.0,26,26,18.0,10.0
2025-11-30T05:00,30.6,27,27,21.0,15.1
2025-11-30T06:00,34.9,21,21,21.7,16.0
2025-11-30T07:00,36.7,23,22,22.7,16.7
2025-11-30T08:00,39.2,24,23,24.1,18.1
2025-11-30T09:00,40.7,25,24,25.0,18.5
2025-11-30T10:00,41.0,26,25,24.8,18.5
2025-11-30T11:00,40.7,30,30,24.2,18.1
2025-11-30T12:00,39.2,30,30,21.5,16.1
2025-11-30T13:00,35.3,41,41,20.4,15.2
2025-11-30T14:00,34.2,46,46,22.8,16.5
2025-11-30T15:00,34.2,53,53,24.0,16.3
2025-11-30T16:00,31.0,57,58,20.9,11.9
2025-11-30T17:00,21.6,55,56,21.2,11.3
2025-11-30T18:00,21.2,47,48,23.4,12.8
2025-11-30T19:00,24.1,43,44,24.3,13.2
2025-11-30T20:00,24.1,39,40,22.4,11.8
2025-11-30T21:00,21.2,42,44,19.3,9.0
2025-11-30T22:00,15.8,44,47,16.8,6.9
2025-11-30T23:00,11.5,45,48,16.0,6.5
2025-12-01T00:00,11.2,41,42,17.7,7.8
2025-12-01T01:00,13.3,39,39,17.9,7.9
2025-12-01T02:00,13.3,35,35,17.2,7.0
2025-12-01T03:00,11.5,31,25,17.4,6.8
2025-12-01T04:00,22.7,31,31,20.1,13.0
2025-12-01T05:00,31.3,30,30,21.1,15.2
2025-12-01T06:00,33.5,28,28,19.3,14.3
2025-12-01T07:00,35.3,26,25,21.3,15.9
2025-12-01T08:00,37.8,22,21,22.8,17.0
2025-12-01T09:00,38.2,21,20,22.4,16.9
2025-12-01T10:00,38.5,25,24,23.3,17.4
2025-12-01T11:00,38.5,26,26,23.5,17.6
2025-12-01T12:00,38.9,29,28,21.2,15.7
2025-12-01T13:00,33.5,33,33,20.7,15.4
2025-12-01T14:00,32.8,40,40,20.7,15.2
2025-12-01T15:00,31.3,47,48,20.6,14.0
2025-12-01T16:00,27.0,47,49,21.8,12.4
2025-12-01T17:00,22.7,47,47,21.0,11.3
2025-12-01T18:00,20.2,51,54,19.7,9.8
2025-12-01T19:00,16.9,51,52,19.7,9.4
2025-12-01T20:00,16.6,50,49,19.0,8.6
2025-12-01T21:00,14.8,47,47,17.8,7.6
2025-12-01T22:00,13.0,45,42,17.2,7.0
2025-12-01T23:00,11.9,40,37,17.5,7.2
2025-12-02T00:00,13.3,29,27,19.6,9.5
2025-12-02T01:00,17.3,26,23,20.2,9.6
2025-12-02T02:00,16.9,25,22,18.6,8.2
2025-12-02T03:00,13.7,26,25,17.6,6.9
2025-12-02T04:00,20.5,26,27,18.2,11.1
2025-12-02T05:00,29.5,30,30,19.8,14.4
2025-12-02T06:00,33.1,24,25,18.5,13.9
2025-12-02T07:00,33.5,24,23,20.1,15.1
2025-12-02T08:00,36.7,24,23,22.3,16.6
2025-12-02T09:00,40.0,28,28,24.5,18.3
2025-12-02T10:00,40.3,32,31,25.0,18.5
2025-12-02T11:00,40.3,38,38,24.6,18.2
2025-12-02T12:00,40.0,35,35,22.5,16.8
2025-12-02T13:00,37.1,42,41,23.6,17.5
2025-12-02T14:00,36.7,48,48,23.5,16.8
2025-12-02T15:00,34.2,55,55,21.8,14.9
2025-12-02T16:00,28.4,61,62,19.8,10.8
2025-12-02T17:00,19.8,65,65,20.1,10.5
2025-12-02T18:00,19.1,61,61,19.3,9.7
2025-12-02T19:00,16.9,61,62,19.0,8.8
2025-12-02T20:00,16.2,62,65,19.2,8.9
2025-12-02T21:00,15.8,63,65,19.2,9.1
2025-12-02T22:00,15.8,61,63,18.4,8.3
2025-12-02T23:00,14.0,59,62,17.4,7.3
2025-12-03T00:00,12.6,45,43,16.4,6.1
2025-12-03T01:00,11.5,43,44,16.6,6.7
2025-12-03T02:00,11.2,39,38,17.0,6.7
2025-12-03T03:00,10.8,39,38,16.6,6.2
2025-12-03T04:00,17.6,40,41,17.2,10.0
2025-12-03T05:00,26.3,44,44,17.1,12.3
2025-12-03T06:00,29.5,41,41,15.4,11.7
2025-12-03T07:00,28.4,38,39,15.4,11.6
2025-12-03T08:00,30.6,38,37,16.4,12.6
2025-12-03T09:00,33.5,36,35,18.5,14.2
2025-12-03T10:00,34.9,40,38,19.7,15.1
2025-12-03T11:00,35.3,42,41,19.9,15.1
2025-12-03T12:00,35.6,40,39,19.2,14.6
2025-12-03T13:00,33.5,49,48,20.7,15.4
2025-12-03T14:00,34.2,54,54,22.2,16.2
2025-12-03T15:00,33.5,60,60,21.5,14.8
2025-12-03T16:00,28.1,62,63,20.0,11.4
2025-12-03T17:00,20.5,63,65,18.9,9.7
2025-12-03T18:00,17.3,56,55,19.5,9.8
2025-12-03T19:00,17.3,54,54,18.0,8.5
2025-12-03T20:00,14.8,52,52,15.9,6.7
2025-12-03T21:00,10.8,52,50,15.5,5.9
2025-12-03T22:00,11.2,56,57,16.6,6.9
2025-12-03T23:00,11.5,59,61,16.4,6.6
2025-12-04T00:00,10.8,50,55,14.8,5.3
2025-12-04T01:00,8.6,59,73,14.4,5.1
2025-12-04T02:00,7.9,63,77,13.7,4.6
2025-12-04T03:00,7.2,59,64,13.5,4.6
2025-12-04T04:00,12.2,55,58,13.3,5.7
2025-12-04T05:00,23.4,49,48,14.5,10.6
2025-12-04T06:00,26.3,46,46,12.1,9.3
2025-12-04T07:00,25.9,41,41,13.0,10.0
2025-12-04T08:00,27.4,39,39,13.7,10.6
2025-12-04T09:00,29.5,39,38,15.2,11.9
2025-12-04T10:00,31.7,35,33,16.8,13.1
2025-12-04T11:00,34.6,39,38,19.7,15.0
2025-12-04T12:00,34.6,38,37,20.1,15.4
2025-12-04T13:00,34.2,44,44,19.9,14.9
2025-12-04T14:00,32.8,53,53,19.0,14.1
2025-12-04T15:00,29.5,65,65,18.8,13.1
2025-12-04T16:00,25.2,77,78,18.6,10.3
2025-12-04T17:00,18.7,82,84,18.4,9.0
2025-12-04T18:00,16.2,70,72,17.2,7.7
2025-12-04T19:00,13.0,67,65,16.3,6.4
2025-12-04T20:00,10.8,67,67,16.0,5.9
2025-12-04T21:00,9.4,71,77,13.9,4.6
2025-12-04T22:00,6.5,68,71,11.5,3.2
2025-12-04T23:00,4.3,72,90,10.2,2.3
2025-12-05T00:00,3.2,78,153,8.1,1.2
2025-12-05T01:00,1.8,79,225,5.7,0.5
2025-12-05T02:00,1.1,79,243,3.8,0.4
2025-12-05T03:00,1.4,62,270,3.5,0.4
2025-12-05T04:00,6.5,47,277,3.2,1.5
2025-12-05T05:00,11.2,77,80,5.7,4.0
2025-12-05T06:00,19.1,58,55,7.4,5.7
2025-12-05T07:00,20.2,50,48,8.4,6.5
2025-12-05T08:00,22.3,43,41,9.4,7.4
2025-12-05T09:00,22.7,46,44,9.3,7.3
2025-12-05T10:00,25.9,58,57,12.0,9.6
2025-12-05T11:00,27.7,70,70,13.9,10.9
2025-12-05T12:00,29.9,68,68,15.9,12.4
2025-12-05T13:00,31.0,74,73,18.2,13.7
2025-12-05T14:00,30.6,79,79,19.5,14.3
2025-12-05T15:00,29.9,80,80,19.4,13.2
2025-12-05T16:00,25.2,73,71,16.6,8.8
2025-12-05T17:00,15.5,73,72,16.4,7.6
2025-12-05T18:00,13.3,66,64,16.6,6.2
2025-12-05T19:00,11.5,66,65,17.6,6.9
2025-12-05T20:00,11.5,66,63,17.2,6.3
2025-12-05T21:00,10.1,70,68,15.5,5.2
2025-12-05T22:00,7.6,71,67,14.6,5.1
2025-12-05T23:00,6.8,69,54,12.4,3.3
2025-12-06T00:00,4.3,65,354,8.5,1.6
2025-12-06T01:00,2.5,58,315,6.8,1.3
2025-12-06T02:00,1.8,55,292,5.3,1.0
2025-12-06T03:00,1.8,54,297,6.2,1.2
2025-12-06T04:00,7.2,49,306,5.7,2.4
2025-12-06T05:00,14.4,61,58,7.8,5.5
2025-12-06T06:00,20.2,69,68,7.9,6.2
2025-12-06T07:00,22.0,72,72,9.8,7.6
2025-12-06T08:00,22.0,75,76,9.3,7.2
2025-12-06T09:00,23.8,80,80,11.0,8.6
2025-12-06T10:00,28.8,64,62,12.4,9.6
2025-12-06T11:00,25.2,86,86,8.8,7.0
2025-12-06T12:00,30.2,76,75,13.0,10.0
2025-12-06T13:00,27.7,84,84,14.8,11.2
2025-12-06T14:00,26.3,95,94,15.5,11.7
2025-12-06T15:00,25.9,94,93,17.7,12.1
2025-12-06T16:00,23.4,96,100,17.9,9.7
2025-12-06T17:00,16.9,92,91,16.0,7.4
2025-12-06T18:00,13.3,89,90,16.9,7.0
2025-12-06T19:00,11.9,97,104,16.0,5.9
2025-12-06T20:00,9.4,100,111,14.8,5.0
2025-12-06T21:00,7.9,102,110,14.9,5.2
2025-12-06T22:00,7.6,104,115,13.7,4.8
2025-12-06T23:00,6.5,112,131,12.0,3.8
2025-12-07T00:00,5.0,99,104,11.1,3.0
2025-12-07T01:00,4.3,97,94,11.4,2.7
2025-12-07T02:00,3.6,98,79,10.2,1.8
2025-12-07T03:00,2.5,110,131,10.1,1.9
2025-12-07T04:00,10.1,122,169,9.9,4.8
2025-12-07T05:00,15.8,114,116,9.4,6.6
2025-12-07T06:00,22.3,107,109,10.7,8.2
2025-12-07T07:00,22.3,99,101,10.0,7.7
2025-12-07T08:00,23.0,99,101,10.6,8.3
2025-12-07T09:00,25.9,97,96,12.7,10.0
2025-12-07T10:00,27.0,91,90,13.5,10.6
2025-12-07T11:00,28.4,84,83,15.6,12.0
2025-12-07T12:00,30.2,94,94,15.3,11.7
2025-12-07T13:00,28.1,94,94,16.8,12.6
2025-12-07T14:00,28.1,100,100,17.2,12.6
2025-12-07T15:00,25.9,96,96,15.7,10.7
2025-12-07T16:00,19.4,91,93,16.2,8.1
2025-12-07T17:00,14.0,104,111,15.8,7.0
2025-12-07T18:00,11.9,91,92,16.4,6.5
2025-12-07T19:00,10.8,87,87,15.9,6.0
2025-12-07T20:00,10.4,94,98,16.6,6.2
2025-12-07T21:00,10.1,92,88,13.2,4.1
2025-12-07T22:00,6.8,102,109,14.0,5.0
2025-12-07T23:00,8.6,94,94,14.1,5.1
2025-12-08T00:00,7.9,82,81,10.5,3.3
2025-12-08T01:00,4.3,69,45,8.7,1.8
2025-12-08T02:00,2.5,98,157,6.7,1.4
2025-12-08T03:00,7.2,122,153,10.2,4.4
2025-12-08T04:00,9.0,99,126,9.3,3.3
2025-12-08T05:00,15.1,80,77,7.5,5.5
2025-12-08T06:00,15.8,65,64,7.2,5.4
2025-12-08T07:00,19.4,47,45,6.9,5.3
2025-12-08T08:00,20.5,40,38,8.2,6.4
2025-12-08T09:00,22.3,47,46,9.8,7.8
2025-12-08T10:00,23.4,50,50,12.1,9.6
2025-12-08T11:00,27.4,67,68,14.4,10.9
2025-12-08T12:00,27.0,69,68,15.2,11.5
2025-12-08T13:00,26.6,85,85,13.9,10.5
2025-12-08T14:00,25.6,99,99,16.2,12.0
2025-12-08T15:00,25.6,103,103,18.3,12.6
2025-12-08T16:00,23.8,103,106,17.8,9.7
2025-12-08T17:00,17.6,97,98,16.5,7.6
2025-12-08T18:00,13.3,77,69,15.7,5.6
2025-12-08T19:00,10.4,69,60,16.4,6.5
2025-12-08T20:00,11.9,71,71,17.5,7.2
2025-12-08T21:00,11.9,74,80,16.1,6.0
2025-12-08T22:00,10.1,67,72,14.8,5.1
2025-12-08T23:00,7.9,63,69,12.9,4.4
2025-12-09T00:00,6.1,80,119,10.1,3.3
2025-12-09T01:00,4.3,68,104,9.1,3.0
2025-12-09T02:00,6.8,88,137,8.5,3.7
2025-12-09T03:00,6.1,90,114,9.4,3.5
2025-12-09T04:00,9.4,93,121,8.1,3.8
2025-12-09T05:00,12.6,94,103,4.7,3.3
2025-12-09T06:00,16.6,76,78,5.9,4.4
2025-12-09T07:00,18.0,86,90,5.6,4.1
2025-12-09T08:00,18.7,90,92,6.3,4.9
2025-12-09T09:00,18.7,85,85,8.1,6.3
2025-12-09T10:00,21.6,81,81,9.9,7.7
2025-12-09T11:00,24.8,90,92,13.0,9.9
2025-12-09T12:00,29.2,66,65,14.8,11.4
2025-12-09T13:00,29.2,74,74,18.0,13.3
2025-12-09T14:00,29.5,85,85,19.0,13.9
2025-12-09T15:00,28.8,86,87,19.0,12.6
2025-12-09T16:00,22.7,80,80,18.1,9.1
2025-12-09T17:00,16.2,71,65,17.5,8.0
2025-12-09T18:00,13.3,70,69,19.5,8.5
2025-12-09T19:00,14.4,77,80,17.9,7.0
2025-12-09T20:00,11.5,81,86,15.5,5.2
2025-12-09T21:00,7.6,80,88,13.3,4.3
2025-12-09T22:00,5.8,86,106,11.4,3.2
2025-12-09T23:00,5.0,91,113,11.3,3.7
2025-12-10T00:00,5.8,87,97,12.4,4.4
2025-12-10T01:00,6.1,77,81,12.4,4.4
2025-12-10T02:00,6.1,66,56,11.6,4.1
2025-12-10T03:00,5.8,59,34,9.7,2.6
2025-12-10T04:00,7.2,47,294,5.9,2.2
2025-12-10T05:00,12.6,55,54,7.0,4.6
2025-12-10T06:00,19.8,58,58,10.2,7.8
2025-12-10T07:00,23.8,50,49,12.4,9.3
2025-12-10T08:00,27.0,45,43,14.9,11.3
2025-12-10T09:00,28.4,44,42,15.7,11.9
2025-12-10T10:00,29.2,47,46,16.3,12.3
2025-12-10T11:00,29.2,58,58,15.1,11.5
2025-12-10T12:00,29.5,43,41,16.3,12.4
2025-12-10T13:00,28.8,51,50,17.0,12.7
2025-12-10T14:00,28.8,62,62,19.1,13.8
2025-12-10T15:00,28.8,73,74,18.2,12.2
2025-12-10T16:00,23.0,79,82,17.4,8.9
2025-12-10T17:00,15.8,78,80,17.5,8.0
2025-12-10T18:00,14.0,70,71,19.4,8.9
2025-12-10T19:00,15.1,71,73,17.5,6.6
2025-12-10T20:00,10.8,73,76,17.0,6.1
2025-12-10T21:00,10.1,69,68,16.9,5.8
2025-12-10T22:00,9.4,65,61,16.3,5.6
2025-12-10T23:00,8.3,60,54,15.2,5.1
2025-12-11T00:00,8.3,53,52,14.8,5.0
2025-12-11T01:00,7.9,48,49,15.4,5.2
2025-12-11T02:00,7.9,48,51,14.7,5.1
2025-12-11T03:00,7.6,46,50,13.2,4.5
2025-12-11T04:00,11.9,44,43,13.0,6.4
2025-12-11T05:00,18.4,48,49,11.6,8.3
2025-12-11T06:00,22.7,51,52,10.9,8.2
2025-12-11T07:00,24.8,48,48,11.3,8.7
2025-12-11T08:00,24.5,45,44,12.5,9.5
2025-12-11T09:00,26.3,44,42,14.3,10.7
2025-12-11T10:00,27.7,49,48,15.2,11.6
2025-12-11T11:00,28.1,53,51,15.6,11.8
2025-12-11T12:00,29.2,59,58,14.5,11.2
2025-12-11T13:00,26.6,69,69,15.6,11.8
2025-12-11T14:00,27.4,78,77,18.0,13.3
2025-12-11T15:00,27.7,84,83,17.9,12.0
2025-12-11T16:00,22.0,84,84,17.6,9.2
2025-12-11T17:00,16.2,87,87,16.8,7.7
2025-12-11T18:00,13.3,82,85,18.6,8.1
2025-12-11T19:00,14.0,81,84,18.2,7.1
2025-12-11T20:00,11.9,82,84,16.7,5.6
2025-12-11T21:00,8.6,79,78,13.8,4.4
2025-12-11T22:00,5.8,70,54,10.7,2.4
2025-12-11T23:00,4.0,61,34,11.1,3.2
2025-12-12T00:00,6.8,49,30,12.2,4.4
2025-12-12T01:00,6.5,44,32,12.9,4.7
2025-12-12T02:00,6.8,41,32,13.1,4.7
2025-12-12T03:00,6.8,44,40,13.0,4.5
2025-12-12T04:00,11.9,44,38,12.5,6.4
2025-12-12T05:00,18.7,53,54,12.2,8.5
2025-12-12T06:00,20.2,57,58,11.6,8.7
2025-12-12T07:00,23.4,50,49,10.7,8.2
2025-12-12T08:00,22.0,43,41,10.1,7.7
2025-12-12T09:00,21.6,47,45,9.6,7.4
2025-12-12T10:00,24.8,54,53,12.5,9.6
2025-12-12T11:00,28.1,65,65,15.1,11.8
2025-12-12T12:00,28.8,75,74,15.3,11.8
2025-12-12T13:00,29.5,87,88,17.7,13.3
2025-12-12T14:00,29.5,100,102,18.1,13.4
2025-12-12T15:00,27.7,103,103,18.5,12.4
2025-12-12T16:00,22.3,102,103,17.1,8.3
2025-12-12T17:00,14.8,101,102,15.7,6.2
2025-12-12T18:00,10.4,97,96,16.9,6.5
2025-12-12T19:00,11.2,92,88,16.9,6.3
2025-12-12T20:00,10.4,94,93,16.8,6.5
2025-12-12T21:00,10.4,97,98,15.6,5.4
2025-12-12T22:00,8.6,97,94,13.8,4.9
2025-12-12T23:00,6.5,102,107,12.3,3.8
2025-12-13T00:00,5.0,41,5,11.9,4.2
2025-12-13T01:00,5.4,44,31,11.6,3.1
2025-12-13T02:00,4.3,54,112,8.6,1.0
2025-12-13T03:00,1.4,37,281,6.0,0.9
2025-12-13T04:00,9.7,360,294,6.5,4.3
2025-12-13T05:00,10.4,18,8,4.2,2.7
2025-12-13T06:00,15.5,98,102,7.8,5.9
2025-12-13T07:00,20.9,102,104,9.4,7.2
2025-12-13T08:00,21.6,104,104,9.8,7.4
2025-12-13T09:00,23.4,97,97,11.1,8.4
2025-12-13T10:00,25.2,103,104,12.4,9.6
2025-12-13T11:00,27.4,113,115,14.3,11.1
2025-12-13T12:00,30.2,105,104,15.9,12.0
2025-12-13T13:00,29.2,109,110,17.9,13.4
2025-12-13T14:00,30.2,108,110,18.2,13.4
2025-12-13T15:00,28.1,110,111,16.5,11.4
2025-12-13T16:00,21.6,102,103,17.3,8.9
2025-12-13T17:00,15.8,104,111,16.3,7.1
2025-12-13T18:00,12.2,101,107,16.7,6.2
2025-12-13T19:00,10.1,89,86,16.4,5.8
2025-12-13T20:00,9.0,82,76,14.7,5.2
2025-12-13T21:00,7.2,79,72,13.6,4.7
2025-12-13T22:00,7.2,79,76,14.7,5.2
2025-12-13T23:00,7.2,74,65,13.8,4.8
2025-12-14T00:00,6.5,52,21,10.5,3.1
2025-12-14T01:00,4.0,46,342,8.8,1.7
2025-12-14T02:00,2.5,54,360,8.6,1.3
2025-12-14T03:00,1.8,60,329,7.5,1.0
2025-12-14T04:00,5.8,62,277,5.7,1.5
2025-12-14T05:00,9.4,68,73,3.9,2.4
2025-12-14T06:00,13.7,108,113,3.6,2.7
2025-12-14T07:00,15.5,121,127,4.8,3.6
2025-12-14T08:00,16.2,121,124,5.2,3.9
2025-12-14T09:00,17.6,112,115,6.2,4.8
2025-12-14T10:00,21.2,110,111,9.4,7.1
2025-12-14T11:00,25.2,100,100,13.3,10.2
2025-12-14T12:00,28.1,106,108,14.6,11.2
2025-12-14T13:00,27.4,105,106,15.9,12.2
2025-12-14T14:00,27.4,105,106,16.2,12.0
2025-12-14T15:00,25.6,98,99,17.1,11.5
2025-12-14T16:00,21.2,84,84,17.8,9.0
2025-12-14T17:00,15.8,88,90,15.8,6.5
2025-12-14T18:00,10.4,88,92,15.8,5.6
2025-12-14T19:00,9.0,86,84,14.2,4.9
2025-12-14T20:00,6.8,87,81,12.4,3.5
2025-12-14T21:00,4.7,98,107,10.2,1.9
2025-12-14T22:00,4.0,125,170,10.1,3.1
2025-12-14T23:00,4.3,136,202,8.8,1.9
2025-12-15T00:00,3.2,93,270,4.0,0.2
2025-12-15T01:00,3.2,135,246,2.3,1.8
2025-12-15T02:00,5.4,153,265,2.8,2.0
2025-12-15T03:00,4.0,141,270,2.3,1.6
2025-12-15T04:00,7.9,165,254,2.8,3.2
2025-12-15T05:00,11.5,189,213,3.6,3.0
2025-12-15T06:00,21.2,199,219,4.4,3.5
2025-12-15T07:00,21.6,152,159,9.7,7.5
2025-12-15T08:00,27.7,123,121,15.0,11.4
2025-12-15T09:00,25.2,159,169,6.0,4.6
2025-12-15T10:00,29.9,121,121,18.1,14.3
2025-12-15T11:00,35.3,144,143,20.4,14.7
2025-12-15T12:00,35.6,135,137,16.7,12.6
2025-12-15T13:00,31.3,124,125,19.7,14.5
2025-12-15T14:00,32.8,114,117,22.3,15.2
2025-12-15T15:00,28.8,112,110,14.5,9.4
2025-12-15T16:00,18.4,112,114,19.8,10.9
2025-12-15T17:00,21.2,124,133,12.6,6.1
2025-12-15T18:00,10.4,113,124,18.6,8.9
2025-12-15T19:00,22.3,94,97,23.3,12.3
2025-12-15T20:00,20.9,99,107,14.0,6.9
2025-12-15T21:00,12.2,134,219,7.0,2.3
2025-12-15T22:00,8.3,168,217,9.0,4.8
2025-12-15T23:00,9.0,175,218,10.3,5.0
2025-12-16T00:00,13.7,198,199,16.5,9.3
2025-12-16T01:00,20.5,217,228,19.3,11.0
2025-12-16T02:00,19.4,217,238,12.6,6.5
2025-12-16T03:00,15.1,189,202,15.5,8.2
2025-12-16T04:00,16.9,190,200,13.0,8.3
2025-12-16T05:00,19.4,185,186,11.7,8.3
2025-12-16T06:00,24.1,125,122,17.7,12.7
2025-12-16T07:00,26.3,171,180,5.8,4.1
2025-12-16T08:00,23.4,127,125,12.1,9.0
2025-12-16T09:00,31.0,122,125,16.2,12.3
2025-12-16T10:00,31.0,143,146,14.8,11.3
2025-12-16T11:00,29.2,144,142,15.2,11.2
2025-12-16T12:00,27.4,137,136,21.0,14.8
2025-12-16T13:00,29.5,131,130,17.2,12.5
2025-12-16T14:00,25.9,142,142,15.5,10.5
2025-12-16T15:00,20.2,145,148,15.1,9.5
2025-12-16T16:00,16.9,147,152,17.1,9.2
2025-12-16T17:00,15.5,149,159,15.2,7.0
2025-12-16T18:00,11.5,178,199,14.2,6.7
2025-12-16T19:00,11.2,182,205,14.1,6.8
2025-12-16T20:00,12.2,185,207,15.9,7.5
2025-12-16T21:00,12.6,182,206,15.8,7.0
2025-12-16T22:00,11.9,188,210,14.9,6.9
2025-12-16T23:00,13.3,198,225,15.5,7.9
2025-12-17T00:00,15.5,204,221,10.5,4.1
2025-12-17T01:00,10.8,211,229,11.8,6.0
2025-12-17T02:00,11.2,185,183,13.5,6.7
2025-12-17T03:00,14.8,210,218,17.3,9.1
2025-12-17T04:00,19.1,218,216,19.0,8.2
2025-12-17T05:00,17.6,201,201,10.0,7.1
2025-12-17T06:00,22.0,206,205,16.4,12.3
2025-12-17T07:00,27.4,208,207,13.6,10.3
2025-12-17T08:00,25.6,197,197,13.7,10.5
2025-12-17T09:00,28.1,183,183,15.7,11.9
2025-12-17T10:00,31.0,168,166,18.4,14.1
2025-12-17T11:00,41.4,140,141,26.2,17.8
2025-12-17T12:00,35.3,150,151,14.1,10.5
2025-12-17T13:00,29.5,134,134,19.3,14.1
2025-12-17T14:00,35.6,132,132,26.0,17.8
2025-12-17T15:00,35.3,139,140,20.8,13.6
2025-12-17T16:00,25.2,137,138,19.1,10.4
2025-12-17T17:00,18.7,137,140,19.1,9.8
2025-12-17T18:00,17.6,135,137,20.2,12.6
2025-12-17T19:00,23.4,153,163,13.5,7.5
2025-12-17T20:00,13.7,140,173,8.9,4.2
2025-12-17T21:00,10.1,182,224,9.9,6.0
2025-12-17T22:00,10.8,193,225,11.3,6.1
2025-12-17T23:00,10.8,188,227,9.4,3.9
2025-12-18T00:00,8.3,90,84,10.3,5.1
2025-12-18T01:00,7.9,166,216,5.9,4.6
2025-12-18T02:00,9.4,231,249,5.8,5.4
2025-12-18T03:00,9.7,247,251,7.0,3.8
2025-12-18T04:00,14.0,246,250,11.2,6.9
2025-12-18T05:00,15.1,284,287,8.0,5.6
2025-12-18T06:00,15.1,12,12,7.0,5.3
2025-12-18T07:00,18.0,9,8,6.7,5.3
2025-12-18T08:00,20.2,17,16,8.1,6.4
2025-12-18T09:00,23.0,23,23,11.0,8.8
2025-12-18T10:00,26.3,56,53,14.9,10.4
2025-12-18T11:00,23.0,83,84,8.7,6.5
2025-12-18T12:00,29.5,100,102,19.0,13.6
2025-12-18T13:00,29.2,92,93,14.2,10.5
2025-12-18T14:00,24.8,100,100,17.0,12.1
2025-12-18T15:00,24.8,125,138,13.3,7.5
2025-12-18T16:00,13.0,124,133,15.2,7.4
2025-12-18T17:00,12.2,125,144,12.3,4.2
2025-12-18T18:00,6.8,101,106,14.7,6.7
2025-12-18T19:00,13.0,112,103,12.0,4.1
2025-12-18T20:00,5.8,129,249,7.4,1.5
2025-12-18T21:00,3.6,131,263,6.2,1.5
2025-12-18T22:00,6.1,166,242,6.1,3.1
2025-12-18T23:00,6.5,200,291,2.7,3.5
2025-12-19T00:00,10.4,343,288,1.9,3.6
2025-12-19T01:00,5.8,326,274,1.9,2.5
2025-12-19T02:00,8.3,270,265,6.8,4.2
2025-12-19T03:00,7.2,269,263,7.7,4.2
2025-12-19T04:00,11.9,267,258,7.9,6.1
2025-12-19T05:00,12.6,247,243,5.1,3.6
2025-12-19T06:00,12.2,137,132,6.4,5.1
2025-12-19T07:00,20.5,125,126,5.9,4.9
2025-12-19T08:00,19.8,97,104,5.6,4.5
2025-12-19T09:00,17.3,68,64,7.2,5.8
2025-12-19T10:00,24.1,53,46,11.4,8.3
2025-12-19T11:00,20.2,83,81,7.4,5.7
2025-12-19T12:00,28.1,98,94,15.5,10.5
2025-12-19T13:00,21.2,114,117,9.4,6.4
2025-12-19T14:00,16.6,112,113,11.1,7.8
2025-12-19T15:00,19.1,110,111,15.9,9.2
2025-12-19T16:00,16.9,109,110,16.2,7.5
2025-12-19T17:00,13.0,112,116,15.7,6.2
2025-12-19T18:00,10.1,113,113,15.6,6.1
2025-12-19T19:00,10.1,102,92,14.0,4.9
2025-12-19T20:00,7.2,93,68,11.9,4.3
2025-12-19T21:00,5.8,97,41,8.9,1.7
2025-12-19T22:00,2.5,99,61,9.5,1.9
2025-12-19T23:00,2.5,100,22,8.2,1.0
2025-12-20T00:00,1.4,119,243,5.2,0.8
2025-12-20T01:00,1.4,124,256,3.9,0.7
2025-12-20T02:00,3.2,150,243,3.6,2.0
2025-12-20T03:00,7.6,198,222,7.0,4.8
2025-12-20T04:00,13.0,212,222,11.2,7.0
2025-12-20T05:00,13.3,233,237,7.5,4.9
2025-12-20T06:00,15.8,189,191,6.9,5.5
2025-12-20T07:00,18.4,167,167,8.1,6.5
2025-12-20T08:00,22.3,160,160,9.4,7.5
2025-12-20T09:00,20.5,160,165,6.3,5.0
2025-12-20T10:00,19.4,161,165,7.8,6.3
2025-12-20T11:00,26.6,125,119,16.8,11.7
2025-12-20T12:00,24.8,95,72,2.0,1.1
2025-12-20T13:00,11.2,128,135,6.4,4.3
2025-12-20T14:00,19.1,111,112,13.8,9.9
2025-12-20T15:00,22.3,113,112,17.6,10.7
2025-12-20T16:00,19.4,109,110,15.7,7.3
2025-12-20T17:00,12.6,100,94,14.1,5.2
2025-12-20T18:00,8.6,92,86,14.2,5.1
2025-12-20T19:00,7.9,86,72,14.3,5.1
2025-12-20T20:00,7.2,78,47,11.4,3.2
2025-12-20T21:00,4.0,91,101,11.0,2.8
2025-12-20T22:00,4.3,103,148,9.6,2.3
2025-12-20T23:00,3.2,110,163,8.8,1.9
2025-12-21T00:00,2.9,63,9,7.5,1.1
2025-12-21T01:00,5.4,54,34,10.9,4.1
2025-12-21T02:00,6.1,49,26,12.0,4.6
2025-12-21T03:00,6.5,46,4,9.9,2.7
2025-12-21T04:00,7.2,38,308,7.6,3.2
2025-12-21T05:00,10.8,6,342,5.1,3.4
2025-12-21T06:00,20.5,329,319,7.3,6.0
2025-12-21T07:00,26.6,9,8,14.8,11.5
2025-12-21T08:00,27.7,19,21,11.2,8.5
2025-12-21T09:00,26.6,30,29,13.2,10.1
2025-12-21T10:00,28.8,26,26,15.9,12.2
2025-12-21T11:00,29.2,39,38,17.0,12.8
2025-12-21T12:00,29.9,37,36,14.3,10.9
2025-12-21T13:00,26.6,47,46,15.3,11.3
2025-12-21T14:00,25.6,55,55,15.4,11.2
2025-12-21T15:00,23.8,61,61,15.2,9.7
2025-12-21T16:00,18.0,71,74,13.3,5.8
2025-12-21T17:00,9.7,72,73,13.4,4.9
2025-12-21T18:00,7.9,57,52,14.6,5.3
2025-12-21T19:00,8.6,56,55,14.9,5.3
2025-12-21T20:00,8.6,58,60,14.9,5.0
2025-12-21T21:00,8.3,51,46,15.2,5.2
2025-12-21T22:00,9.4,41,30,16.0,5.8
2025-12-21T23:00,9.4,29,15,15.8,5.6
2025-12-22T00:00,9.0,31,28,19.5,8.1
2025-12-22T01:00,14.8,31,31,17.9,7.3
2025-12-22T02:00,12.2,30,28,16.6,5.7
2025-12-22T03:00,9.0,24,18,15.0,5.1
2025-12-22T04:00,10.8,26,24,13.2,6.1
2025-12-22T05:00,15.8,29,30,12.2,7.9
2025-12-22T06:00,27.4,25,25,16.8,12.5
2025-12-22T07:00,30.2,27,26,18.5,13.8
2025-12-22T08:00,32.4,27,27,19.9,14.7
2025-12-22T09:00,34.2,30,29,21.1,15.8
2025-12-22T10:00,36.4,33,31,23.2,17.0
2025-12-22T11:00,39.2,34,32,25.7,18.8
2025-12-22T12:00,39.2,32,32,24.8,18.2
2025-12-22T13:00,37.8,40,40,24.5,17.6
2025-12-22T14:00,36.4,45,45,23.8,16.7
2025-12-22T15:00,33.1,48,48,22.0,13.8
2025-12-22T16:00,25.6,46,46,20.9,11.1
2025-12-22T17:00,19.8,45,44,19.7,9.5
2025-12-22T18:00,16.9,43,44,19.6,8.8
2025-12-22T19:00,15.1,45,46,19.7,8.5
2025-12-22T20:00,15.1,40,40,20.2,8.7
2025-12-22T21:00,14.8,39,38,19.1,8.0
2025-12-22T22:00,13.3,40,38,18.9,8.0
2025-12-22T23:00,13.7,40,38,17.7,7.3
2025-12-23T00:00,12.2,29,26,18.8,8.2
2025-12-23T01:00,13.7,25,19,17.7,7.2
2025-12-23T02:00,16.2,7,355,20.1,10.1
2025-12-23T03:00,18.4,11,2,17.6,8.3
2025-12-23T04:00,16.2,3,351,19.3,10.0
2025-12-23T05:00,27.0,2,2,21.1,14.1
2025-12-23T06:00,31.3,12,13,18.6,13.7
2025-12-23T07:00,32.4,18,18,20.8,15.4
2025-12-23T08:00,36.7,20,20,23.0,17.0
2025-12-23T09:00,40.0,18,18,25.2,18.5
2025-12-23T10:00,40.3,23,23,25.4,18.7
2025-12-23T11:00,40.7,25,26,23.7,17.6
2025-12-23T12:00,40.3,25,26,23.5,17.4
2025-12-23T13:00,40.7,34,34,24.9,18.1
2025-12-23T14:00,37.4,40,40,25.3,17.7
2025-12-23T15:00,35.6,44,45,24.1,15.9
2025-12-23T16:00,30.2,45,46,20.7,11.5
2025-12-23T17:00,20.9,45,45,20.1,10.2
2025-12-23T18:00,18.4,48,49,22.2,11.5
2025-12-23T19:00,20.2,45,44,21.0,10.6
2025-12-23T20:00,20.2,41,41,22.3,11.2
2025-12-23T21:00,19.8,39,39,20.5,9.5
2025-12-23T22:00,16.6,38,38,19.2,8.5
2025-12-23T23:00,14.4,36,34,18.7,8.0
2025-12-24T00:00,14.0,28,24,20.0,9.3
2025-12-24T01:00,15.8,27,24,19.0,8.3
2025-12-24T02:00,14.0,21,16,18.2,7.7
2025-12-24T03:00,13.0,20,15,18.3,7.8
2025-12-24T04:00,14.4,17,10,17.5,9.0
2025-12-24T05:00,28.1,20,18,21.4,15.0
2025-12-24T06:00,34.6,17,17,21.9,15.8
2025-12-24T07:00,38.9,12,12,23.8,17.5
2025-12-24T08:00,39.2,8,8,23.6,17.5
2025-12-24T09:00,38.9,15,15,20.8,15.3
2025-12-24T10:00,34.6,20,21,20.2,14.9
2025-12-24T11:00,36.7,27,26,21.7,16.3
2025-12-24T12:00,36.0,32,33,24.2,17.8
2025-12-24T13:00,40.3,36,37,25.5,18.4
2025-12-24T14:00,37.8,43,44,25.6,18.0
2025-12-24T15:00,35.6,48,49,23.5,15.1
2025-12-24T16:00,28.1,48,49,22.0,11.9
2025-12-24T17:00,21.2,48,48,22.2,11.5
2025-12-24T18:00,20.9,48,50,23.8,12.5
2025-12-24T19:00,22.0,52,54,21.3,10.4
2025-12-24T20:00,18.4,50,51,17.9,7.4
2025-12-24T21:00,12.6,44,40,16.5,6.1
2025-12-24T22:00,10.1,35,28,16.8,6.1
2025-12-24T23:00,11.5,26,17,17.8,6.8
2025-12-25T00:00,11.9,33,34,21.2,10.2
2025-12-25T01:00,18.0,29,28,20.8,9.8
2025-12-25T02:00,17.3,27,28,18.6,8.1
2025-12-25T03:00,14.0,30,32,17.0,6.8
2025-12-25T04:00,15.1,29,28,17.7,9.6
2025-12-25T05:00,31.0,25,25,22.7,15.9
2025-12-25T06:00,33.5,21,21,22.6,16.4
2025-12-25T07:00,34.9,20,20,22.4,16.5
2025-12-25T08:00,37.1,17,17,23.3,17.3
2025-12-25T09:00,37.1,15,14,22.7,16.7
2025-12-25T10:00,37.1,16,16,22.9,17.0
2025-12-25T11:00,38.5,33,35,25.9,18.5
2025-12-25T12:00,38.5,28,29,23.3,17.2
2025-12-25T13:00,36.4,39,39,21.9,16.0
2025-12-25T14:00,33.8,47,47,22.5,16.2
2025-12-25T15:00,32.4,52,52,22.7,15.3
2025-12-25T16:00,28.4,51,52,19.5,10.0
2025-12-25T17:00,18.0,53,55,18.0,8.4
2025-12-25T18:00,14.8,50,52,19.4,9.0
2025-12-25T19:00,15.5,50,50,18.4,8.2
2025-12-25T20:00,14.0,51,52,17.8,7.3
2025-12-25T21:00,12.2,45,42,17.8,7.0
2025-12-25T22:00,13.0,33,27,18.7,7.6
2025-12-25T23:00,13.0,29,22,15.5,5.2
2025-12-26T00:00,7.9,15,8,16.2,6.4
2025-12-26T01:00,10.8,4,353,13.0,4.4
2025-12-26T02:00,7.9,3,358,13.5,5.0
2025-12-26T03:00,10.4,10,11,15.9,6.4
2025-12-26T04:00,13.0,14,16,16.2,8.6
2025-12-26T05:00,25.6,17,17,17.7,12.6
2025-12-26T06:00,26.3,21,20,20.0,14.6
2025-12-26T07:00,35.6,19,19,22.9,16.8
2025-12-26T08:00,36.7,19,18,22.4,16.7
2025-12-26T09:00,37.4,22,21,22.9,17.0
2025-12-26T10:00,37.4,23,22,23.0,17.1
2025-12-26T11:00,37.4,25,25,22.0,16.4
2025-12-26T12:00,36.0,17,18,20.3,15.3
2025-12-26T13:00,33.1,23,24,19.0,14.2
2025-12-26T14:00,31.0,37,38,20.4,14.9
2025-12-26T15:00,30.6,47,46,21.3,14.6
2025-12-26T16:00,28.1,52,53,23.0,12.9
2025-12-26T17:00,23.8,52,54,21.7,11.3
2025-12-26T18:00,20.9,47,47,21.8,11.3
2025-12-26T19:00,20.2,43,42,20.8,10.2
2025-12-26T20:00,18.4,37,35,19.2,8.5
2025-12-26T21:00,14.8,28,25,17.9,7.3
2025-12-26T22:00,12.2,25,21,15.7,5.6
2025-12-26T23:00,10.4,25,23,16.4,6.5
2025-12-27T00:00,11.2,7,7,21.1,11.1
2025-12-27T01:00,19.8,6,6,20.4,10.5
2025-12-27T02:00,18.7,8,6,19.2,9.6
2025-12-27T03:00,16.9,7,8,19.8,9.6
2025-12-27T04:00,23.8,10,11,20.7,12.8
2025-12-27T05:00,33.5,9,9,24.2,16.8
2025-12-27T06:00,35.3,15,15,21.6,15.5
2025-12-27T07:00,34.6,13,13,23.3,17.0
2025-12-27T08:00,35.6,11,10,22.9,16.5
2025-12-27T09:00,35.3,12,13,20.6,15.3
2025-12-27T10:00,35.3,25,23,21.8,15.6
2025-12-27T11:00,38.5,29,28,24.9,18.3
2025-12-27T12:00,36.0,23,23,21.1,15.2
2025-12-27T13:00,34.6,33,34,23.9,17.1
2025-12-27T14:00,38.5,37,36,26.9,18.4
2025-12-27T15:00,36.0,44,45,23.4,15.9
2025-12-27T16:00,29.5,46,46,21.1,11.7
2025-12-27T17:00,21.6,36,33,20.7,10.8
2025-12-27T18:00,19.4,41,42,21.3,10.8
2025-12-27T19:00,19.4,31,28,21.9,11.0
2025-12-27T20:00,19.8,27,23,18.5,8.4
2025-12-27T21:00,14.4,10,4,17.4,7.9
2025-12-27T22:00,19.8,10,8,21.0,10.7
2025-12-27T23:00,19.1,12,11,20.1,10.6
2025-12-28T00:00,20.9,22,21,18.7,9.1
2025-12-28T01:00,16.2,13,6,18.6,9.0
2025-12-28T02:00,20.5,359,357,22.3,11.9
2025-12-28T03:00,20.5,348,338,19.5,9.9
2025-12-28T04:00,18.4,334,327,19.2,10.0
2025-12-28T05:00,20.5,340,338,16.1,10.5
2025-12-28T06:00,33.1,279,280,8.9,6.2
2025-12-28T07:00,17.6,296,294,9.2,6.5
2025-12-28T08:00,24.8,327,327,15.5,11.6
2025-12-28T09:00,30.2,346,350,19.6,14.1
2025-12-28T10:00,30.2,345,348,20.8,13.8
2025-12-28T11:00,33.8,335,335,20.3,14.9
2025-12-28T12:00,32.0,305,305,21.8,15.8
2025-12-28T13:00,32.4,321,324,18.9,13.6
2025-12-28T14:00,27.7,6,10,19.7,14.3
2025-12-28T15:00,31.3,13,17,23.3,15.0
2025-12-28T16:00,27.7,2,9,21.1,10.7
2025-12-28T17:00,18.7,1,22,13.9,5.8
2025-12-28T18:00,9.7,357,360,18.6,7.9
2025-12-28T19:00,14.0,4,8,18.9,8.6
2025-12-28T20:00,17.3,12,14,21.4,10.2
2025-12-28T21:00,18.7,14,20,21.1,10.7
2025-12-28T22:00,19.1,13,15,21.8,11.0
2025-12-28T23:00,21.2,11,13,23.8,12.2
2025-12-29T00:00,21.2,7,9,20.9,10.0
2025-12-29T01:00,17.3,10,15,18.3,8.4
2025-12-29T02:00,14.0,17,26,16.2,6.6
2025-12-29T03:00,10.8,22,36,14.7,5.1
2025-12-29T04:00,13.3,16,21,16.5,8.5
2025-12-29T05:00,26.6,10,10,19.2,13.5
2025-12-29T06:00,30.6,5,5,12.6,9.6
2025-12-29T07:00,28.8,7,7,12.0,9.2
2025-12-29T08:00,29.2,12,14,14.4,11.1
2025-12-29T09:00,31.7,353,346,15.6,11.3
2025-12-29T10:00,29.5,16,18,16.5,12.5
2025-12-29T11:00,31.0,12,10,18.4,13.9
2025-12-29T12:00,29.5,25,26,18.1,13.6
2025-12-29T13:00,31.7,42,42,19.4,14.0
2025-12-29T14:00,28.8,36,36,18.8,13.1
2025-12-29T15:00,26.6,33,32,20.3,13.2
2025-12-29T16:00,24.1,41,40,20.4,11.0
2025-12-29T17:00,19.8,39,37,18.7,9.3
2025-12-29T18:00,16.2,43,43,20.1,9.3
2025-12-29T19:00,15.8,34,31,17.9,8.0
2025-12-29T20:00,13.3,25,20,15.3,5.9
2025-12-29T21:00,10.1,26,27,14.4,5.5
2025-12-29T22:00,11.9,4,348,15.5,7.9
2025-12-29T23:00,15.1,350,341,15.5,7.2
2025-12-30T00:00,22.7,353,337,13.1,5.1
2025-12-30T01:00,14.8,337,345,16.6,8.4
2025-12-30T02:00,15.1,343,352,14.1,8.2
2025-12-30T03:00,13.7,359,9,12.8,6.7
2025-12-30T04:00,10.8,354,348,10.1,4.4
2025-12-30T05:00,17.3,19,21,13.0,9.2
2025-12-30T06:00,21.6,13,13,15.7,11.4
2025-12-30T07:00,27.7,21,21,15.3,11.4
2025-12-30T08:00,27.7,25,24,16.3,12.2
2025-12-30T09:00,27.7,26,26,15.4,12.0
2025-12-30T10:00,28.4,50,56,9.6,6.5
2025-12-30T11:00,18.4,122,139,2.3,1.9
2025-12-30T12:00,17.3,30,29,11.9,9.3
2025-12-30T13:00,24.5,43,41,13.6,10.2
2025-12-30T14:00,22.7,38,36,12.3,9.1
2025-12-30T15:00,19.4,51,49,11.9,7.9
2025-12-30T16:00,14.4,68,75,11.9,6.2
2025-12-30T17:00,12.2,95,97,13.0,5.8
2025-12-30T18:00,9.7,88,97,11.7,4.2
2025-12-30T19:00,5.8,69,55,9.1,2.8
2025-12-30T20:00,5.4,53,36,10.7,4.0
2025-12-30T21:00,6.1,54,51,10.9,4.0
2025-12-30T22:00,5.0,55,61,10.7,3.7
2025-12-30T23:00,5.0,51,39,7.9,1.2
2025-12-31T00:00,1.8,351,315,7.7,2.8
2025-12-31T01:00,3.6,13,355,7.2,2.2
2025-12-31T02:00,5.8,354,338,9.2,4.3
2025-12-31T03:00,8.3,353,347,10.3,4.1
2025-12-31T04:00,8.6,9,348,7.3,4.4
2025-12-31T05:00,13.0,5,2,6.9,4.7
2025-12-31T06:00,19.1,359,359,10.3,7.9
2025-12-31T07:00,20.9,20,22,10.0,7.8
2025-12-31T08:00,22.0,46,46,10.6,8.3
2025-12-31T09:00,22.0,48,47,9.7,7.6
2025-12-31T10:00,23.4,39,38,11.1,8.9
2025-12-31T11:00,28.1,40,39,15.8,12.4
2025-12-31T12:00,29.2,43,40,10.6,7.8
2025-12-31T13:00,17.6,117,139,4.4,3.3
2025-12-31T14:00,14.4,94,94,7.0,5.2
2025-12-31T15:00,18.4,92,94,13.5,9.6
2025-12-31T16:00,17.3,90,92,13.0,6.3
2025-12-31T17:00,10.4,79,73,10.8,3.8
2025-12-31T18:00,5.8,89,109,9.9,3.2
2025-12-31T19:00,5.8,104,129,11.0,4.0
2025-12-31T20:00,6.5,104,122,11.5,4.0
2025-12-31T21:00,9.0,106,116,14.0,5.8
2025-12-31T22:00,9.7,90,68,9.7,1.9
2025-12-31T23:00,6.8,69,41,13.7,5.0
2026-01-01T00:00,9.7,8,348,16.9,9.7
2026-01-01T01:00,18.0,14,13,20.3,10.3
2026-01-01T02:00,18.0,16,13,13.7,6.5
2026-01-01T03:00,10.8,19,10,10.5,4.0
2026-01-01T04:00,6.8,18,117,4.6,0.4
2026-01-01T05:00,10.8,354,342,5.4,3.4
2026-01-01T06:00,17.3,9,11,15.9,11.5
2026-01-01T07:00,23.8,14,12,11.1,8.5
2026-01-01T08:00,29.2,25,25,16.5,12.7
2026-01-01T09:00,29.5,28,30,16.9,12.7
2026-01-01T10:00,30.6,21,20,17.3,13.0
2026-01-01T11:00,32.8,27,27,19.9,15.1
2026-01-01T12:00,33.1,23,23,15.5,11.7
2026-01-01T13:00,26.6,37,36,15.6,11.6
2026-01-01T14:00,26.6,45,45,16.4,12.0
2026-01-01T15:00,25.2,51,51,15.2,10.1
2026-01-01T16:00,18.7,58,61,15.1,7.4
2026-01-01T17:00,12.6,59,66,15.6,6.3
2026-01-01T18:00,10.4,44,45,19.7,8.4
2026-01-01T19:00,14.8,43,44,20.0,8.8
2026-01-01T20:00,14.8,42,43,18.9,7.4
2026-01-01T21:00,12.2,40,39,17.4,6.0
2026-01-01T22:00,9.7,39,40,17.1,6.1
2026-01-01T23:00,10.1,37,37,17.0,6.0
2026-01-02T00:00,9.7,28,25,17.4,6.4
2026-01-02T01:00,10.4,27,22,15.9,5.6
2026-01-02T02:00,11.5,24,21,17.5,7.1
2026-01-02T03:00,12.6,22,20,18.1,7.3
2026-01-02T04:00,13.3,15,8,16.4,8.6
2026-01-02T05:00,25.9,16,16,18.6,13.1
2026-01-02T06:00,29.2,17,17,18.8,13.9
2026-01-02T07:00,33.8,17,17,21.5,16.0
2026-01-02T08:00,37.4,17,17,23.9,17.7
2026-01-02T09:00,39.2,19,18,25.3,18.6
2026-01-02T10:00,39.6,19,16,25.5,18.6
2026-01-02T11:00,38.9,20,20,24.1,17.8
2026-01-02T12:00,40.0,19,20,25.2,18.2
2026-01-02T13:00,37.8,25,25,25.1,18.3
2026-01-02T14:00,37.4,31,32,25.3,17.8
2026-01-02T15:00,35.3,34,36,24.2,16.4
2026-01-02T16:00,31.0,36,37,21.8,12.1
2026-01-02T17:00,22.3,35,36,21.3,10.9
2026-01-02T18:00,19.8,36,36,24.3,12.9
2026-01-02T19:00,22.7,32,31,21.2,10.2
2026-01-02T20:00,18.4,33,34,19.5,8.9
2026-01-02T21:00,15.1,34,34,18.7,7.8
2026-01-02T22:00,15.1,34,34,20.5,9.1
2026-01-02T23:00,15.8,27,24,18.8,7.5
2026-01-03T00:00,13.3,15,12,19.4,8.6
2026-01-03T01:00,15.5,7,4,18.5,8.3
2026-01-03T02:00,14.0,3,358,16.8,6.8
2026-01-03T03:00,11.9,1,354,16.6,7.1
2026-01-03T04:00,16.2,2,359,16.9,9.5
2026-01-03T05:00,29.9,11,10,21.4,15.2
2026-01-03T06:00,31.3,5,6,19.7,14.5
2026-01-03T07:00,35.3,10,10,22.9,16.8
2026-01-03T08:00,41.0,11,11,26.6,19.6
2026-01-03T09:00,43.2,14,13,28.5,20.9
2026-01-03T10:00,45.0,14,13,30.4,22.0
2026-01-03T11:00,45.7,14,13,29.3,21.3
2026-01-03T12:00,43.6,22,22,26.6,19.4
2026-01-03T13:00,40.7,25,25,26.6,19.2
2026-01-03T14:00,39.6,30,30,27.2,19.2
2026-01-03T15:00,38.2,37,38,25.8,17.6
2026-01-03T16:00,34.9,45,48,23.3,13.5
2026-01-03T17:00,24.8,41,42,21.4,11.6
2026-01-03T18:00,20.9,40,41,20.4,10.5
2026-01-03T19:00,20.2,42,42,21.8,11.1
2026-01-03T20:00,20.2,42,43,21.8,11.1
2026-01-03T21:00,22.0,37,38,23.1,12.1
2026-01-03T22:00,22.0,27,24,21.3,10.5
2026-01-03T23:00,19.8,25,24,21.9,11.2
2026-01-04T00:00,22.0,20,19,20.3,10.3
2026-01-04T01:00,19.4,23,26,21.8,11.4
2026-01-04T02:00,24.5,23,23,24.8,13.5
2026-01-04T03:00,24.5,20,19,24.5,12.8
2026-01-04T04:00,23.4,16,15,23.0,13.2
2026-01-04T05:00,38.2,11,11,28.9,20.0
2026-01-04T06:00,39.6,11,11,28.5,20.0
2026-01-04T07:00,43.9,11,10,28.0,20.1
2026-01-04T08:00,45.7,6,6,27.4,19.9
2026-01-04T09:00,45.7,4,5,27.6,20.2
2026-01-04T10:00,50.0,17,17,29.4,21.1
2026-01-04T11:00,46.1,19,19,31.6,22.5
2026-01-04T12:00,49.0,17,17,30.3,21.8
2026-01-04T13:00,46.4,21,21,29.2,20.9
2026-01-04T14:00,42.1,27,28,26.5,18.8
2026-01-04T15:00,37.4,34,35,25.9,17.4
2026-01-04T16:00,33.1,33,33,24.2,14.4
2026-01-04T17:00,26.6,32,32,24.5,14.1
2026-01-04T18:00,25.9,21,19,19.1,10.3
2026-01-04T19:00,22.3,24,22,21.4,12.4
2026-01-04T20:00,25.9,1,358,20.5,11.9
2026-01-04T21:00,20.2,1,356,20.3,11.4
2026-01-04T22:00,20.2,357,352,19.5,10.5
2026-01-04T23:00,20.2,359,353,21.4,12.0
2026-01-05T00:00,25.2,4,3,26.5,15.1
2026-01-05T01:00,27.0,360,360,23.0,13.1
2026-01-05T02:00,22.3,357,353,21.5,11.1
2026-01-05T03:00,18.7,4,5,20.8,10.7
2026-01-05T04:00,21.2,358,358,22.5,12.1
2026-01-05T05:00,27.0,359,359,26.5,15.3
2026-01-05T06:00,31.3,359,359,27.4,17.6
2026-01-05T07:00,38.5,357,357,30.5,20.9
2026-01-05T08:00,45.0,356,356,31.2,21.8
2026-01-05T09:00,42.8,353,353,29.0,20.1
2026-01-05T10:00,42.1,355,355,30.5,21.1
2026-01-05T11:00,44.3,1,2,28.6,20.5
2026-01-05T12:00,43.6,4,6,22.0,16.1
2026-01-05T13:00,33.5,14,15,21.7,15.6
2026-01-05T14:00,32.0,23,23,20.2,14.1
2026-01-05T15:00,28.1,30,32,21.1,14.4
2026-01-05T16:00,27.7,28,28,22.5,12.6
2026-01-05T17:00,24.1,27,27,23.9,13.4
2026-01-05T18:00,24.8,26,25,26.4,14.7
2026-01-05T19:00,26.6,26,25,26.0,14.5
2026-01-05T20:00,26.6,26,26,23.9,12.8
2026-01-05T21:00,23.0,22,20,22.7,12.1
2026-01-05T22:00,23.8,16,14,24.6,13.4
2026-01-05T23:00,25.6,13,11,24.7,13.8
2026-01-06T00:00,25.2,6,3,23.0,12.6
2026-01-06T01:00,24.1,6,5,24.1,13.4
2026-01-06T02:00,26.3,9,9,25.7,14.4
2026-01-06T03:00,27.7,9,8,26.6,15.1
2026-01-06T04:00,29.2,8,7,26.2,15.8
2026-01-06T05:00,34.6,8,8,26.5,17.8
2026-01-06T06:00,38.5,5,5,30.3,21.1
2026-01-06T07:00,44.3,6,6,31.7,22.1
2026-01-06T08:00,46.8,4,4,33.7,23.6
2026-01-06T09:00,49.7,6,6,32.7,23.5
2026-01-06T10:00,50.4,7,8,30.6,22.0
2026-01-06T11:00,49.7,11,12,33.5,23.7
2026-01-06T12:00,50.0,12,13,31.7,22.7
2026-01-06T13:00,46.4,18,18,31.5,22.2
2026-01-06T14:00,47.5,25,24,34.9,24.3
2026-01-06T15:00,47.5,27,27,30.7,20.4
2026-01-06T16:00,38.5,26,26,27.0,16.2
2026-01-06T17:00,29.9,25,25,26.4,15.1
2026-01-06T18:00,27.7,28,27,27.2,15.4
2026-01-06T19:00,29.2,28,27,28.0,15.9
2026-01-06T20:00,30.6,23,22,28.1,16.1
2026-01-06T21:00,29.9,19,18,26.0,14.8
2026-01-06T22:00,27.7,16,15,26.4,15.1
2026-01-06T23:00,27.7,13,13,26.2,14.9
2026-01-07T00:00,28.1,13,13,20.5,10.9
2026-01-07T01:00,22.0,13,11,22.4,12.3
2026-01-07T02:00,23.4,10,9,23.8,12.9
2026-01-07T03:00,25.9,10,11,25.8,14.3
2026-01-07T04:00,31.3,11,10,28.4,17.2
2026-01-07T05:00,39.2,10,10,30.5,20.7
2026-01-07T06:00,50.4,9,9,27.5,19.3
2026-01-07T07:00,39.6,4,4,25.8,18.4
2026-01-07T08:00,37.4,8,7,19.3,12.7
2026-01-07T09:00,36.7,10,9,26.5,18.6
2026-01-07T10:00,46.8,12,12,29.3,21.0
2026-01-07T11:00,48.2,15,15,29.2,21.0
2026-01-07T12:00,45.7,1,357,24.8,14.2
2026-01-07T13:00,31.7,26,27,26.3,17.6
2026-01-07T14:00,40.3,25,26,29.1,20.4
2026-01-07T15:00,41.0,28,28,31.3,20.8
2026-01-07T16:00,38.9,27,27,29.7,17.7
2026-01-07T17:00,32.4,25,23,27.7,15.9
2026-01-07T18:00,28.8,29,28,27.4,15.3
2026-01-07T19:00,27.7,24,22,23.9,12.8
2026-01-07T20:00,23.0,20,16,20.8,10.9
2026-01-07T21:00,19.4,19,18,20.8,11.0
2026-01-07T22:00,21.2,15,13,21.6,11.8
2026-01-07T23:00,21.6,12,12,21.9,11.6
2026-01-08T00:00,21.2,15,15,23.7,12.8
2026-01-08T01:00,23.0,13,13,23.3,12.9
2026-01-08T02:00,25.9,11,9,25.5,14.4
2026-01-08T03:00,28.4,11,9,27.1,15.7
2026-01-08T04:00,29.2,9,8,25.5,15.1
2026-01-08T05:00,38.2,8,7,28.9,19.6
2026-01-08T06:00,43.9,10,11,27.8,19.6
2026-01-08T07:00,46.1,15,14,32.6,23.1
2026-01-08T08:00,51.1,14,15,34.0,24.4
2026-01-08T09:00,47.9,19,18,32.4,22.5
2026-01-08T10:00,53.3,20,20,35.8,25.3
2026-01-08T11:00,53.6,15,15,32.3,22.5
2026-01-08T12:00,50.8,20,21,34.2,24.0
2026-01-08T13:00,48.6,26,26,34.2,24.2
2026-01-08T14:00,48.6,29,29,34.7,23.9
2026-01-08T15:00,46.8,32,33,31.7,21.0
2026-01-08T16:00,39.2,35,35,28.3,16.8
2026-01-08T17:00,31.3,37,37,26.5,15.0
2026-01-08T18:00,27.7,37,36,26.5,14.9
2026-01-08T19:00,27.4,34,32,25.8,14.2
2026-01-08T20:00,26.3,34,33,25.8,14.2
2026-01-08T21:00,25.9,32,31,24.9,13.5
2026-01-08T22:00,24.5,30,30,23.2,12.7
2026-01-08T23:00,23.0,28,28,22.6,12.0
2026-01-09T00:00,21.6,21,21,21.3,11.0
2026-01-09T01:00,19.8,19,19,21.2,10.9
2026-01-09T02:00,19.1,14,14,20.4,10.2
2026-01-09T03:00,18.0,16,17,19.9,9.8
2026-01-09T04:00,19.1,17,18,19.2,11.2
2026-01-09T05:00,32.0,17,16,24.3,16.9
2026-01-09T06:00,34.6,11,12,22.9,16.2
2026-01-09T07:00,32.0,10,11,21.7,15.6
2026-01-09T08:00,36.7,8,9,24.4,17.7
2026-01-09T09:00,37.4,15,15,24.0,17.7
2026-01-09T10:00,37.8,20,20,25.9,18.6
2026-01-09T11:00,42.1,24,24,27.2,19.9
2026-01-09T12:00,42.1,29,29,26.0,18.8
2026-01-09T13:00,39.6,33,33,26.1,19.0
2026-01-09T14:00,38.9,39,40,25.3,18.1
2026-01-09T15:00,36.4,42,42,22.9,15.8
2026-01-09T16:00,30.2,46,46,20.0,11.3
2026-01-09T17:00,20.5,51,52,18.2,9.6
2026-01-09T18:00,16.9,46,47,18.6,8.9
2026-01-09T19:00,15.5,43,42,18.2,8.5
2026-01-09T20:00,16.6,37,35,18.6,9.4
2026-01-09T21:00,16.6,35,35,17.4,8.1
2026-01-09T22:00,14.0,26,21,16.6,7.1
2026-01-09T23:00,11.5,20,15,14.6,5.4
2026-01-10T00:00,9.0,4,360,18.8,8.3
2026-01-10T01:00,14.4,2,360,16.8,6.7
2026-01-10T02:00,11.2,9,9,14.2,5.7
2026-01-10T03:00,10.8,15,14,15.1,6.5
2026-01-10T04:00,10.8,17,13,13.9,6.5
2026-01-10T05:00,22.0,17,16,15.4,11.1
2026-01-10T06:00,26.6,16,15,13.3,9.9
2026-01-10T07:00,27.4,17,15,14.3,10.8
2026-01-10T08:00,28.4,9,8,15.1,11.6
2026-01-10T09:00,29.2,10,9,15.2,11.8
2026-01-10T10:00,30.6,15,14,16.6,12.8
2026-01-10T11:00,30.6,23,22,16.3,12.4
2026-01-10T12:00,31.3,23,23,17.0,13.1
2026-01-10T13:00,32.0,29,29,19.3,14.7
2026-01-10T14:00,33.1,33,32,20.6,15.1
2026-01-10T15:00,31.3,39,39,20.4,14.2
2026-01-10T16:00,27.7,46,46,19.2,10.9
2026-01-10T17:00,19.8,45,46,18.3,9.5
2026-01-10T18:00,16.9,41,42,18.1,8.5
2026-01-10T19:00,14.4,44,44,17.6,7.5
2026-01-10T20:00,12.6,39,37,17.3,6.9
2026-01-10T21:00,11.5,35,33,17.3,6.6
2026-01-10T22:00,11.2,31,27,17.3,6.7
2026-01-10T23:00,11.2,27,22,16.1,5.8
2026-01-11T00:00,9.4,18,9,15.1,5.7
2026-01-11T01:00,10.1,16,9,15.7,5.7
2026-01-11T02:00,9.0,12,360,14.4,5.0
2026-01-11T03:00,7.6,2,343,13.0,4.9
2026-01-11T04:00,11.2,347,319,12.6,7.1
2026-01-11T05:00,13.3,338,329,8.2,5.2
2026-01-11T06:00,21.6,14,13,11.5,8.7
2026-01-11T07:00,22.0,18,18,10.8,8.3
2026-01-11T08:00,24.8,25,25,12.7,9.9
2026-01-11T09:00,27.4,29,27,16.7,12.6
2026-01-11T10:00,27.7,32,30,13.7,10.2
2026-01-11T11:00,27.4,28,27,14.7,11.3
2026-01-11T12:00,29.2,33,31,12.0,9.4
2026-01-11T13:00,23.8,46,44,13.1,10.2
2026-01-11T14:00,25.9,71,70,17.3,12.8
2026-01-11T15:00,26.6,71,70,19.4,13.4
2026-01-11T16:00,25.6,67,66,17.7,10.5
2026-01-11T17:00,19.1,65,65,15.9,9.1
2026-01-11T18:00,15.5,55,52,12.8,6.2
2026-01-11T19:00,10.4,54,49,12.6,5.5
2026-01-11T20:00,9.7,62,64,14.3,5.8
2026-01-11T21:00,9.4,53,50,14.3,5.6
2026-01-11T22:00,9.4,50,56,11.8,4.1
2026-01-11T23:00,7.6,43,42,13.0,4.8
2026-01-12T00:00,9.0,27,25,13.0,4.8
2026-01-12T01:00,9.0,24,22,13.6,5.6
2026-01-12T02:00,9.0,25,25,13.1,4.8
2026-01-12T03:00,7.6,21,20,13.1,4.8
2026-01-12T04:00,9.4,13,9,13.1,6.0
2026-01-12T05:00,10.8,4,345,11.5,5.0
2026-01-12T06:00,19.8,3,360,13.3,9.7
2026-01-12T07:00,22.7,6,5,11.8,9.0
2026-01-12T08:00,26.3,27,28,16.3,12.8
2026-01-12T09:00,29.5,12,12,16.0,12.0
2026-01-12T10:00,27.7,9,7,13.8,10.3
2026-01-12T11:00,31.7,22,22,17.8,13.7
2026-01-12T12:00,34.6,27,28,21.1,15.5
2026-01-12T13:00,34.9,29,28,21.2,15.5
2026-01-12T14:00,33.1,33,34,21.1,15.3
2026-01-12T15:00,32.0,36,37,21.4,14.9
2026-01-12T16:00,29.2,40,43,21.1,12.0
2026-01-12T17:00,22.0,40,42,20.4,10.8
2026-01-12T18:00,19.4,33,34,19.9,10.2
2026-01-12T19:00,18.0,35,35,19.8,9.7
2026-01-12T20:00,16.9,33,31,19.4,9.0
2026-01-12T21:00,15.8,39,42,17.7,7.3
2026-01-12T22:00,11.9,38,37,16.0,5.7
2026-01-12T23:00,9.7,36,35,16.2,5.9
2026-01-13T00:00,10.8,22,19,18.0,7.8
2026-01-13T01:00,15.8,17,15,19.2,9.1
2026-01-13T02:00,15.8,14,13,19.5,9.0
2026-01-13T03:00,16.6,16,16,20.2,9.7
2026-01-13T04:00,18.4,10,9,19.0,10.6
2026-01-13T05:00,25.9,14,14,18.2,12.8
2026-01-13T06:00,30.2,19,19,21.7,15.8
2026-01-13T07:00,37.1,19,18,23.7,17.4
2026-01-13T08:00,40.0,21,21,25.2,18.7
2026-01-13T09:00,41.0,22,22,26.1,19.2
2026-01-13T10:00,41.4,22,22,25.5,18.8
2026-01-13T11:00,41.4,24,24,26.0,19.3
2026-01-13T12:00,41.8,25,26,24.1,18.0
2026-01-13T13:00,38.5,27,27,24.5,18.0
2026-01-13T14:00,38.2,29,29,24.0,17.2
2026-01-13T15:00,35.3,36,36,23.6,16.2
2026-01-13T16:00,31.3,44,46,22.7,13.1
2026-01-13T17:00,24.1,45,46,21.3,11.3
2026-01-13T18:00,20.5,37,37,20.8,10.8
2026-01-13T19:00,19.1,38,39,19.1,9.1
2026-01-13T20:00,15.8,37,38,17.6,7.3
2026-01-13T21:00,12.2,39,39,16.1,5.8
2026-01-13T22:00,9.0,37,33,15.6,5.3
2026-01-13T23:00,9.7,31,25,16.1,6.0
2026-01-14T00:00,9.7,24,25,17.0,6.9
2026-01-14T01:00,11.5,18,16,15.5,6.0
2026-01-14T02:00,9.7,5,356,14.6,5.8
2026-01-14T03:00,9.7,5,356,14.5,5.4
2026-01-14T04:00,12.2,12,9,15.1,8.0
2026-01-14T05:00,25.9,18,18,18.3,13.3
2026-01-14T06:00,31.0,13,13,20.3,15.0
2026-01-14T07:00,35.6,13,13,22.4,16.6
2026-01-14T08:00,36.4,14,13,22.4,16.6
2026-01-14T09:00,38.9,15,14,23.7,17.8
2026-01-14T10:00,41.4,20,20,24.2,18.0
2026-01-14T11:00,41.8,25,25,25.3,18.8
2026-01-14T12:00,42.5,31,30,25.1,18.6
2026-01-14T13:00,40.0,36,36,26.1,19.2
2026-01-14T14:00,40.0,41,41,24.6,17.7
2026-01-14T15:00,36.0,43,43,24.7,17.2
2026-01-14T16:00,33.1,43,43,23.3,14.1
2026-01-14T17:00,25.9,46,48,18.8,10.2
2026-01-14T18:00,18.4,52,53,18.7,9.6
2026-01-14T19:00,17.3,49,50,18.9,9.4
2026-01-14T20:00,16.9,44,44,17.1,7.8
2026-01-14T21:00,13.3,42,43,16.3,6.9
2026-01-14T22:00,11.9,36,34,15.8,6.7
2026-01-14T23:00,11.5,27,23,15.9,6.9
2026-01-15T00:00,11.5,15,13,17.3,7.9
2026-01-15T01:00,13.3,17,18,16.4,7.2
2026-01-15T02:00,11.9,20,22,14.2,5.2
2026-01-15T03:00,11.2,19,17,15.8,6.8
2026-01-15T04:00,13.7,19,22,15.2,8.3
2026-01-15T05:00,26.3,21,21,18.5,13.3
2026-01-15T06:00,29.9,19,19,19.8,14.5
2026-01-15T07:00,32.4,19,20,19.5,14.5
2026-01-15T08:00,35.6,19,18,21.2,15.9
2026-01-15T09:00,36.7,20,19,21.9,16.3
2026-01-15T10:00,37.4,20,18,22.2,16.7
2026-01-15T11:00,37.8,23,22,23.0,17.1
2026-01-15T12:00,38.9,20,18,24.1,17.8
2026-01-15T13:00,38.5,24,24,24.3,17.9
2026-01-15T14:00,37.8,29,30,23.8,17.2
2026-01-15T15:00,35.3,36,36,23.9,16.7
2026-01-15T16:00,32.4,40,40,22.6,13.6
2026-01-15T17:00,25.2,37,38,22.0,12.3
2026-01-15T18:00,22.3,35,34,23.8,13.0
2026-01-15T19:00,23.4,33,33,22.8,12.0
2026-01-15T20:00,21.6,31,31,20.6,10.3
2026-01-15T21:00,18.4,28,28,17.6,7.6
2026-01-15T22:00,13.0,25,22,16.3,6.6
2026-01-15T23:00,11.9,23,20,16.6,6.9
2026-01-16T00:00,12.6,18,17,18.0,7.9
2026-01-16T01:00,14.8,19,20,17.9,8.4
2026-01-16T02:00,14.8,22,24,17.0,7.5
2026-01-16T03:00,12.6,24,25,16.8,6.8
2026-01-16T04:00,13.7,24,23,16.6,8.8
2026-01-16T05:00,32.0,29,29,23.6,16.7
2026-01-16T06:00,33.8,18,19,24.5,17.9
2026-01-16T07:00,37.1,16,16,23.6,17.4
2026-01-16T08:00,37.4,10,10,23.1,17.2
2026-01-16T09:00,38.5,10,11,23.1,17.2
2026-01-16T10:00,39.2,15,16,23.1,17.2
2026-01-16T11:00,39.2,20,20,23.5,17.5
2026-01-16T12:00,38.9,16,17,22.6,16.9
2026-01-16T13:00,36.4,20,21,23.0,17.2
2026-01-16T14:00,36.7,33,35,23.9,17.3
2026-01-16T15:00,35.6,40,41,22.7,15.7
2026-01-16T16:00,31.0,42,43,22.3,13.1
2026-01-16T17:00,24.1,41,41,22.6,12.5
2026-01-16T18:00,22.7,44,44,19.7,9.9
2026-01-16T19:00,18.7,42,42,20.8,10.4
2026-01-16T20:00,18.4,35,35,18.3,8.1
2026-01-16T21:00,14.0,30,28,17.0,6.5
2026-01-16T22:00,11.9,28,29,17.4,7.0
2026-01-16T23:00,11.9,31,33,17.2,6.9
2026-01-17T00:00,11.5,26,28,16.3,6.5
2026-01-17T01:00,11.5,26,25,13.8,5.2
2026-01-17T02:00,9.4,20,16,14.3,5.8
2026-01-17T03:00,12.2,14,9,15.9,7.3
2026-01-17T04:00,12.6,7,1,15.4,7.7
2026-01-17T05:00,17.6,10,8,15.5,9.8
2026-01-17T06:00,29.2,355,355,16.3,11.7
2026-01-17T07:00,28.4,355,354,17.0,12.8
2026-01-17T08:00,29.9,354,354,17.9,13.4
2026-01-17T09:00,32.0,356,356,18.6,14.1
2026-01-17T10:00,35.3,7,7,19.9,15.0
2026-01-17T11:00,36.7,13,13,21.1,16.1
2026-01-17T12:00,36.7,8,9,22.5,16.8
2026-01-17T13:00,36.4,16,16,23.5,17.4
2026-01-17T14:00,38.2,37,36,25.8,18.8
2026-01-17T15:00,38.2,43,44,25.0,17.2
2026-01-17T16:00,33.5,46,45,22.7,13.5
2026-01-17T17:00,25.2,40,41,22.2,12.6
2026-01-17T18:00,23.8,41,41,24.0,13.1
2026-01-17T19:00,24.5,37,37,22.6,12.2
2026-01-17T20:00,22.0,30,29,20.7,10.5
2026-01-17T21:00,18.7,27,28,20.0,9.7
2026-01-17T22:00,17.3,30,33,19.1,9.0
2026-01-17T23:00,15.8,25,24,19.0,8.7
2026-01-18T00:00,15.1,14,14,17.6,8.3
2026-01-18T01:00,14.4,14,14,18.0,8.2
2026-01-18T02:00,15.5,16,17,18.5,8.8
2026-01-18T03:00,15.5,17,17,18.1,8.7
2026-01-18T04:00,16.2,17,16,17.5,9.6
2026-01-18T05:00,32.4,16,16,23.6,16.7
2026-01-18T06:00,34.2,8,8,20.4,14.9
2026-01-18T07:00,34.6,9,9,21.5,16.0
2026-01-18T08:00,38.9,13,14,22.4,16.7
2026-01-18T09:00,39.6,15,15,22.4,16.8
2026-01-18T10:00,39.6,17,17,22.7,17.1
2026-01-18T11:00,39.6,21,22,22.5,16.9
2026-01-18T12:00,39.2,16,17,24.0,18.1
2026-01-18T13:00,39.2,25,25,24.7,18.3
2026-01-18T14:00,38.5,34,34,24.1,17.4
2026-01-18T15:00,35.6,41,42,21.6,15.2
2026-01-18T16:00,29.9,51,52,21.4,12.6
2026-01-18T17:00,23.4,50,50,20.1,11.0
2026-01-18T18:00,19.8,52,52,18.1,9.1
2026-01-18T19:00,15.8,49,50,18.4,8.7
2026-01-18T20:00,15.1,48,49,18.0,7.9
2026-01-18T21:00,13.7,43,42,17.2,7.3
2026-01-18T22:00,12.2,38,36,17.7,7.3
2026-01-18T23:00,13.3,38,38,17.8,7.6
2026-01-19T00:00,12.6,33,33,19.8,9.2
2026-01-19T01:00,16.9,32,33,18.8,8.8
2026-01-19T02:00,15.1,26,25,18.0,8.0
2026-01-19T03:00,13.3,16,13,17.8,7.9
2026-01-19T04:00,14.0,7,1,16.3,8.8
2026-01-19T05:00,25.6,11,11,18.7,13.4
2026-01-19T06:00,30.2,10,10,20.3,14.8
2026-01-19T07:00,31.7,11,11,20.0,14.7
2026-01-19T08:00,36.0,12,13,21.7,16.2
2026-01-19T09:00,37.1,16,16,22.1,16.5
2026-01-19T10:00,37.8,20,20,22.6,17.0
2026-01-19T11:00,39.2,22,21,23.8,18.0
2026-01-19T12:00,39.2,21,22,23.9,17.8
2026-01-19T13:00,38.9,26,27,24.6,18.1
2026-01-19T14:00,38.9,33,34,24.7,17.9
2026-01-19T15:00,36.7,44,44,24.2,17.1
2026-01-19T16:00,33.1,44,44,23.3,13.9
2026-01-19T17:00,25.9,43,43,22.5,12.9
2026-01-19T18:00,23.4,50,51,24.0,13.6
2026-01-19T19:00,24.5,51,51,23.3,12.8
2026-01-19T20:00,23.0,40,39,21.7,11.6
2026-01-19T21:00,20.9,33,33,21.2,10.9
2026-01-19T22:00,19.4,25,27,20.1,10.1
2026-01-19T23:00,18.0,26,26,19.6,9.4
2026-01-20T00:00,17.3,19,18,22.4,11.2
2026-01-20T01:00,23.0,17,18,23.3,12.5
2026-01-20T02:00,22.7,15,16,22.7,12.2
2026-01-20T03:00,22.0,15,16,21.4,11.2
2026-01-20T04:00,19.8,11,12,20.2,11.2
2026-01-20T05:00,32.8,11,12,24.4,16.9
2026-01-20T06:00,36.0,2,2,23.6,16.9
2026-01-20T07:00,39.2,5,5,26.2,19.0
2026-01-20T08:00,40.0,4,4,25.8,18.9
2026-01-20T09:00,41.4,8,8,25.3,18.7
2026-01-20T10:00,42.5,13,12,26.6,19.5
2026-01-20T11:00,43.2,19,19,27.4,20.4
2026-01-20T12:00,43.6,20,21,25.7,19.1
2026-01-20T13:00,40.3,29,31,27.2,19.8
2026-01-20T14:00,41.4,25,24,28.3,20.3
2026-01-20T15:00,40.7,36,36,24.8,16.9
2026-01-20T16:00,33.1,43,42,22.5,13.4
2026-01-20T17:00,24.8,45,46,20.5,11.3
2026-01-20T18:00,20.9,43,43,20.5,11.1
2026-01-20T19:00,20.2,45,47,19.6,10.1
2026-01-20T20:00,18.0,41,41,17.6,8.2
2026-01-20T21:00,14.4,33,32,17.7,7.8
2026-01-20T22:00,13.7,32,31,18.2,8.0
2026-01-20T23:00,14.8,30,29,18.6,8.5
2026-01-21T00:00,16.2,14,16,20.2,10.1
2026-01-21T01:00,18.0,17,19,20.3,9.9
2026-01-21T02:00,17.6,15,16,20.5,9.9
2026-01-21T03:00,17.6,12,12,19.0,8.5
2026-01-21T04:00,14.4,9,7,15.7,8.4
2026-01-21T05:00,25.2,11,11,17.4,12.5
2026-01-21T06:00,28.4,13,13,16.5,12.4
2026-01-21T07:00,32.4,13,13,19.2,14.6
2026-01-21T08:00,37.1,15,15,19.7,14.9
2026-01-21T09:00,37.8,15,15,20.9,15.9
2026-01-21T10:00,38.2,18,18,22.9,17.2
2026-01-21T11:00,38.2,24,25,22.6,16.7
2026-01-21T12:00,37.4,21,21,22.1,16.6
2026-01-21T13:00,36.0,27,27,22.1,16.3
2026-01-21T14:00,35.3,35,36,23.9,17.0
2026-01-21T15:00,34.2,41,40,24.8,17.2
2026-01-21T16:00,33.5,46,46,22.2,14.0
2026-01-21T17:00,26.3,54,56,19.2,11.1
2026-01-21T18:00,20.5,47,46,20.9,11.7
2026-01-21T19:00,20.9,45,45,19.7,10.2
2026-01-21T20:00,18.0,46,44,17.3,8.0
2026-01-21T21:00,14.0,44,44,15.7,6.2
2026-01-21T22:00,10.8,38,35,16.4,6.6
2026-01-21T23:00,13.3,34,34,18.1,8.0
2026-01-22T00:00,13.7,27,27,19.7,9.5
2026-01-22T01:00,17.6,23,22,20.6,9.9
2026-01-22T02:00,17.3,21,22,19.7,9.3
2026-01-22T03:00,16.2,23,24,17.4,7.1
2026-01-22T04:00,11.5,27,33,14.8,7.7
2026-01-22T05:00,21.6,25,26,15.3,10.8
2026-01-22T06:00,27.4,21,20,18.1,13.4
2026-01-22T07:00,32.0,15,15,19.2,14.3
2026-01-22T08:00,35.3,16,15,21.1,15.9
2026-01-22T09:00,38.2,16,16,23.1,17.2
2026-01-22T10:00,38.9,18,17,23.6,17.5
2026-01-22T11:00,38.9,21,22,23.5,17.6
2026-01-22T12:00,39.6,21,22,23.5,17.6
2026-01-22T13:00,37.8,27,28,22.6,16.8
2026-01-22T14:00,36.0,32,32,22.4,16.3
2026-01-22T15:00,33.8,32,33,21.3,14.7
2026-01-22T16:00,28.8,41,42,20.2,11.6
2026-01-22T17:00,21.2,41,42,20.4,11.0
2026-01-22T18:00,19.4,40,41,22.2,12.0
2026-01-22T19:00,21.2,41,41,22.7,11.7
2026-01-22T20:00,20.9,41,42,21.8,10.8
2026-01-22T21:00,19.4,40,40,20.4,9.6
2026-01-22T22:00,16.9,35,34,20.5,9.7
2026-01-22T23:00,18.7,30,30,20.7,10.6
2026-01-23T00:00,19.8,21,19,21.9,11.8
2026-01-23T01:00,20.9,18,17,20.7,10.4
2026-01-23T02:00,18.7,19,21,20.0,10.2
2026-01-23T03:00,18.0,17,19,20.4,10.1
2026-01-23T04:00,19.8,16,16,20.2,11.2
2026-01-23T05:00,32.4,11,10,23.6,16.5
2026-01-23T06:00,35.6,4,5,24.5,17.7
2026-01-23T07:00,38.2,4,4,24.7,18.0
2026-01-23T08:00,41.0,5,5,26.4,19.5
2026-01-23T09:00,45.7,7,7,28.5,20.9
2026-01-23T10:00,45.7,10,11,28.3,20.7
2026-01-23T11:00,45.7,12,12,28.7,21.0
2026-01-23T12:00,45.0,13,13,28.6,20.9
2026-01-23T13:00,43.2,19,20,29.0,21.0
2026-01-23T14:00,43.2,28,28,29.2,20.6
2026-01-23T15:00,41.0,37,39,26.7,18.4
2026-01-23T16:00,35.3,38,39,24.2,14.1
2026-01-23T17:00,25.9,38,37,22.9,12.2
2026-01-23T18:00,22.3,40,41,22.5,11.7
2026-01-23T19:00,21.6,39,41,23.3,12.1
2026-01-23T20:00,22.7,36,36,23.7,12.5
2026-01-23T21:00,22.7,31,29,23.4,12.2
2026-01-23T22:00,22.3,27,27,22.8,11.9
2026-01-23T23:00,21.6,28,30,21.5,10.8
2026-01-24T00:00,19.4,24,25,23.6,13.1
2026-01-24T01:00,23.8,23,24,20.9,11.0
2026-01-24T02:00,19.8,17,15,18.4,8.4
2026-01-24T03:00,14.4,11,4,17.6,7.4
2026-01-24T04:00,13.7,10,6,17.0,8.9
2026-01-24T05:00,28.4,16,16,21.4,15.0
2026-01-24T06:00,33.8,10,10,22.5,16.2
2026-01-24T07:00,36.4,4,4,23.1,17.0
2026-01-24T08:00,40.3,4,4,25.5,19.0
2026-01-24T09:00,40.3,7,8,25.4,18.7
2026-01-24T10:00,41.0,11,12,25.5,19.0
2026-01-24T11:00,42.1,15,16,26.8,20.0
2026-01-24T12:00,42.8,15,15,23.4,17.6
2026-01-24T13:00,37.1,20,20,23.2,17.1
2026-01-24T14:00,36.0,26,25,23.6,17.1
2026-01-24T15:00,35.3,31,30,23.7,16.5
2026-01-24T16:00,31.7,41,43,20.4,11.3
2026-01-24T17:00,20.9,45,49,19.7,10.3
2026-01-24T18:00,18.4,57,63,16.7,7.1
2026-01-24T19:00,12.2,55,53,16.1,6.3
2026-01-24T20:00,10.4,47,42,14.5,5.1
2026-01-24T21:00,8.3,40,34,14.7,5.2
2026-01-24T22:00,11.5,35,36,16.1,6.2
2026-01-24T23:00,10.1,41,61,11.5,3.7
2026-01-25T00:00,5.0,13,3,11.3,3.6
2026-01-25T01:00,7.9,14,10,13.5,5.3
2026-01-25T02:00,12.6,12,8,17.1,7.6
2026-01-25T03:00,14.0,10,7,18.6,8.4
2026-01-25T04:00,14.0,4,359,16.1,8.3
2026-01-25T05:00,24.5,3,3,16.8,12.1
2026-01-25T06:00,27.7,357,357,18.2,13.3
2026-01-25T07:00,29.2,352,353,16.3,12.3
2026-01-25T08:00,29.9,2,2,16.4,12.4
2026-01-25T09:00,30.2,16,19,15.7,12.0
2026-01-25T10:00,30.2,21,23,16.2,12.7
2026-01-25T11:00,33.1,11,9,18.7,14.2
2026-01-25T12:00,33.1,9,9,15.7,12.0
2026-01-25T13:00,29.2,17,16,17.0,13.3
2026-01-25T14:00,33.8,32,32,22.3,16.4
2026-01-25T15:00,34.2,36,37,22.5,15.8
2026-01-25T16:00,31.0,37,37,22.5,13.4
2026-01-25T17:00,24.5,38,39,22.5,12.4
2026-01-25T18:00,22.7,38,38,23.7,12.6
2026-01-25T19:00,22.7,34,33,21.4,10.8
2026-01-25T20:00,19.1,32,32,20.5,9.9
2026-01-25T21:00,18.0,30,28,21.0,10.2
2026-01-25T22:00,18.4,29,28,21.6,10.4
2026-01-25T23:00,18.4,28,28,20.2,9.3
2026-01-26T00:00,15.8,18,17,20.3,9.2
2026-01-26T01:00,16.9,13,9,19.0,9.1
2026-01-26T02:00,16.2,8,4,17.3,7.6
2026-01-26T03:00,13.0,3,358,15.9,6.1
2026-01-26T04:00,11.5,360,355,14.8,7.6
2026-01-26T05:00,26.3,3,3,18.4,13.0
2026-01-26T06:00,27.0,5,5,18.4,13.6
2026-01-26T07:00,30.6,9,9,18.6,13.8
2026-01-26T08:00,32.0,4,3,18.0,13.5
2026-01-26T09:00,31.3,5,5,17.0,13.0
2026-01-26T10:00,32.8,11,11,18.2,13.8
2026-01-26T11:00,32.8,20,21,17.4,13.5
2026-01-26T12:00,36.0,35,34,19.0,14.6
2026-01-26T13:00,35.3,39,37,21.6,16.3
2026-01-26T14:00,35.3,43,43,23.1,16.9
2026-01-26T15:00,34.6,41,41,21.8,15.3
2026-01-26T16:00,29.9,40,41,20.6,11.9
2026-01-26T17:00,21.6,42,43,19.0,9.7
2026-01-26T18:00,17.3,39,39,19.3,9.5
2026-01-26T19:00,16.9,40,42,17.9,8.3
2026-01-26T20:00,14.4,35,35,17.2,7.5
2026-01-26T21:00,13.3,31,29,17.3,7.4
2026-01-26T22:00,12.6,23,20,15.2,5.4
2026-01-26T23:00,9.0,19,15,15.7,5.6
2026-01-27T00:00,9.4,3,356,17.3,7.0
2026-01-27T01:00,13.0,11,8,17.8,7.8
2026-01-27T02:00,13.3,12,12,16.9,6.8
2026-01-27T03:00,11.2,8,2,15.6,5.8
2026-01-27T04:00,15.5,7,4,18.5,9.6
2026-01-27T05:00,31.7,8,8,24.7,17.5
2026-01-27T06:00,35.6,5,5,22.9,16.4
2026-01-27T07:00,34.2,4,4,21.6,16.1
2026-01-27T08:00,34.9,3,3,21.5,16.0
2026-01-27T09:00,35.3,9,10,21.3,16.1
2026-01-27T10:00,35.6,12,13,20.4,15.3
2026-01-27T11:00,36.4,7,5,21.6,16.3
2026-01-27T12:00,36.0,25,26,24.3,18.0
2026-01-27T13:00,38.9,29,28,25.5,18.6
2026-01-27T14:00,38.5,34,33,25.7,18.3
2026-01-27T15:00,37.1,36,37,27.0,18.4
2026-01-27T16:00,35.6,36,38,23.7,15.0
2026-01-27T17:00,28.1,35,35,21.9,12.7
2026-01-27T18:00,23.0,30,30,21.7,12.3
2026-01-27T19:00,23.0,25,24,20.7,11.4
2026-01-27T20:00,20.9,22,21,18.5,9.5
2026-01-27T21:00,16.9,19,17,18.0,8.8
2026-01-27T22:00,15.5,20,19,18.3,8.8
2026-01-27T23:00,18.0,14,11,20.4,10.3
2026-01-28T00:00,19.8,14,14,25.9,14.6
2026-01-28T01:00,27.0,14,14,26.2,14.8
2026-01-28T02:00,27.7,10,9,25.6,14.6
2026-01-28T03:00,26.6,9,9,24.9,14.4
2026-01-28T04:00,27.7,9,9,24.4,14.9
2026-01-28T05:00,36.4,8,8,27.6,18.9
2026-01-28T06:00,43.9,4,4,27.3,19.7
2026-01-28T07:00,44.6,4,4,30.3,22.0
2026-01-28T08:00,44.6,3,3,27.4,20.0
2026-01-28T09:00,43.6,5,5,28.2,20.8
2026-01-28T10:00,47.2,7,8,29.2,21.4
2026-01-28T11:00,47.9,12,13,31.7,22.9
2026-01-28T12:00,50.4,16,16,29.2,21.1
2026-01-28T13:00,45.0,21,19,31.3,22.4
2026-01-28T14:00,45.0,29,29,26.3,18.5
2026-01-28T15:00,36.7,36,38,25.6,17.7
2026-01-28T16:00,34.6,35,35,24.4,15.2
2026-01-28T17:00,28.1,35,35,22.1,12.9
2026-01-28T18:00,23.8,38,38,22.5,12.8
2026-01-28T19:00,23.0,32,31,22.5,12.2
2026-01-28T20:00,22.7,29,29,22.7,12.2
2026-01-28T21:00,22.7,25,24,22.7,12.4
2026-01-28T22:00,22.7,17,14,21.2,11.5
2026-01-28T23:00,21.2,10,7,19.9,10.9
2026-01-29T00:00,19.8,11,10,22.7,12.3
2026-01-29T01:00,23.0,6,4,23.0,12.5
2026-01-29T02:00,23.0,2,2,22.2,12.2
2026-01-29T03:00,22.0,358,356,19.6,10.1
2026-01-29T04:00,18.7,360,359,19.1,10.6
2026-01-29T05:00,29.9,4,4,21.8,15.2
2026-01-29T06:00,33.8,4,4,25.3,18.0
2026-01-29T07:00,40.7,0,360,27.0,19.6
2026-01-29T08:00,40.3,1,1,25.2,18.5
2026-01-29T09:00,40.3,3,3,25.1,18.6
2026-01-29T10:00,40.3,1,2,24.8,18.4
2026-01-29T11:00,41.0,360,1,25.7,18.9
2026-01-29T12:00,40.3,3,5,18.4,14.1
2026-01-29T13:00,32.4,9,11,19.3,14.7
2026-01-29T14:00,32.0,28,29,19.1,14.4
2026-01-29T15:00,33.5,43,45,22.8,15.9
2026-01-29T16:00,31.7,42,41,25.8,15.6
2026-01-29T17:00,29.2,40,38,23.0,12.8
2026-01-29T18:00,23.4,41,42,22.8,12.6
2026-01-29T19:00,22.7,37,35,22.2,12.1
2026-01-29T20:00,23.0,33,32,23.2,12.7
2026-01-29T21:00,23.0,28,27,22.2,11.9
2026-01-29T22:00,21.6,20,17,19.9,10.2
2026-01-29T23:00,18.0,17,16,19.6,9.9
2026-01-30T00:00,20.9,9,9,18.8,9.6
2026-01-30T01:00,18.7,6,6,19.4,10.5
2026-01-30T02:00,22.0,9,8,22.2,12.2
2026-01-30T03:00,23.0,7,7,22.5,12.5
2026-01-30T04:00,22.7,3,2,21.3,12.4
2026-01-30T05:00,28.8,5,4,21.3,14.8
2026-01-30T06:00,33.8,8,8,24.7,17.5
2026-01-30T07:00,42.8,6,6,28.9,21.0
2026-01-30T08:00,47.2,5,5,31.4,22.9
2026-01-30T09:00,47.2,3,3,29.8,21.4
2026-01-30T10:00,44.3,5,5,27.5,20.0
2026-01-30T11:00,43.2,8,7,28.2,20.9
2026-01-30T12:00,45.0,19,20,26.1,19.1
2026-01-30T13:00,41.4,27,26,28.7,20.6
2026-01-30T14:00,41.4,31,32,26.2,18.6
2026-01-30T15:00,36.7,42,42,24.6,16.8
2026-01-30T16:00,32.4,46,47,19.9,11.3
2026-01-30T17:00,20.5,49,51,18.1,9.7
2026-01-30T18:00,17.3,50,52,20.6,10.8
2026-01-30T19:00,20.9,42,41,22.0,11.7
2026-01-30T20:00,24.5,40,40,24.0,13.4
2026-01-30T21:00,24.5,34,34,22.3,11.8
2026-01-30T22:00,21.6,30,30,20.7,10.7
2026-01-30T23:00,22.3,23,22,22.3,12.3
2026-01-31T00:00,22.3,21,19,21.2,11.2
2026-01-31T01:00,20.5,14,11,21.3,11.2
2026-01-31T02:00,20.9,12,11,22.1,11.8
2026-01-31T03:00,22.3,12,11,22.8,12.1
2026-01-31T04:00,22.7,12,12,22.8,12.7
2026-01-31T05:00,35.3,14,14,26.4,18.2
2026-01-31T06:00,41.0,15,14,27.2,19.5
2026-01-31T07:00,41.0,14,14,26.5,19.5
2026-01-31T08:00,42.1,9,8,27.0,19.8
2026-01-31T09:00,42.5,8,8,26.9,19.8
2026-01-31T10:00,43.6,14,14,28.2,20.7
2026-01-31T11:00,45.7,19,18,29.5,21.8
2026-01-31T12:00,45.4,31,30,26.5,19.7
2026-01-31T13:00,41.4,32,32,26.5,19.5
2026-01-31T14:00,40.7,41,41,28.6,20.0
2026-01-31T15:00,39.6,48,49,25.5,17.5
2026-01-31T16:00,33.8,55,56,21.5,13.2
2026-01-31T17:00,24.5,52,52,17.7,9.6
2026-01-31T18:00,17.3,45,43,21.5,11.6
2026-01-31T19:00,21.6,40,39,20.8,11.1
2026-01-31T20:00,20.2,40,39,19.7,10.0
2026-01-31T21:00,17.6,34,31,16.6,6.9
2026-01-31T22:00,11.5,25,18,15.1,5.3
2026-01-31T23:00,10.4,26,24,16.6,6.3
2026-02-01T00:00,10.8,18,18,17.2,8.1
2026-02-01T01:00,13.7,17,18,14.1,5.3
2026-02-01T02:00,8.6,13,7,13.3,4.7
2026-02-01T03:00,10.4,10,3,15.9,6.5
2026-02-01T04:00,12.2,8,360,15.8,7.9
2026-02-01T05:00,21.6,11,11,15.6,10.8
2026-02-01T06:00,28.4,18,18,20.0,14.9
2026-02-01T07:00,32.4,18,17,20.2,15.0
2026-02-01T08:00,36.0,15,15,21.6,16.2
2026-02-01T09:00,39.6,12,12,23.8,17.8
2026-02-01T10:00,39.6,17,16,24.0,18.0
2026-02-01T11:00,40.7,22,21,25.8,18.9
2026-02-01T12:00,41.0,24,23,24.3,18.2
2026-02-01T13:00,38.9,29,29,24.2,17.9
2026-02-01T14:00,38.2,38,38,24.4,17.8
2026-02-01T15:00,36.0,44,44,22.9,16.0
2026-02-01T16:00,32.0,49,50,23.1,13.9
2026-02-01T17:00,25.9,54,55,18.8,11.0
2026-02-01T18:00,20.5,55,56,21.8,11.9
2026-02-01T19:00,22.0,50,53,22.0,12.0
2026-02-01T20:00,21.6,43,44,20.6,10.7
2026-02-01T21:00,19.4,39,39,21.0,10.9
2026-02-01T22:00,19.8,37,38,20.4,10.5
2026-02-01T23:00,18.7,35,34,19.3,9.6
2026-02-02T00:00,16.9,26,24,19.4,9.7
2026-02-02T01:00,17.3,26,26,18.8,9.4
2026-02-02T02:00,16.2,24,25,19.5,9.1
2026-02-02T03:00,16.2,19,16,18.4,9.0
2026-02-02T04:00,16.9,17,16,18.4,9.9
2026-02-02T05:00,28.1,17,16,20.7,14.4
2026-02-02T06:00,31.3,19,19,19.6,14.5
2026-02-02T07:00,33.5,16,16,20.4,15.4
2026-02-02T08:00,36.7,12,11,22.3,16.5
2026-02-02T09:00,39.2,14,13,24.3,18.1
2026-02-02T10:00,41.0,17,17,25.3,18.8
2026-02-02T11:00,41.0,22,22,24.6,18.4
2026-02-02T12:00,40.7,22,22,23.4,17.7
2026-02-02T13:00,38.5,29,29,23.8,17.6
2026-02-02T14:00,38.2,33,33,24.2,17.6
2026-02-02T15:00,36.4,35,35,23.3,16.1
2026-02-02T16:00,31.7,44,44,19.5,11.5
2026-02-02T17:00,20.9,49,52,17.4,9.0
2026-02-02T18:00,16.2,50,52,20.1,10.5
2026-02-02T19:00,18.7,45,45,19.0,9.4
2026-02-02T20:00,16.9,40,38,18.5,9.0
2026-02-02T21:00,15.8,37,37,17.5,8.1
2026-02-02T22:00,14.0,38,39,17.2,7.7
2026-02-02T23:00,13.0,35,35,16.3,6.8
2026-02-03T00:00,11.9,17,11,14.5,5.5
2026-02-03T01:00,9.4,17,13,13.2,4.6
2026-02-03T02:00,7.2,8,355,11.6,4.2
2026-02-03T03:00,7.9,360,347,12.4,4.8
2026-02-03T04:00,10.4,359,348,13.0,7.2
2026-02-03T05:00,20.2,6,5,13.8,9.8
2026-02-03T06:00,24.5,7,8,12.5,9.4
2026-02-03T07:00,25.6,5,4,13.5,10.3
2026-02-03T08:00,27.7,5,3,14.8,11.5
2026-02-03T09:00,30.6,8,7,16.4,12.7
2026-02-03T10:00,34.6,11,10,19.3,14.8
2026-02-03T11:00,35.3,17,17,19.8,15.1
2026-02-03T12:00,34.9,31,31,19.4,14.9
2026-02-03T13:00,34.9,38,38,21.2,15.9
2026-02-03T14:00,36.0,44,44,23.0,16.9
2026-02-03T15:00,35.6,48,48,23.3,16.4
2026-02-03T16:00,32.8,49,49,22.8,13.5
2026-02-03T17:00,24.8,46,47,21.6,12.1
2026-02-03T18:00,22.0,48,48,23.3,13.0
2026-02-03T19:00,23.4,46,46,22.3,12.0
2026-02-03T20:00,21.6,46,46,21.6,11.3
2026-02-03T21:00,20.5,43,44,19.2,9.5
2026-02-03T22:00,17.3,42,42,18.1,8.5
2026-02-03T23:00,15.8,33,32,18.2,8.9
2026-02-04T00:00,15.8,23,23,15.5,6.5
2026-02-04T01:00,10.8,19,21,15.3,6.2
2026-02-04T02:00,11.2,17,20,15.8,6.7
2026-02-04T03:00,11.2,16,18,15.3,6.4
2026-02-04T04:00,11.2,12,10,14.0,7.3
2026-02-04T05:00,23.4,9,8,16.2,11.6
2026-02-04T06:00,26.3,10,9,16.8,12.6
2026-02-04T07:00,31.0,11,11,18.4,13.8
2026-02-04T08:00,33.5,11,11,19.3,14.7
2026-02-04T09:00,34.2,14,14,19.3,14.6
2026-02-04T10:00,34.9,20,20,19.6,15.0
2026-02-04T11:00,36.0,30,29,20.3,15.5
2026-02-04T12:00,37.1,32,32,20.0,15.3
2026-02-04T13:00,34.6,37,36,20.2,15.2
2026-02-04T14:00,33.8,47,46,20.9,15.7
2026-02-04T15:00,33.1,56,55,21.3,15.0
2026-02-04T16:00,30.2,63,63,20.2,12.3
2026-02-04T17:00,23.0,74,76,17.2,9.5
2026-02-04T18:00,16.9,70,72,18.2,9.4
2026-02-04T19:00,17.6,71,74,19.2,9.7
2026-02-04T20:00,17.6,75,80,18.4,9.0
2026-02-04T21:00,15.8,68,68,15.7,6.2
2026-02-04T22:00,10.4,65,62,13.9,4.7
2026-02-04T23:00,7.9,60,58,14.0,5.1
2026-02-05T00:00,10.1,50,53,16.6,7.2
2026-02-05T01:00,12.2,44,44,15.0,6.2
2026-02-05T02:00,10.4,33,29,14.0,5.2
2026-02-05T03:00,9.0,26,22,14.8,5.6
2026-02-05T04:00,10.4,26,23,13.8,7.3
2026-02-05T05:00,17.3,33,33,12.1,8.3
2026-02-05T06:00,21.6,22,22,13.4,10.1
2026-02-05T07:00,25.2,13,12,13.1,10.1
2026-02-05T08:00,28.8,14,13,15.2,11.7
2026-02-05T09:00,32.0,20,19,17.6,13.5
2026-02-05T10:00,35.3,21,21,19.7,15.2
2026-02-05T11:00,35.6,23,22,19.9,15.2
2026-02-05T12:00,36.0,15,15,21.1,16.0
2026-02-05T13:00,35.3,22,22,19.8,14.9
2026-02-05T14:00,33.8,35,36,21.2,15.7
2026-02-05T15:00,33.5,43,43,21.3,15.0
2026-02-05T16:00,30.2,52,51,18.6,10.6
2026-02-05T17:00,19.8,50,51,19.2,10.1
2026-02-05T18:00,18.4,45,45,21.3,11.2
2026-02-05T19:00,20.5,42,42,21.7,11.2
2026-02-05T20:00,20.2,44,43,18.5,8.4
2026-02-05T21:00,14.8,36,33,17.6,7.3
2026-02-05T22:00,13.7,27,21,18.8,8.1
2026-02-05T23:00,13.7,25,24,18.8,8.1
2026-02-06T00:00,13.7,22,22,18.6,8.2
2026-02-06T01:00,14.0,21,20,17.9,8.3
2026-02-06T02:00,15.1,17,18,18.8,8.9
2026-02-06T03:00,15.1,16,17,17.6,7.3
2026-02-06T04:00,11.9,13,12,13.3,6.1
2026-02-06T05:00,22.3,9,8,16.2,11.5
2026-02-06T06:00,29.5,6,7,18.3,13.6
2026-02-06T07:00,32.8,8,8,19.6,14.7
2026-02-06T08:00,36.7,8,9,22.2,16.6
2026-02-06T09:00,40.0,10,11,23.8,18.0
2026-02-06T10:00,40.0,11,10,23.3,17.5
2026-02-06T11:00,38.2,17,19,23.0,16.8
2026-02-06T12:00,36.0,20,20,20.9,15.3
2026-02-06T13:00,37.1,24,24,22.7,16.6
2026-02-06T14:00,38.9,32,32,25.8,18.8
2026-02-06T15:00,38.9,37,37,23.4,16.5
2026-02-06T16:00,33.1,45,46,22.8,14.5
2026-02-06T17:00,27.0,53,55,20.1,11.5
2026-02-06T18:00,20.9,39,39,20.9,11.3
2026-02-06T19:00,20.9,33,33,19.4,10.3
2026-02-06T20:00,18.7,32,32,18.5,9.5
2026-02-06T21:00,19.1,29,27,19.5,10.3
2026-02-06T22:00,18.4,20,16,15.5,7.7
2026-02-06T23:00,15.1,11,10,16.1,8.6
2026-02-07T00:00,15.8,17,21,15.3,7.5
2026-02-07T01:00,13.0,11,10,12.3,5.1
2026-02-07T02:00,11.9,4,360,13.0,7.0
2026-02-07T03:00,18.7,1,3,18.0,10.5
2026-02-07T04:00,19.4,12,15,18.4,9.5
2026-02-07T05:00,20.9,359,358,15.1,10.3
2026-02-07T06:00,24.1,2,1,16.0,11.9
2026-02-07T07:00,34.2,5,4,18.4,13.9
2026-02-07T08:00,36.4,2,1,18.6,14.2
2026-02-07T09:00,37.1,2,1,18.7,14.4
2026-02-07T10:00,36.0,5,6,19.0,14.3
2026-02-07T11:00,34.2,5,7,15.9,12.1
2026-02-07T12:00,30.2,23,21,18.8,13.8
2026-02-07T13:00,31.0,32,32,18.8,14.1
2026-02-07T14:00,30.6,33,32,12.1,8.9
2026-02-07T15:00,18.7,356,355,2.7,2.0
2026-02-07T16:00,6.5,38,13,3.0,1.7
2026-02-07T17:00,4.3,55,90,2.2,1.1
2026-02-07T18:00,6.1,202,205,13.7,8.4
2026-02-07T19:00,15.5,214,251,7.1,4.4
2026-02-07T20:00,7.2,270,281,2.5,2.9
2026-02-07T21:00,7.2,290,261,2.7,3.3
2026-02-07T22:00,8.6,312,306,7.3,5.1
2026-02-07T23:00,9.4,325,309,6.8,3.5
2026-02-08T00:00,5.8,292,266,4.8,2.5
2026-02-08T01:00,4.0,336,343,6.7,2.4
2026-02-08T02:00,5.8,342,345,8.7,3.5
2026-02-08T03:00,9.0,357,4,11.9,5.6
2026-02-08T04:00,11.5,359,2,13.0,6.8
2026-02-08T05:00,15.1,357,357,9.0,6.3
2026-02-08T06:00,22.3,4,5,17.9,13.4
2026-02-08T07:00,32.8,10,10,20.1,15.0
2026-02-08T08:00,35.3,12,11,20.4,15.4
2026-02-08T09:00,34.6,12,12,19.3,14.7
2026-02-08T10:00,34.6,14,14,18.7,14.5
2026-02-08T11:00,34.6,22,22,19.2,14.4
2026-02-08T12:00,32.4,19,19,21.6,16.2
2026-02-08T13:00,36.7,32,32,22.6,16.5
2026-02-08T14:00,33.8,39,39,20.7,15.0
2026-02-08T15:00,35.3,41,41,24.4,17.1
2026-02-08T16:00,33.1,49,49,24.5,14.8
2026-02-08T17:00,27.4,57,60,21.2,12.1
2026-02-08T18:00,22.0,52,54,20.6,11.3
2026-02-08T19:00,20.2,49,50,18.6,9.6
2026-02-08T20:00,16.9,44,46,18.8,9.3
2026-02-08T21:00,17.6,41,44,20.0,10.2
2026-02-08T22:00,18.7,35,35,20.7,10.5
2026-02-08T23:00,20.2,37,39,21.2,11.3
2026-02-09T00:00,20.5,37,38,17.5,8.5
2026-02-09T01:00,16.2,27,23,17.8,8.8
2026-02-09T02:00,19.1,20,18,20.3,11.2
2026-02-09T03:00,19.1,24,21,16.2,7.1
2026-02-09T04:00,13.0,358,336,13.5,7.5
2026-02-09T05:00,18.0,14,10,14.5,9.3
2026-02-09T06:00,28.1,18,19,17.2,13.0
2026-02-09T07:00,31.7,17,18,17.3,13.0
2026-02-09T08:00,31.7,13,12,15.9,12.1
2026-02-09T09:00,33.1,11,9,18.1,13.7
2026-02-09T10:00,35.3,14,13,20.4,15.3
2026-02-09T11:00,37.8,19,19,22.7,17.0
2026-02-09T12:00,39.6,25,25,23.5,17.7
2026-02-09T13:00,38.9,30,30,22.8,16.9
2026-02-09T14:00,36.4,37,37,21.9,16.1
2026-02-09T15:00,34.2,46,46,20.9,14.9
2026-02-09T16:00,29.5,59,62,18.6,11.4
2026-02-09T17:00,20.9,62,64,15.1,7.4
2026-02-09T18:00,13.0,54,55,20.4,10.7
2026-02-09T19:00,19.4,50,50,18.9,9.3
2026-02-09T20:00,16.2,44,40,15.8,6.4
2026-02-09T21:00,10.8,37,32,14.4,5.5
2026-02-09T22:00,9.0,35,30,14.1,5.0
2026-02-09T23:00,8.3,31,24,12.8,4.3
2026-02-10T00:00,6.5,12,360,9.4,2.9
2026-02-10T01:00,4.0,2,343,9.2,3.0
2026-02-10T02:00,5.4,354,337,10.0,3.7
2026-02-10T03:00,5.4,349,328,9.2,3.4
2026-02-10T04:00,8.3,340,316,10.4,6.0
2026-02-10T05:00,15.5,356,356,10.3,7.4
2026-02-10T06:00,24.1,3,3,15.7,11.7
2026-02-10T07:00,28.4,9,9,15.5,11.7
2026-02-10T08:00,32.0,9,8,17.7,13.5
2026-02-10T09:00,35.6,12,12,19.9,15.3
2026-02-10T10:00,36.4,16,16,20.2,15.4
2026-02-10T11:00,41.4,20,19,20.5,15.7
2026-02-10T12:00,41.4,27,25,18.0,13.9
2026-02-10T13:00,34.6,39,38,20.5,15.6
2026-02-10T14:00,36.0,47,47,23.1,17.1
2026-02-10T15:00,35.6,56,56,24.4,17.4
2026-02-10T16:00,34.2,62,63,22.9,14.5
2026-02-10T17:00,26.6,70,73,18.3,10.4
2026-02-10T18:00,18.7,62,61,19.0,10.1
2026-02-10T19:00,18.0,61,62,17.5,8.4
2026-02-10T20:00,14.8,73,79,14.7,5.7
2026-02-10T21:00,9.4,64,64,14.2,5.0
2026-02-10T22:00,8.3,52,48,14.0,4.8
2026-02-10T23:00,8.3,55,59,12.9,4.2
2026-02-11T00:00,6.5,34,329,7.1,1.0
2026-02-11T01:00,2.9,20,340,8.6,2.1
2026-02-11T02:00,5.4,20,5,11.1,4.0
2026-02-11T03:00,5.4,23,354,8.4,1.6
2026-02-11T04:00,2.5,8,259,5.1,1.8
2026-02-11T05:00,8.6,346,284,1.5,0.7
2026-02-11T06:00,16.9,4,1,9.4,7.2
2026-02-11T07:00,25.2,10,8,9.9,7.6
2026-02-11T08:00,25.9,13,11,11.1,8.8
2026-02-11T09:00,28.4,18,15,13.6,10.6
2026-02-11T10:00,31.3,17,15,15.8,12.5
2026-02-11T11:00,34.9,20,19,18.7,14.6
2026-02-11T12:00,35.3,30,28,19.9,15.5
2026-02-11T13:00,37.1,36,35,21.9,16.5
2026-02-11T14:00,36.4,42,42,23.3,17.2
2026-02-11T15:00,36.4,52,52,23.0,16.4
2026-02-11T16:00,32.8,56,56,21.4,13.2
2026-02-11T17:00,24.5,59,59,19.0,11.1
2026-02-11T18:00,20.2,53,54,19.9,11.1
2026-02-11T19:00,19.8,52,52,17.9,9.1
2026-02-11T20:00,15.8,51,50,17.3,8.2
2026-02-11T21:00,14.0,50,49,15.8,6.6
2026-02-11T22:00,11.5,42,37,16.4,6.8
2026-02-11T23:00,11.5,36,31,16.2,6.7
2026-02-12T00:00,11.2,30,28,14.8,6.5
2026-02-12T01:00,10.8,18,8,15.1,6.4
2026-02-12T02:00,11.5,17,12,16.2,6.8
2026-02-12T03:00,11.5,3,350,13.9,5.3
2026-02-12T04:00,9.7,352,331,11.8,6.4
2026-02-12T05:00,16.2,354,351,10.3,7.3
2026-02-12T06:00,21.2,6,4,11.0,8.3
2026-02-12T07:00,22.0,2,1,9.7,7.6
2026-02-12T08:00,25.2,7,7,11.6,9.1
2026-02-12T09:00,28.1,14,15,13.0,10.3
2026-02-12T10:00,28.8,13,14,13.1,10.6
2026-02-12T11:00,32.0,15,15,15.8,12.7
2026-02-12T12:00,34.2,25,25,20.8,16.1
2026-02-12T13:00,37.1,32,31,20.3,15.3
2026-02-12T14:00,34.6,47,47,21.0,15.5
2026-02-12T15:00,33.5,59,59,21.2,15.2
2026-02-12T16:00,30.6,64,65,19.2,12.2
2026-02-12T17:00,23.0,63,64,18.6,11.2
2026-02-12T18:00,20.5,58,59,19.7,10.7
2026-02-12T19:00,19.4,59,58,20.7,10.8
2026-02-12T20:00,19.4,59,59,20.4,10.5
2026-02-12T21:00,18.7,54,54,18.8,9.1
2026-02-12T22:00,15.8,40,33,16.2,6.9
2026-02-12T23:00,13.3,32,29,17.5,7.8
2026-02-13T00:00,13.7,27,28,20.2,10.8
2026-02-13T01:00,19.4,24,25,18.8,9.7
2026-02-13T02:00,17.3,19,20,18.4,9.2
2026-02-13T03:00,16.2,14,13,15.6,6.5
2026-02-13T04:00,10.8,8,360,12.2,6.3
2026-02-13T05:00,20.9,9,8,12.9,9.3
2026-02-13T06:00,23.4,14,14,15.2,11.5
2026-02-13T07:00,29.2,15,14,15.6,12.0
2026-02-13T08:00,31.0,15,14,16.2,12.4
2026-02-13T09:00,33.1,17,16,17.7,13.7
2026-02-13T10:00,35.3,19,18,19.2,15.0
2026-02-13T11:00,36.7,21,21,20.5,15.8
2026-02-13T12:00,39.6,26,26,22.2,17.2
2026-02-13T13:00,39.2,34,34,21.5,16.2
2026-02-13T14:00,36.0,45,45,22.7,16.7
2026-02-13T15:00,35.6,59,60,23.6,16.8
2026-02-13T16:00,33.5,68,69,21.0,12.9
2026-02-13T17:00,24.1,67,67,17.7,9.8
2026-02-13T18:00,18.0,61,61,17.7,9.3
2026-02-13T19:00,16.2,61,63,16.8,8.0
2026-02-13T20:00,14.0,72,79,16.1,7.3
2026-02-13T21:00,12.2,70,69,15.0,5.6
2026-02-13T22:00,9.4,58,48,13.6,4.6
2026-02-13T23:00,7.6,52,39,13.9,4.6
2026-02-14T00:00,8.3,26,14,14.2,5.2
2026-02-14T01:00,8.6,17,360,12.6,4.5
2026-02-14T02:00,7.2,15,349,10.8,3.8
2026-02-14T03:00,6.8,11,349,11.9,4.6
2026-02-14T04:00,12.2,1,343,13.9,7.9
2026-02-14T05:00,20.5,9,9,13.1,9.6
2026-02-14T06:00,24.8,8,7,11.8,9.1
2026-02-14T07:00,24.1,7,7,12.0,9.2
2026-02-14T08:00,26.6,8,8,12.7,9.8
2026-02-14T09:00,28.4,18,18,13.4,10.6
2026-02-14T10:00,31.7,27,27,15.8,12.5
2026-02-14T11:00,34.2,36,35,18.6,14.5
2026-02-14T12:00,35.6,38,36,17.3,13.6
2026-02-14T13:00,33.8,48,46,19.4,14.9
2026-02-14T14:00,34.2,57,57,21.0,15.5
2026-02-14T15:00,33.5,66,66,21.9,15.6
2026-02-14T16:00,31.0,66,66,19.1,10.9
2026-02-14T17:00,19.8,68,68,18.1,9.1
2026-02-14T18:00,16.2,62,62,16.5,6.9
2026-02-14T19:00,11.5,63,65,16.0,6.0
2026-02-14T20:00,9.7,60,61,13.9,4.8
2026-02-14T21:00,6.5,55,51,13.2,4.6
2026-02-14T22:00,6.5,43,27,11.8,4.0
2026-02-14T23:00,5.8,32,12,10.6,3.5
2026-02-15T00:00,6.1,36,16,10.9,3.9
2026-02-15T01:00,5.0,25,346,10.1,3.7
2026-02-15T02:00,5.4,12,313,8.6,3.4
2026-02-15T03:00,5.0,354,289,6.5,3.2
2026-02-15T04:00,8.3,343,300,7.5,6.1
2026-02-15T05:00,14.4,334,323,8.6,5.7
2026-02-15T06:00,22.0,357,354,9.6,7.4
2026-02-15T07:00,19.8,354,351,7.4,5.8
2026-02-15T08:00,19.1,339,336,6.6,5.3
2026-02-15T09:00,19.8,340,340,6.3,5.2
2026-02-15T10:00,19.8,335,336,5.2,4.3
2026-02-15T11:00,19.4,333,335,5.5,4.8
2026-02-15T12:00,19.4,91,92,7.7,6.5
2026-02-15T13:00,31.3,80,79,17.7,13.7
2026-02-15T14:00,31.7,80,79,18.3,13.7
2026-02-15T15:00,29.9,92,91,20.2,14.6
2026-02-15T16:00,29.5,90,91,20.7,12.4
2026-02-15T17:00,22.7,86,85,19.5,11.0
2026-02-15T18:00,19.4,77,75,17.0,8.6
2026-02-15T19:00,14.8,85,84,16.1,7.2
2026-02-15T20:00,12.2,84,80,12.7,4.2
2026-02-15T21:00,6.8,86,77,11.7,3.9
2026-02-15T22:00,7.2,83,80,12.3,4.2
2026-02-15T23:00,9.7,59,43,13.9,6.1
2026-02-16T00:00,10.4,27,339,8.7,4.0
2026-02-16T01:00,8.6,354,309,8.0,4.6
2026-02-16T02:00,7.6,327,285,5.6,3.5
2026-02-16T03:00,9.0,258,222,5.9,4.6
2026-02-16T04:00,8.3,261,219,5.5,3.7
2026-02-16T05:00,11.5,279,276,4.4,3.3
2026-02-16T06:00,14.0,335,331,3.0,2.3
2026-02-16T07:00,12.2,97,99,1.5,1.1
2026-02-16T08:00,16.9,68,63,5.6,4.4
2026-02-16T09:00,20.9,35,30,8.5,6.9
2026-02-16T10:00,26.3,26,25,12.8,10.3
2026-02-16T11:00,28.8,54,55,15.1,11.4
2026-02-16T12:00,26.3,43,44,14.8,11.5
2026-02-16T13:00,28.8,62,61,15.5,11.8
2026-02-16T14:00,28.8,74,75,18.7,14.0
2026-02-16T15:00,29.9,85,86,20.1,14.4
2026-02-16T16:00,28.8,92,92,16.7,10.6
2026-02-16T17:00,20.2,93,94,15.3,8.8
2026-02-16T18:00,15.8,87,93,13.3,6.0
2026-02-16T19:00,10.1,86,99,10.8,3.3
2026-02-16T20:00,5.0,78,79,10.7,3.7
2026-02-16T21:00,5.0,64,30,8.6,2.5
2026-02-16T22:00,3.6,44,356,7.8,2.7
2026-02-16T23:00,7.9,29,2,11.5,4.9
2026-02-17T00:00,8.3,85,239,2.2,1.0
2026-02-17T01:00,6.1,169,239,1.8,3.1
2026-02-17T02:00,6.5,196,242,1.3,3.1
2026-02-17T03:00,10.8,202,215,8.2,6.6
2026-02-17T04:00,13.3,195,206,10.3,5.8
2026-02-17T05:00,11.9,184,189,2.9,2.2
2026-02-17T06:00,13.0,203,204,4.7,3.9
2026-02-17T07:00,14.8,264,264,1.8,1.6
2026-02-17T08:00,16.6,117,180,0.8,0.5
2026-02-17T09:00,16.6,101,115,3.7,3.0
2026-02-17T10:00,34.6,103,102,22.2,16.8
2026-02-17T11:00,36.4,73,84,3.0,1.6
2026-02-17T12:00,22.3,106,114,8.3,6.5
2026-02-17T13:00,22.3,157,163,11.9,9.1
2026-02-17T14:00,23.4,122,125,13.4,9.8
2026-02-17T15:00,21.2,119,121,14.7,10.3
2026-02-17T16:00,20.9,110,114,15.5,8.5
2026-02-17T17:00,15.1,97,100,13.8,6.2
2026-02-17T18:00,10.4,98,111,10.4,3.1
2026-02-17T19:00,4.0,88,270,5.0,0.4
2026-02-17T20:00,1.1,64,297,4.6,0.8
2026-02-17T21:00,4.0,67,297,6.5,0.4
2026-02-17T22:00,12.6,324,298,8.2,8.8
2026-02-17T23:00,22.0,330,315,14.6,9.4
2026-02-18T00:00,15.8,10,266,2.0,2.7
2026-02-18T01:00,4.7,27,239,1.6,1.0
2026-02-18T02:00,9.4,333,295,6.7,6.0
2026-02-18T03:00,12.2,354,340,8.5,4.2
2026-02-18T04:00,9.4,338,335,9.3,5.6
2026-02-18T05:00,10.8,329,307,4.8,2.7
2026-02-18T06:00,17.6,330,326,5.0,3.9
2026-02-18T07:00,16.9,40,40,5.6,4.2
2026-02-18T08:00,16.9,45,43,5.1,3.7
2026-02-18T09:00,15.8,61,62,4.1,3.1
2026-02-18T10:00,16.6,93,96,7.0,5.6
2026-02-18T11:00,22.3,112,119,12.3,9.3
2026-02-18T12:00,22.0,97,100,11.8,9.0
2026-02-18T13:00,24.5,96,96,14.7,11.0
2026-02-18T14:00,28.4,88,88,17.7,13.0
2026-02-18T15:00,28.1,88,86,17.3,11.7
2026-02-18T16:00,22.7,101,103,16.3,8.5
2026-02-18T17:00,15.1,112,119,14.2,6.6
2026-02-18T18:00,11.2,91,92,13.3,5.0
2026-02-18T19:00,8.3,91,90,9.9,2.3
2026-02-18T20:00,4.0,88,83,9.9,2.9
2026-02-18T21:00,4.3,99,130,8.0,1.4
2026-02-18T22:00,1.8,93,81,7.6,1.1
2026-02-18T23:00,1.8,108,236,5.1,0.6
2026-02-19T00:00,2.5,333,265,1.6,2.2
2026-02-19T01:00,4.0,305,270,2.2,2.5
2026-02-19T02:00,4.0,291,274,3.1,2.9
2026-02-19T03:00,4.3,303,286,4.3,3.4
2026-02-19T04:00,7.2,296,276,5.4,5.4
2026-02-19T05:00,11.9,272,261,5.9,3.6
2026-02-19T06:00,12.2,360,351,2.9,2.2
2026-02-19T07:00,13.7,35,27,2.2,1.6
2026-02-19T08:00,14.4,131,164,1.7,1.3
2026-02-19T09:00,14.0,55,48,5.7,4.8
2026-02-19T10:00,29.5,18,12,14.2,9.9
2026-02-19T11:00,22.0,110,124,5.9,4.5
2026-02-19T12:00,18.0,59,55,15.2,11.6
2026-02-19T13:00,25.6,63,62,12.5,9.3
2026-02-19T14:00,24.5,74,73,12.8,9.6
2026-02-19T15:00,21.6,85,85,15.0,10.7
2026-02-19T16:00,21.2,90,91,17.1,9.0
2026-02-19T17:00,15.8,94,98,13.2,5.3
2026-02-19T18:00,8.3,72,63,12.0,4.0
2026-02-19T19:00,6.5,72,67,12.9,4.5
2026-02-19T20:00,6.5,65,54,11.4,4.0
2026-02-19T21:00,5.4,69,55,9.1,2.2
2026-02-19T22:00,2.9,68,333,6.4,0.8
2026-02-19T23:00,2.2,41,284,3.6,1.5
2026-02-20T00:00,7.2,301,256,1.0,2.2
2026-02-20T01:00,3.6,79,225,1.8,0.3
2026-02-20T02:00,2.2,360,263,0.9,1.5
2026-02-20T03:00,5.0,257,243,2.4,3.2
2026-02-20T04:00,12.6,244,252,8.8,8.0
2026-02-20T05:00,14.0,240,241,8.7,5.2
2026-02-20T06:00,20.2,239,237,5.2,4.3
2026-02-20T07:00,18.4,233,234,6.8,5.5
2026-02-20T08:00,19.4,225,226,8.1,6.7
2026-02-20T09:00,20.9,223,225,9.3,7.4
2026-02-20T10:00,20.9,208,210,3.9,2.9
2026-02-20T11:00,23.8,87,85,11.7,9.6
2026-02-20T12:00,32.0,106,111,14.1,10.0
2026-02-20T13:00,28.1,151,153,15.8,11.8
2026-02-20T14:00,26.6,118,119,16.9,12.3
2026-02-20T15:00,25.9,111,112,18.2,12.6
2026-02-20T16:00,24.1,106,107,17.2,8.7
2026-02-20T17:00,15.1,103,102,14.6,5.9
2026-02-20T18:00,9.7,92,89,17.5,7.2
2026-02-20T19:00,11.9,98,98,14.5,4.9
2026-02-20T20:00,8.6,99,98,15.1,5.3
2026-02-20T21:00,8.3,94,85,13.2,4.5
2026-02-20T22:00,6.1,89,61,10.6,2.3
2026-02-20T23:00,3.2,49,305,4.1,2.2
2026-02-21T00:00,18.0,104,129,8.9,1.2
2026-02-21T01:00,2.9,67,315,4.1,1.5
2026-02-21T02:00,3.6,59,329,5.2,2.1
2026-02-21T03:00,13.3,320,306,12.0,8.2
2026-02-21T04:00,13.7,297,295,12.1,7.3
2026-02-21T05:00,13.0,291,291,10.0,5.0
2026-02-21T06:00,18.0,204,210,3.5,2.9
2026-02-21T07:00,18.4,173,180,7.6,6.1
2026-02-21T08:00,19.4,171,178,7.3,5.8
2026-02-21T09:00,19.1,162,166,8.0,6.5
2026-02-21T10:00,28.4,139,138,15.7,12.4
2026-02-21T11:00,29.9,101,96,10.8,7.2
2026-02-21T12:00,21.6,126,127,10.7,8.4
2026-02-21T13:00,25.9,136,139,13.2,10.3
2026-02-21T14:00,25.9,132,134,14.7,11.3
2026-02-21T15:00,26.3,111,112,16.2,11.5
2026-02-21T16:00,22.3,98,100,17.8,9.5
2026-02-21T17:00,16.9,80,78,15.0,6.8
2026-02-21T18:00,11.2,71,73,13.3,4.9
2026-02-21T19:00,8.6,72,79,14.4,5.5
2026-02-21T20:00,10.4,67,73,14.5,5.5
2026-02-21T21:00,9.0,60,59,12.5,4.2
2026-02-21T22:00,5.4,54,49,9.3,1.9
2026-02-21T23:00,2.5,56,56,8.4,1.3
2026-02-22T00:00,2.2,38,354,8.0,1.6
2026-02-22T01:00,3.6,24,337,8.5,2.7
2026-02-22T02:00,5.0,357,306,7.4,3.1
2026-02-22T03:00,6.5,355,308,6.5,2.1
2026-02-22T04:00,6.1,56,122,4.8,2.7
2026-02-22T05:00,11.2,332,306,2.7,1.5
2026-02-22T06:00,14.0,31,30,5.6,4.4
2026-02-22T07:00,18.4,18,12,5.3,4.2
2026-02-22T08:00,18.0,23,17,5.5,4.3
2026-02-22T09:00,17.6,47,37,3.4,2.7
2026-02-22T10:00,25.2,131,134,14.8,11.6
2026-02-22T11:00,27.4,84,81,6.5,4.6
2026-02-22T12:00,18.4,94,105,4.9,3.5
2026-02-22T13:00,18.4,113,118,6.5,4.9
2026-02-22T14:00,20.2,109,110,11.8,9.0
2026-02-22T15:00,20.5,96,97,12.9,9.4
2026-02-22T16:00,18.7,82,82,14.7,7.5
2026-02-22T17:00,13.0,87,90,13.2,5.6
2026-02-22T18:00,9.0,68,58,12.8,4.4
2026-02-22T19:00,7.6,55,39,13.0,4.6
2026-02-22T20:00,7.9,60,56,14.0,4.8
2026-02-22T21:00,7.2,48,16,10.4,3.2
2026-02-22T22:00,4.0,29,321,7.8,2.6
2026-02-22T23:00,4.3,354,265,3.4,2.2
2026-02-23T00:00,9.7,2,351,13.2,4.6
2026-02-23T01:00,17.3,300,286,18.2,10.7
2026-02-23T02:00,21.2,282,269,14.7,7.4
2026-02-23T03:00,12.2,258,236,13.4,6.7
2026-02-23T04:00,11.9,252,245,11.6,5.6
2026-02-23T05:00,18.0,230,225,12.0,8.1
2026-02-23T06:00,20.2,230,228,10.7,8.0
2026-02-23T07:00,23.0,238,238,11.5,8.7
2026-02-23T08:00,23.0,237,236,9.9,7.6
2026-02-23T09:00,22.7,239,238,7.6,6.1
2026-02-23T10:00,22.0,258,257,9.2,7.4
2026-02-23T11:00,22.3,86,82,7.2,5.3
2026-02-23T12:00,19.8,30,354,7.7,3.4
2026-02-23T13:00,11.2,174,204,3.6,3.5
2026-02-23T14:00,13.3,125,144,2.2,1.5
2026-02-23T15:00,9.4,142,146,5.3,3.9
2026-02-23T16:00,9.7,158,218,5.2,2.1
2026-02-23T17:00,9.0,194,220,8.0,4.2
2026-02-23T18:00,6.8,207,262,6.7,5.1
2026-02-23T19:00,10.1,248,270,6.4,4.1
2026-02-23T20:00,8.3,236,236,8.4,5.4
2026-02-23T21:00,14.4,234,229,16.6,8.6
2026-02-23T22:00,17.3,233,227,18.8,10.1
2026-02-23T23:00,17.6,220,217,16.2,8.6
2026-02-24T00:00,14.8,221,218,20.4,11.0
2026-02-24T01:00,19.1,216,213,20.6,10.3
2026-02-24T02:00,18.4,218,217,18.1,8.4
2026-02-24T03:00,14.4,226,225,13.6,5.9
2026-02-24T04:00,10.1,239,240,11.9,5.8
2026-02-24T05:00,9.4,247,251,9.2,3.8
2026-02-24T06:00,10.4,246,244,10.2,6.6
2026-02-24T07:00,14.8,248,252,7.4,5.1
2026-02-24T08:00,15.1,260,265,4.9,3.8
2026-02-24T09:00,16.6,253,257,4.3,3.3
2026-02-24T10:00,16.9,223,227,4.7,3.7
2026-02-24T11:00,18.4,204,207,7.5,6.0
2026-02-24T12:00,18.4,189,182,5.8,4.5
2026-02-24T13:00,24.5,172,171,14.7,11.3
2026-02-24T14:00,23.0,132,135,6.8,4.6
2026-02-24T15:00,13.0,120,119,9.1,6.0
2026-02-24T16:00,11.9,132,132,14.1,6.5
2026-02-24T17:00,12.2,133,129,16.4,7.4
2026-02-24T18:00,12.2,139,145,18.2,7.0
2026-02-24T19:00,11.5,127,127,17.5,7.2
2026-02-24T20:00,11.9,117,108,17.1,6.8
2026-02-24T21:00,10.8,107,90,13.9,4.9
2026-02-24T22:00,6.8,111,108,12.4,4.2
2026-02-24T23:00,5.4,120,144,11.0,3.3
2026-02-25T00:00,4.7,169,209,9.4,3.7
2026-02-25T01:00,5.0,147,196,8.3,2.6
2026-02-25T02:00,3.6,140,252,4.5,1.1
2026-02-25T03:00,2.9,72,284,1.1,1.5
2026-02-25T04:00,6.1,214,249,2.6,4.4
2026-02-25T05:00,9.0,238,248,1.7,1.9
2026-02-25T06:00,10.4,133,143,3.4,2.7
2026-02-25T07:00,16.2,138,151,2.4,1.9
2026-02-25T08:00,16.2,159,165,3.5,2.8
2026-02-25T09:00,21.6,175,177,8.0,6.3
2026-02-25T10:00,23.0,162,163,7.6,6.0
2026-02-25T11:00,22.3,151,149,8.5,6.9
2026-02-25T12:00,26.6,124,123,13.7,10.3
2026-02-25T13:00,24.8,107,107,13.7,10.1
2026-02-25T14:00,22.7,120,121,14.1,10.3
2026-02-25T15:00,21.6,117,117,15.6,9.5
2026-02-25T16:00,17.6,114,117,13.0,4.8
2026-02-25T17:00,7.6,99,85,11.7,4.3
2026-02-25T18:00,6.5,68,51,13.0,4.6
2026-02-25T19:00,7.2,27,335,9.1,3.8
2026-02-25T20:00,6.8,30,328,7.9,2.3
2026-02-25T21:00,3.2,9,270,4.4,2.0
2026-02-25T22:00,3.6,45,256,4.3,0.7
2026-02-25T23:00,5.8,294,261,3.9,3.5
2026-02-26T00:00,6.8,241,210,4.8,2.9
2026-02-26T01:00,4.7,125,153,3.7,2.0
2026-02-26T02:00,3.6,104,231,1.5,1.2
2026-02-26T03:00,5.8,279,254,2.4,3.2
2026-02-26T04:00,12.6,269,261,8.1,7.3
2026-02-26T05:00,13.7,271,264,9.4,5.4
2026-02-26T06:00,14.8,311,308,7.1,5.5
2026-02-26T07:00,16.9,343,342,6.6,5.3
2026-02-26T08:00,18.0,348,346,7.0,5.4
2026-02-26T09:00,18.0,18,18,4.7,4.0
2026-02-26T10:00,17.3,38,39,6.7,5.8
2026-02-26T11:00,23.4,33,21,8.8,6.2
2026-02-26T12:00,22.0,102,113,9.7,6.9
2026-02-26T13:00,21.2,101,103,10.3,7.9
2026-02-26T14:00,20.5,80,87,5.3,3.1
2026-02-26T15:00,11.9,154,178,9.6,5.6
2026-02-26T16:00,12.2,162,187,11.9,6.2
2026-02-26T17:00,10.4,142,166,11.2,3.7
2026-02-26T18:00,5.4,137,165,11.1,4.1
2026-02-26T19:00,7.2,140,165,11.1,4.1
2026-02-26T20:00,5.8,155,215,7.2,2.8
2026-02-26T21:00,4.3,156,218,7.5,3.2
2026-02-26T22:00,6.1,175,249,6.0,3.5
2026-02-26T23:00,7.2,201,270,5.0,3.4
2026-02-27T00:00,11.9,278,288,10.7,5.9
2026-02-27T01:00,11.9,262,254,9.8,3.2
2026-02-27T02:00,4.7,201,151,5.4,2.3
2026-02-27T03:00,5.0,189,173,7.3,3.1
2026-02-27T04:00,9.7,192,170,9.7,5.3
2026-02-27T05:00,20.9,158,149,16.5,10.2
2026-02-27T06:00,21.2,173,173,7.6,5.8
2026-02-27T07:00,19.4,176,178,8.7,6.8
2026-02-27T08:00,19.8,182,185,8.3,6.7
2026-02-27T09:00,20.2,185,180,8.8,7.2
2026-02-27T10:00,34.6,118,119,22.7,15.6
2026-02-27T11:00,30.6,121,119,7.7,5.6
2026-02-27T12:00,17.6,139,138,10.7,8.0
2026-02-27T13:00,19.8,142,144,9.6,7.3
2026-02-27T14:00,18.4,170,173,5.3,4.2
2026-02-27T15:00,11.5,146,149,9.1,6.3
2026-02-27T16:00,13.3,150,150,14.2,7.3
2026-02-27T17:00,12.2,152,155,10.4,3.8
2026-02-27T18:00,7.2,173,178,10.3,4.7
2026-02-27T19:00,7.6,174,191,6.7,1.8
2026-02-27T20:00,3.6,207,243,6.0,2.4
2026-02-27T21:00,4.7,210,232,7.3,3.2
2026-02-27T22:00,7.2,196,212,10.1,4.4
2026-02-27T23:00,7.9,202,219,10.9,4.9
2026-02-28T00:00,11.2,215,219,9.4,3.7
2026-02-28T01:00,6.5,220,229,10.3,4.1
2026-02-28T02:00,8.6,222,232,11.9,5.3
2026-02-28T03:00,9.7,213,221,12.5,5.7
2026-02-28T04:00,11.5,204,210,12.4,6.9
2026-02-28T05:00,13.7,199,200,10.6,5.8
2026-02-28T06:00,18.0,199,201,7.6,5.6
2026-02-28T07:00,14.8,189,191,2.2,1.8
2026-02-28T08:00,12.6,53,48,2.7,2.2
2026-02-28T09:00,15.5,24,21,3.1,2.5
2026-02-28T10:00,15.5,40,35,4.5,3.5
2026-02-28T11:00,26.6,77,77,18.5,13.7
2026-02-28T12:00,28.8,81,80,6.7,5.3
2026-02-28T13:00,16.6,66,65,7.9,6.0
2026-02-28T14:00,22.0,89,94,14.0,10.3
2026-02-28T15:00,22.0,121,129,11.7,8.3
2026-02-28T16:00,16.2,102,118,10.5,3.9
2026-02-28T17:00,7.6,108,137,10.8,3.9
2026-02-28T18:00,6.1,90,103,10.3,3.1
2026-02-28T19:00,5.0,85,96,10.5,3.4
2026-02-28T20:00,4.3,72,62,10.0,2.7
2026-02-28T21:00,3.6,79,153,7.3,0.8
2026-02-28T22:00,1.4,85,225,5.8,0.5
2026-02-28T23:00,1.1,68,243,5.2,0.4
2026-03-01T00:00,4.7,38,16,12.3,4.7
2026-03-01T01:00,6.1,33,2,11.8,4.5
2026-03-01T02:00,13.0,27,7,15.8,8.7
2026-03-01T03:00,18.7,358,349,11.5,5.9
2026-03-01T04:00,10.4,337,303,9.6,6.0
2026-03-01T05:00,12.2,305,287,9.2,4.3
2026-03-01T06:00,15.5,290,279,2.7,2.2
2026-03-01T07:00,15.1,27,18,2.4,1.7
2026-03-01T08:00,15.8,37,35,6.6,5.0
2026-03-01T09:00,28.1,42,43,19.3,13.1
2026-03-01T10:00,26.3,53,52,9.9,7.3
2026-03-01T11:00,21.6,58,50,5.5,4.2
2026-03-01T12:00,26.6,39,37,10.2,7.8
2026-03-01T13:00,22.3,55,52,12.0,9.1
2026-03-01T14:00,22.7,68,69,11.5,8.5
2026-03-01T15:00,19.4,79,79,12.7,7.5
2026-03-01T16:00,13.0,88,100,11.2,4.0
2026-03-01T17:00,13.3,225,228,10.4,8.0
2026-03-01T18:00,14.0,160,266,2.1,2.3
2026-03-01T19:00,9.4,201,229,6.0,3.6
2026-03-01T20:00,6.8,197,243,4.9,2.8
2026-03-01T21:00,5.4,157,250,4.1,2.1
2026-03-01T22:00,5.4,152,243,4.3,2.4
2026-03-01T23:00,4.7,125,256,5.0,0.7
2026-03-02T00:00,2.9,216,247,4.0,3.7
2026-03-02T01:00,9.4,258,266,7.6,5.6
2026-03-02T02:00,11.2,278,278,12.4,6.2
2026-03-02T03:00,10.4,279,277,10.4,4.2
2026-03-02T04:00,12.6,13,49,8.5,6.2
2026-03-02T05:00,12.6,135,135,6.9,5.1
2026-03-02T06:00,21.2,109,111,8.9,7.0
2026-03-02T07:00,20.9,141,142,9.7,7.6
2026-03-02T08:00,21.6,145,147,9.7,7.7
2026-03-02T09:00,23.0,142,144,10.9,8.6
2026-03-02T10:00,25.9,143,144,12.9,10.2
2026-03-02T11:00,27.0,145,146,15.6,12.2
2026-03-02T12:00,29.2,135,137,19.3,14.4
2026-03-02T13:00,31.7,128,126,17.8,11.6
2026-03-02T14:00,30.2,134,135,20.6,14.9
2026-03-02T15:00,29.5,130,131,20.6,13.4
2026-03-02T16:00,24.8,126,125,19.3,9.8
2026-03-02T17:00,17.3,123,122,16.8,6.8
2026-03-02T18:00,11.2,118,122,17.7,6.5
2026-03-02T19:00,11.2,115,120,16.3,6.1
2026-03-02T20:00,9.4,123,144,13.1,4.6
2026-03-02T21:00,11.2,136,152,16.3,6.9
2026-03-02T22:00,11.9,137,150,17.1,6.9
2026-03-02T23:00,12.6,144,164,15.7,7.1
2026-03-03T00:00,11.9,172,203,13.1,5.9
2026-03-03T01:00,10.4,169,195,13.9,6.3
2026-03-03T02:00,11.5,178,199,15.5,7.2
2026-03-03T03:00,15.5,182,191,17.3,8.8
2026-03-03T04:00,15.1,165,180,14.9,7.7
2026-03-03T05:00,19.4,169,171,14.3,9.5
2026-03-03T06:00,25.6,150,151,15.6,11.5
2026-03-03T07:00,24.8,150,153,10.2,7.9
2026-03-03T08:00,23.4,143,144,11.2,8.9
2026-03-03T09:00,30.2,132,132,17.1,12.8
2026-03-03T10:00,28.8,125,121,12.8,9.8
2026-03-03T11:00,34.2,123,126,13.8,10.3
2026-03-03T12:00,24.5,150,150,11.5,8.7
2026-03-03T13:00,21.6,136,139,10.7,8.2
2026-03-03T14:00,22.7,126,126,14.8,11.1
2026-03-03T15:00,23.0,129,128,14.7,9.9
2026-03-03T16:00,18.4,127,126,14.4,7.3
2026-03-03T17:00,12.6,136,143,14.6,6.9
2026-03-03T18:00,11.9,140,152,16.7,6.9
2026-03-03T19:00,13.0,135,142,17.6,7.6
2026-03-03T20:00,12.6,128,143,14.0,4.8
2026-03-03T21:00,7.2,124,149,11.8,4.2
2026-03-03T22:00,6.1,132,170,10.6,4.0
2026-03-03T23:00,6.1,139,175,10.5,4.0
2026-03-04T00:00,5.8,148,292,4.0,1.0
2026-03-04T01:00,6.5,194,247,5.2,2.3
2026-03-04T02:00,9.0,190,218,9.3,5.5
2026-03-04T03:00,9.4,202,225,10.3,4.6
2026-03-04T04:00,13.0,178,183,13.1,8.1
2026-03-04T05:00,19.4,162,165,16.1,9.9
2026-03-04T06:00,24.5,167,166,15.7,11.5
2026-03-04T07:00,25.2,164,165,15.3,11.4
2026-03-04T08:00,28.8,156,157,15.7,11.7
2026-03-04T09:00,26.6,156,153,13.9,10.9
2026-03-04T10:00,27.7,135,129,15.3,11.6
2026-03-04T11:00,26.3,160,165,12.2,9.0
2026-03-04T12:00,25.2,171,174,16.6,11.9
2026-03-04T13:00,25.9,165,166,17.7,12.8
2026-03-04T14:00,36.0,165,165,20.3,14.3
2026-03-04T15:00,28.4,173,176,19.0,12.6
2026-03-04T16:00,23.4,180,188,17.1,9.1
2026-03-04T17:00,16.2,181,193,15.3,7.2
2026-03-04T18:00,12.6,170,177,20.1,9.7
2026-03-04T19:00,19.1,169,175,20.9,10.5
2026-03-04T20:00,18.4,181,194,17.6,8.3
2026-03-04T21:00,14.8,197,215,15.7,8.1
2026-03-04T22:00,14.4,203,220,15.8,8.4
2026-03-04T23:00,15.1,207,217,16.1,8.7
2026-03-05T00:00,17.6,200,197,19.2,10.4
2026-03-05T01:00,19.8,190,192,19.9,10.7
2026-03-05T02:00,20.9,196,198,20.2,11.6
2026-03-05T03:00,21.2,191,212,13.8,7.4
2026-03-05T04:00,12.6,203,249,7.0,4.0
2026-03-05T05:00,19.8,199,201,14.1,10.6
2026-03-05T06:00,24.5,175,176,15.5,11.4
2026-03-05T07:00,23.8,174,173,14.5,10.9
2026-03-05T08:00,25.6,162,161,15.5,11.8
2026-03-05T09:00,28.1,150,153,16.1,11.3
2026-03-05T10:00,25.9,160,163,12.5,9.4
2026-03-05T11:00,27.4,156,157,15.2,11.8
2026-03-05T12:00,31.0,149,151,20.5,15.2
2026-03-05T13:00,34.2,153,153,23.3,16.8
2026-03-05T14:00,36.0,151,151,22.8,16.1
2026-03-05T15:00,31.3,152,153,22.5,15.2
2026-03-05T16:00,28.4,154,158,20.2,10.9
2026-03-05T17:00,19.8,158,164,17.0,8.6
2026-03-05T18:00,14.8,158,182,14.7,5.4
2026-03-05T19:00,10.1,175,218,11.6,4.4
2026-03-05T20:00,7.9,188,235,9.8,5.0
2026-03-05T21:00,11.5,190,210,14.3,7.1
2026-03-05T22:00,14.0,192,207,16.9,7.9
2026-03-05T23:00,13.3,192,214,13.4,5.8
2026-03-06T00:00,13.3,181,189,20.0,10.9
2026-03-06T01:00,19.4,200,202,16.5,8.7
2026-03-06T02:00,22.7,215,218,22.9,13.0
2026-03-06T03:00,23.4,202,199,15.7,8.4
2026-03-06T04:00,16.2,207,218,15.8,8.2
2026-03-06T05:00,14.0,218,215,6.7,4.4
2026-03-06T06:00,24.8,195,198,18.5,13.6
2026-03-06T07:00,27.7,181,182,16.4,12.4
2026-03-06T08:00,27.0,190,190,15.9,11.9
2026-03-06T09:00,28.1,182,182,14.6,11.2
2026-03-06T10:00,27.0,182,182,13.5,10.4
2026-03-06T11:00,26.6,166,164,15.0,11.6
2026-03-06T12:00,27.0,170,171,14.1,10.7
2026-03-06T13:00,30.2,163,165,19.9,14.5
2026-03-06T14:00,31.0,164,164,17.2,12.5
2026-03-06T15:00,25.2,163,162,13.8,9.8
2026-03-06T16:00,19.1,164,169,13.8,7.3
2026-03-06T17:00,13.3,191,199,14.7,7.6
2026-03-06T18:00,13.7,188,208,10.7,4.7
2026-03-06T19:00,7.6,201,221,8.9,3.8
2026-03-06T20:00,7.9,213,227,10.1,4.7
2026-03-06T21:00,9.0,225,236,10.4,5.2
2026-03-06T22:00,10.4,237,251,11.4,6.1
2026-03-06T23:00,12.2,251,261,13.5,7.1
2026-03-07T00:00,12.6,248,257,10.5,3.9
2026-03-07T01:00,5.8,266,276,8.1,3.3
2026-03-07T02:00,11.2,295,332,8.4,3.1
2026-03-07T03:00,9.4,342,9,10.2,5.7
2026-03-07T04:00,10.1,313,310,8.7,4.5
2026-03-07T05:00,16.2,330,336,8.6,6.1
2026-03-07T06:00,20.2,16,22,7.1,5.6
2026-03-07T07:00,19.8,350,352,9.7,7.6
2026-03-07T08:00,20.9,356,355,7.8,6.1
2026-03-07T09:00,20.9,354,352,6.7,5.3
2026-03-07T10:00,20.9,358,356,10.4,8.3
2026-03-07T11:00,32.0,24,20,21.3,14.0
2026-03-07T12:00,25.9,29,23,8.2,6.1
2026-03-07T13:00,16.6,27,23,9.3,7.0
2026-03-07T14:00,18.7,27,27,11.7,8.3
2026-03-07T15:00,20.5,25,20,13.1,8.8
2026-03-07T16:00,16.2,9,358,11.5,4.1
2026-03-07T17:00,6.5,7,348,10.3,3.5
2026-03-07T18:00,7.6,360,346,13.3,5.4
2026-03-07T19:00,8.6,4,347,12.3,4.1
2026-03-07T20:00,6.5,7,347,12.5,4.1
2026-03-07T21:00,8.6,4,349,14.6,5.5
2026-03-07T22:00,10.1,359,345,14.8,5.6
2026-03-07T23:00,9.4,355,334,13.7,5.8
2026-03-08T00:00,9.4,311,295,14.2,6.9
2026-03-08T01:00,11.5,301,270,10.3,3.6
2026-03-08T02:00,7.9,310,293,8.2,1.4
2026-03-08T03:00,4.0,328,15,8.1,2.1
2026-03-08T04:00,11.5,321,314,13.6,7.3
2026-03-08T05:00,12.2,346,53,5.8,1.8
2026-03-08T06:00,17.3,326,325,11.5,8.5
2026-03-08T07:00,24.8,357,358,12.8,9.4
2026-03-08T08:00,30.6,359,359,16.7,12.4
2026-03-08T09:00,27.7,6,4,16.6,12.5
2026-03-08T10:00,30.6,6,6,19.4,14.5
2026-03-08T11:00,33.1,11,8,21.4,15.8
2026-03-08T12:00,33.5,32,33,19.2,13.9
2026-03-08T13:00,29.9,39,38,19.2,14.0
2026-03-08T14:00,29.5,42,40,18.4,13.2
2026-03-08T15:00,26.6,46,44,17.3,11.3
2026-03-08T16:00,20.5,43,40,15.3,7.5
2026-03-08T17:00,13.0,45,45,15.3,6.6
2026-03-08T18:00,11.9,54,58,16.1,6.1
2026-03-08T19:00,13.7,33,22,17.7,8.2
2026-03-08T20:00,14.0,34,26,14.9,5.8
2026-03-08T21:00,13.7,342,278,8.1,5.1
2026-03-08T22:00,11.5,251,224,6.1,5.5
2026-03-08T23:00,10.1,347,27,5.5,1.6
2026-03-09T00:00,6.1,298,228,5.3,2.2
2026-03-09T01:00,7.2,285,234,4.3,1.5
2026-03-09T02:00,4.3,274,242,5.4,2.7
2026-03-09T03:00,6.1,255,236,6.2,3.2
2026-03-09T04:00,10.4,236,222,6.5,4.3
2026-03-09T05:00,10.8,276,34,1.6,0.6
2026-03-09T06:00,7.9,2,8,13.0,8.0
2026-03-09T07:00,15.5,19,20,11.4,8.3
2026-03-09T08:00,18.0,29,29,14.2,9.0
2026-03-09T09:00,21.6,11,12,10.4,8.1
2026-03-09T10:00,24.1,12,12,12.9,9.7
2026-03-09T11:00,28.4,30,30,16.0,12.5
2026-03-09T12:00,29.2,299,284,6.0,4.5
2026-03-09T13:00,10.4,12,354,2.6,1.6
2026-03-09T14:00,15.1,54,58,8.5,6.4
2026-03-09T15:00,15.1,72,74,4.7,3.4
2026-03-09T16:00,6.8,72,90,1.1,0.2
2026-03-09T17:00,1.8,42,59,2.4,1.0
2026-03-09T18:00,1.8,97,214,1.5,0.6
2026-03-09T19:00,3.6,164,191,2.6,1.8
2026-03-09T20:00,3.2,187,212,2.9,2.3
2026-03-09T21:00,4.7,197,208,3.8,3.1
2026-03-09T22:00,7.6,214,220,7.4,4.5
2026-03-09T23:00,7.9,234,245,7.1,3.8
2026-03-10T00:00,10.1,214,231,6.7,5.1
2026-03-10T01:00,10.4,234,246,8.5,6.1
2026-03-10T02:00,10.8,236,242,9.1,6.1
2026-03-10T03:00,11.2,231,234,9.7,5.1
2026-03-10T04:00,9.7,228,229,9.9,6.9
2026-03-10T05:00,13.7,235,235,10.5,5.3
2026-03-10T06:00,14.8,273,274,3.2,2.7
2026-03-10T07:00,15.1,353,351,5.8,4.6
2026-03-10T08:00,22.7,4,2,11.7,9.2
2026-03-10T09:00,27.4,9,7,15.1,11.6
2026-03-10T10:00,27.7,7,4,15.2,11.6
2026-03-10T11:00,27.4,10,8,15.2,11.6
2026-03-10T12:00,27.7,360,359,13.9,10.8
2026-03-10T13:00,24.5,8,8,14.4,10.9
2026-03-10T14:00,24.5,21,21,15.0,11.2
2026-03-10T15:00,23.0,29,27,17.1,10.7
2026-03-10T16:00,19.8,29,24,14.0,5.7
2026-03-10T17:00,9.4,45,63,10.7,3.2
2026-03-10T18:00,6.1,43,44,14.7,5.5
2026-03-10T19:00,9.0,41,40,12.9,4.5
2026-03-10T20:00,6.5,39,36,13.0,4.6
2026-03-10T21:00,6.5,42,39,13.0,4.6
2026-03-10T22:00,7.2,44,46,13.4,5.0
2026-03-10T23:00,7.9,47,51,12.9,4.6
2026-03-11T00:00,6.8,26,25,17.0,6.4
2026-03-11T01:00,10.1,28,22,12.2,3.9
2026-03-11T02:00,5.0,34,7,8.9,1.5
2026-03-11T03:00,2.2,23,248,4.5,1.0
2026-03-11T04:00,4.7,23,291,7.0,3.1
2026-03-11T05:00,22.3,270,260,18.0,11.3
2026-03-11T06:00,24.1,347,342,7.8,5.7
2026-03-11T07:00,23.0,356,356,7.6,4.9
2026-03-11T08:00,25.2,11,12,9.5,7.2
2026-03-11T09:00,25.2,355,354,10.3,8.0
2026-03-11T10:00,27.7,352,349,12.2,9.5
2026-03-11T11:00,27.7,359,359,13.1,10.4
2026-03-11T12:00,26.3,342,344,13.8,10.7
2026-03-11T13:00,25.9,346,349,10.7,8.3
2026-03-11T14:00,22.0,6,8,12.5,9.4
2026-03-11T15:00,20.2,34,35,15.9,10.5
2026-03-11T16:00,20.9,43,44,19.0,10.7
2026-03-11T17:00,19.1,50,50,18.4,9.8
2026-03-11T18:00,17.3,44,40,15.3,6.1
2026-03-11T19:00,10.1,51,52,13.2,4.1
2026-03-11T20:00,6.1,61,80,12.2,4.0
2026-03-11T21:00,8.3,56,56,13.7,5.2
2026-03-11T22:00,8.3,49,38,11.9,4.1
2026-03-11T23:00,5.8,52,14,8.7,1.5
2026-03-12T00:00,2.2,18,8,17.0,7.6
2026-03-12T01:00,12.2,6,351,16.8,7.1
2026-03-12T02:00,15.5,359,347,19.8,9.3
2026-03-12T03:00,16.2,356,354,20.4,9.8
2026-03-12T04:00,17.3,350,345,16.5,8.6
2026-03-12T05:00,24.8,353,354,18.9,12.9
2026-03-12T06:00,25.6,3,4,15.9,11.5
2026-03-12T07:00,27.4,356,356,17.0,12.5
2026-03-12T08:00,29.9,7,7,17.0,12.7
2026-03-12T09:00,31.3,359,360,18.0,13.5
2026-03-12T10:00,32.8,2,1,19.8,15.1
2026-03-12T11:00,32.0,25,24,19.2,14.2
2026-03-12T12:00,33.1,8,5,18.5,13.2
2026-03-12T13:00,27.4,41,40,16.7,10.7
2026-03-12T14:00,22.0,49,51,12.6,8.3
2026-03-12T15:00,19.1,65,69,13.5,8.5
2026-03-12T16:00,15.1,74,96,9.6,3.4
2026-03-12T17:00,10.8,66,72,10.1,2.8
2026-03-12T18:00,7.6,341,268,6.7,4.9
2026-03-12T19:00,12.6,5,256,6.1,3.0
2026-03-12T20:00,9.7,352,295,10.5,5.2
2026-03-12T21:00,11.5,327,279,10.3,5.8
2026-03-12T22:00,9.7,354,287,9.0,3.0
2026-03-12T23:00,7.2,346,279,8.3,3.3
2026-03-13T00:00,5.8,339,309,11.0,4.6
2026-03-13T01:00,14.4,317,305,13.5,6.3
2026-03-13T02:00,11.9,350,338,13.9,6.4
2026-03-13T03:00,10.4,337,225,4.7,1.3
2026-03-13T04:00,12.2,320,296,11.5,5.8
2026-03-13T05:00,8.6,335,332,8.4,2.7
2026-03-13T06:00,19.8,345,345,8.6,6.3
2026-03-13T07:00,21.2,349,345,9.2,7.1
2026-03-13T08:00,27.0,4,3,14.4,11.0
2026-03-13T09:00,30.2,35,35,19.3,14.3
2026-03-13T10:00,31.0,18,14,17.0,11.3
2026-03-13T11:00,22.0,38,35,14.2,9.7
2026-03-13T12:00,23.8,28,27,19.2,13.9
2026-03-13T13:00,32.4,36,35,19.8,14.2
2026-03-13T14:00,29.9,32,31,21.2,14.7
2026-03-13T15:00,28.1,39,40,16.8,9.3
2026-03-13T16:00,16.6,54,59,14.5,5.9
2026-03-13T17:00,9.7,69,84,13.1,4.9
2026-03-13T18:00,8.3,38,20,13.1,4.8
2026-03-13T19:00,11.9,32,14,15.0,6.9
2026-03-13T20:00,10.4,57,59,13.3,5.2
2026-03-13T21:00,8.3,46,23,12.0,4.1
2026-03-13T22:00,6.5,55,45,11.9,4.1
2026-03-13T23:00,6.5,6,307,6.7,2.7
2026-03-14T00:00,10.4,300,302,12.4,5.7
2026-03-14T01:00,9.0,301,291,10.1,3.5
2026-03-14T02:00,5.0,289,259,7.2,1.8
2026-03-14T03:00,2.9,323,356,6.9,2.3
2026-03-14T04:00,6.5,341,9,8.4,4.4
2026-03-14T05:00,10.4,343,349,8.5,3.8
2026-03-14T06:00,11.2,251,284,3.8,1.5
2026-03-14T07:00,12.6,17,22,4.3,3.3
2026-03-14T08:00,21.6,18,19,11.7,8.9
2026-03-14T09:00,31.3,5,5,19.0,14.3
2026-03-14T10:00,34.6,3,5,22.2,16.4
2026-03-14T11:00,35.3,6,6,20.4,15.0
2026-03-14T12:00,32.8,351,350,14.6,10.8
2026-03-14T13:00,23.8,23,23,14.5,11.0
2026-03-14T14:00,23.4,31,32,13.9,10.2
2026-03-14T15:00,21.2,39,39,14.8,9.7
2026-03-14T16:00,17.6,47,49,14.3,6.2
2026-03-14T17:00,10.4,39,33,12.4,4.3
2026-03-14T18:00,6.8,27,22,13.9,4.8
2026-03-14T19:00,10.1,35,32,16.5,6.4
2026-03-14T20:00,14.8,44,46,18.8,8.3
2026-03-14T21:00,14.0,54,61,17.1,6.0
2026-03-14T22:00,11.2,56,61,17.6,6.8
2026-03-14T23:00,11.2,54,55,17.4,6.3
2026-03-15T00:00,10.1,23,14,17.2,6.9
2026-03-15T01:00,17.6,16,9,21.5,10.9
2026-03-15T02:00,20.5,25,25,18.2,9.1
2026-03-15T03:00,14.8,32,21,14.2,5.4
2026-03-15T04:00,8.3,36,12,11.3,5.2
2026-03-15T05:00,9.0,23,287,8.8,1.9
2026-03-15T06:00,13.3,14,9,9.5,6.6
2026-03-15T07:00,27.4,28,27,19.1,13.8
2026-03-15T08:00,35.3,28,28,23.5,17.2
2026-03-15T09:00,37.8,31,30,25.7,18.5
2026-03-15T10:00,37.4,32,31,23.9,17.4
2026-03-15T11:00,35.3,34,32,19.5,14.5
2026-03-15T12:00,40.3,35,41,14.7,9.8
2026-03-15T13:00,34.2,25,26,22.9,16.3
2026-03-15T14:00,31.3,36,33,10.9,7.5
2026-03-15T15:00,15.8,63,69,7.2,4.6
2026-03-15T16:00,9.4,47,55,10.1,2.8
2026-03-15T17:00,8.6,38,32,14.8,5.5
2026-03-15T18:00,9.4,51,51,16.1,5.8
2026-03-15T19:00,9.4,55,55,16.1,5.7
2026-03-15T20:00,9.7,48,43,17.0,6.1
2026-03-15T21:00,10.8,48,45,17.3,6.6
2026-03-15T22:00,10.8,47,40,15.5,5.4
2026-03-15T23:00,9.7,45,38,16.3,6.2
2026-03-16T00:00,11.2,35,26,14.7,5.8
2026-03-16T01:00,10.1,48,47,15.5,6.1
2026-03-16T02:00,9.7,57,61,14.7,5.2
2026-03-16T03:00,10.4,46,36,14.4,4.9
2026-03-16T04:00,10.4,33,20,14.7,7.5
2026-03-16T05:00,14.0,42,40,13.4,6.1
2026-03-16T06:00,15.5,40,35,8.4,5.9
2026-03-16T07:00,23.0,37,33,10.8,8.2
2026-03-16T08:00,25.9,35,32,12.1,9.3
2026-03-16T09:00,28.4,32,26,15.8,12.2
2026-03-16T10:00,29.2,28,24,14.3,10.8
2026-03-16T11:00,27.4,36,35,15.7,12.0
2026-03-16T12:00,25.9,36,35,16.5,12.5
2026-03-16T13:00,29.5,38,36,18.3,13.4
2026-03-16T14:00,28.1,45,44,15.9,11.6
2026-03-16T15:00,23.8,47,46,14.7,8.5
2026-03-16T16:00,15.5,54,53,12.9,4.8
2026-03-16T17:00,7.6,72,80,11.4,4.0
2026-03-16T18:00,5.4,69,71,15.3,5.5
2026-03-16T19:00,9.0,70,72,13.9,4.7
2026-03-16T20:00,7.2,72,75,14.3,5.0
2026-03-16T21:00,7.6,77,84,13.7,4.9
2026-03-16T22:00,6.8,76,79,11.0,2.8
2026-03-16T23:00,3.6,62,29,10.0,2.3
2026-03-17T00:00,3.2,65,54,11.0,3.1
2026-03-17T01:00,4.0,62,57,11.0,3.0
2026-03-17T02:00,4.3,55,38,11.2,3.2
2026-03-17T03:00,4.3,53,32,11.2,3.4
2026-03-17T04:00,7.6,47,24,11.7,5.3
2026-03-17T05:00,10.1,42,12,7.5,2.6
2026-03-17T06:00,16.2,52,53,10.0,7.5
2026-03-17T07:00,20.5,45,44,10.9,8.3
2026-03-17T08:00,22.3,40,39,11.5,8.8
2026-03-17T09:00,22.3,48,49,11.9,9.1
2026-03-17T10:00,24.5,49,49,13.0,10.0
2026-03-17T11:00,25.9,50,50,14.3,10.9
2026-03-17T12:00,28.8,41,39,12.1,9.5
2026-03-17T13:00,21.2,61,61,11.7,9.0
2026-03-17T14:00,20.2,81,82,11.3,8.6
2026-03-17T15:00,18.0,91,90,11.9,6.1
2026-03-17T16:00,10.8,98,100,11.8,5.1
2026-03-17T17:00,8.6,105,115,11.7,4.2
2026-03-17T18:00,6.5,110,131,10.5,3.6
2026-03-17T19:00,6.1,125,151,11.0,4.1
2026-03-17T20:00,5.8,108,102,11.6,4.2
2026-03-17T21:00,11.2,106,101,15.0,6.6
2026-03-17T22:00,10.8,114,119,12.4,4.1
2026-03-17T23:00,5.4,117,135,10.1,2.5
2026-03-18T00:00,3.2,126,170,10.0,3.1
2026-03-18T01:00,7.2,121,139,13.4,5.0
2026-03-18T02:00,7.9,124,146,13.7,4.8
2026-03-18T03:00,7.2,123,144,13.3,4.6
2026-03-18T04:00,8.6,111,121,13.7,5.6
2026-03-18T05:00,12.2,122,137,13.2,6.1
2026-03-18T06:00,22.0,101,101,15.6,11.2
2026-03-18T07:00,22.0,110,113,10.9,8.4
2026-03-18T08:00,23.0,138,148,15.5,10.6
2026-03-18T09:00,24.5,196,200,7.3,5.8
2026-03-18T10:00,18.0,156,160,6.3,4.8
2026-03-18T11:00,20.9,131,139,8.3,6.2
2026-03-18T12:00,23.4,192,205,4.4,3.4
2026-03-18T13:00,17.3,107,108,9.6,7.2
2026-03-18T14:00,21.6,103,104,14.1,10.2
2026-03-18T15:00,21.6,119,121,16.1,9.4
2026-03-18T16:00,17.3,121,122,15.6,7.4
2026-03-18T17:00,15.5,125,130,18.0,8.9
2026-03-18T18:00,15.1,145,176,10.6,4.9
2026-03-18T19:00,9.7,154,177,12.8,6.1
2026-03-18T20:00,11.9,142,154,15.7,7.0
2026-03-18T21:00,11.5,123,128,15.1,6.7
2026-03-18T22:00,11.2,115,118,11.1,3.9
2026-03-18T23:00,5.8,127,157,8.4,2.7
2026-03-19T00:00,6.8,120,230,5.0,1.4
2026-03-19T01:00,3.6,146,255,1.9,2.1
2026-03-19T02:00,8.6,230,247,7.3,5.5
2026-03-19T03:00,12.2,242,247,12.8,7.3
2026-03-19T04:00,13.0,189,132,7.8,4.6
2026-03-19T05:00,15.8,85,39,4.3,2.6
2026-03-19T06:00,14.4,173,167,2.9,2.4
2026-03-19T07:00,15.8,153,157,5.6,4.5
2026-03-19T08:00,18.7,190,191,7.5,5.9
2026-03-19T09:00,20.2,136,141,8.0,6.5
2026-03-19T10:00,20.9,131,134,12.0,8.8
2026-03-19T11:00,22.7,178,180,9.9,7.7
2026-03-19T12:00,21.6,109,112,18.5,12.8
2026-03-19T13:00,23.4,118,118,14.9,10.6
2026-03-19T14:00,23.8,151,150,12.6,9.1
2026-03-19T15:00,19.1,147,149,12.9,8.1
2026-03-19T16:00,15.1,148,154,15.8,8.8
2026-03-19T17:00,15.5,149,153,15.7,7.6
2026-03-19T18:00,13.3,141,154,15.0,6.6
2026-03-19T19:00,11.5,152,166,14.7,6.5
2026-03-19T20:00,11.2,167,185,14.8,6.7
2026-03-19T21:00,11.9,170,186,14.8,6.9
2026-03-19T22:00,11.9,179,197,13.0,6.0
2026-03-19T23:00,10.8,174,193,13.8,6.6
2026-03-20T00:00,11.5,189,222,11.1,5.4
2026-03-20T01:00,9.4,192,214,12.1,5.2
2026-03-20T02:00,11.5,194,210,13.7,6.5
2026-03-20T03:00,10.8,156,153,12.6,5.1
2026-03-20T04:00,9.7,169,229,7.5,3.3
2026-03-20T05:00,11.9,189,198,6.6,4.6
2026-03-20T06:00,18.0,174,176,11.2,8.5
2026-03-20T07:00,20.9,186,189,10.9,8.4
2026-03-20T08:00,24.1,177,180,12.1,9.4
2026-03-20T09:00,23.4,168,168,12.1,9.6
2026-03-20T10:00,32.8,135,137,26.3,17.1
2026-03-20T11:00,33.1,138,139,21.4,15.3
2026-03-20T12:00,30.2,120,121,23.3,13.9
2026-03-20T13:00,27.0,123,125,23.3,14.5
2026-03-20T14:00,28.1,126,129,21.5,12.9
2026-03-20T15:00,23.8,148,161,17.5,9.9
2026-03-20T16:00,17.3,142,155,17.6,8.4
2026-03-20T17:00,14.0,165,198,14.0,7.0
2026-03-20T18:00,14.0,198,223,14.6,7.9
2026-03-20T19:00,17.6,186,196,15.9,8.6
2026-03-20T20:00,15.5,190,211,13.9,7.6
2026-03-20T21:00,14.8,210,222,15.7,8.5
2026-03-20T22:00,15.1,211,225,15.2,7.9
2026-03-20T23:00,15.8,230,235,17.0,8.8
2026-03-21T00:00,15.5,239,241,18.9,10.5
2026-03-21T01:00,18.4,233,232,17.2,8.9
2026-03-21T02:00,15.5,220,215,14.3,7.0
2026-03-21T03:00,13.0,208,203,14.9,7.0
2026-03-21T04:00,13.7,207,203,12.5,7.4
2026-03-21T05:00,23.4,194,196,17.6,11.6
2026-03-21T06:00,24.8,187,185,13.8,10.1
2026-03-21T07:00,25.6,180,179,13.5,10.3
2026-03-21T08:00,26.6,166,164,14.7,11.2
2026-03-21T09:00,28.1,145,147,15.5,11.8
2026-03-21T10:00,34.2,140,137,23.9,16.3
2026-03-21T11:00,32.8,157,159,16.4,12.0
2026-03-21T12:00,29.2,152,154,14.0,9.4
2026-03-21T13:00,24.8,147,147,14.3,9.6
2026-03-21T14:00,19.4,139,140,16.3,10.6
2026-03-21T15:00,23.4,138,141,23.1,14.2
2026-03-21T16:00,30.2,136,148,13.2,7.2
2026-03-21T17:00,12.2,153,173,14.8,6.3
2026-03-21T18:00,12.2,159,197,12.1,4.9
2026-03-21T19:00,9.0,179,230,9.7,4.5
2026-03-21T20:00,14.4,167,180,16.2,8.3
2026-03-21T21:00,14.0,187,199,15.0,7.6
2026-03-21T22:00,16.2,189,197,18.0,9.4
2026-03-21T23:00,16.2,182,190,15.5,7.5
2026-03-22T00:00,13.3,216,241,13.9,8.2
2026-03-22T01:00,18.0,214,219,18.7,9.5
2026-03-22T02:00,18.4,199,209,18.6,9.3
2026-03-22T03:00,18.4,212,216,19.6,10.7
2026-03-22T04:00,18.7,193,198,15.7,9.1
2026-03-22T05:00,23.0,203,205,14.8,11.5
2026-03-22T06:00,25.2,192,190,14.2,10.4
2026-03-22T07:00,25.2,177,179,15.1,11.3
2026-03-22T08:00,28.8,145,145,19.4,14.6
2026-03-22T09:00,31.3,147,142,10.7,7.6
2026-03-22T10:00,20.9,170,174,9.1,7.1
2026-03-22T11:00,19.4,129,132,11.4,8.4
2026-03-22T12:00,21.2,208,212,10.8,8.1
2026-03-22T13:00,17.6,167,171,11.1,7.8
2026-03-22T14:00,17.3,130,129,14.2,8.6
2026-03-22T15:00,16.2,156,159,14.7,7.7
2026-03-22T16:00,14.8,164,175,15.7,7.8
2026-03-22T17:00,13.3,154,170,15.0,7.1
2026-03-22T18:00,15.1,179,187,21.1,10.3
2026-03-22T19:00,18.7,169,180,16.7,8.5
2026-03-22T20:00,14.8,168,195,12.5,6.2
2026-03-22T21:00,10.8,198,232,10.8,6.4
2026-03-22T22:00,10.8,189,214,11.3,6.1
2026-03-22T23:00,11.5,153,180,8.3,4.0
2026-03-23T00:00,6.1,143,276,3.9,1.6
2026-03-23T01:00,7.6,114,215,3.1,2.2
2026-03-23T02:00,6.8,67,135,8.8,2.8
2026-03-23T03:00,12.6,20,339,15.1,7.7
2026-03-23T04:00,13.3,15,348,11.0,4.2
2026-03-23T05:00,7.9,9,309,9.1,3.5
2026-03-23T06:00,11.5,54,61,7.1,4.1
2026-03-23T07:00,18.0,39,36,6.9,5.1
2026-03-23T08:00,24.5,47,46,10.6,8.0
2026-03-23T09:00,24.5,67,66,13.7,10.2
2026-03-23T10:00,31.7,102,107,21.0,14.9
2026-03-23T11:00,31.7,92,92,13.7,9.9
2026-03-23T12:00,23.4,133,149,2.9,2.1
2026-03-23T13:00,18.4,121,126,8.4,6.4
2026-03-23T14:00,20.9,119,117,15.8,10.3
2026-03-23T15:00,19.1,126,131,17.8,10.5
2026-03-23T16:00,18.7,132,139,16.8,8.3
2026-03-23T17:00,14.0,135,142,17.4,7.8
2026-03-23T18:00,13.3,127,132,24.3,13.4
2026-03-23T19:00,23.0,112,89,14.9,8.3
2026-03-23T20:00,14.8,133,191,9.7,3.8
2026-03-23T21:00,11.2,144,171,11.3,5.7
2026-03-23T22:00,18.4,154,160,18.4,9.8
2026-03-23T23:00,16.9,158,184,13.2,7.4
2026-03-24T00:00,13.3,143,180,11.4,5.0
2026-03-24T01:00,15.1,171,182,16.4,8.6
2026-03-24T02:00,19.4,152,158,17.9,9.7
2026-03-24T03:00,16.6,163,191,13.2,6.4
2026-03-24T04:00,12.2,183,211,12.4,7.3
2026-03-24T05:00,20.5,171,178,15.3,10.4
2026-03-24T06:00,24.5,144,145,13.5,9.7
2026-03-24T07:00,28.1,153,155,15.4,11.4
2026-03-24T08:00,32.8,144,144,21.4,16.2
2026-03-24T09:00,37.1,145,146,17.7,12.8
2026-03-24T10:00,27.0,146,146,16.6,12.2
2026-03-24T11:00,29.5,134,134,15.8,11.6
2026-03-24T12:00,32.4,143,142,19.2,13.5
2026-03-24T13:00,28.4,153,150,15.2,10.6
2026-03-24T14:00,25.2,133,135,14.4,8.4
2026-03-24T15:00,19.8,174,178,19.5,11.5
2026-03-24T16:00,22.7,165,171,13.2,7.1
2026-03-24T17:00,11.9,169,177,13.6,7.2
2026-03-24T18:00,15.1,149,166,14.4,6.5
2026-03-24T19:00,13.3,180,199,14.9,7.6
2026-03-24T20:00,18.0,168,187,20.2,10.7
2026-03-24T21:00,21.2,180,190,22.0,11.9
2026-03-24T22:00,21.6,163,179,17.5,9.2
2026-03-24T23:00,15.8,164,192,14.1,6.2
2026-03-25T00:00,11.5,162,249,9.4,3.5
2026-03-25T01:00,16.9,171,184,16.9,9.2
2026-03-25T02:00,16.6,159,166,17.0,9.1
2026-03-25T03:00,16.9,186,196,13.0,6.7
2026-03-25T04:00,13.0,214,222,13.7,7.5
2026-03-25T05:00,23.4,220,220,14.1,11.8
2026-03-25T06:00,23.8,211,209,11.1,8.5
2026-03-25T07:00,24.8,187,187,11.6,8.9
2026-03-25T08:00,25.2,161,163,8.2,6.2
2026-03-25T09:00,31.3,126,121,18.6,12.8
2026-03-25T10:00,26.6,133,136,8.8,5.7
2026-03-25T11:00,23.0,132,133,10.8,8.1
2026-03-25T12:00,26.6,142,142,10.5,7.8
2026-03-25T13:00,24.8,134,134,17.6,11.6
2026-03-25T14:00,24.1,139,140,15.4,10.9
2026-03-25T15:00,22.3,152,161,11.8,6.7
2026-03-25T16:00,11.5,163,177,14.5,6.8
2026-03-25T17:00,13.7,180,199,16.2,7.6
2026-03-25T18:00,15.8,147,153,19.6,9.5
2026-03-25T19:00,16.2,157,169,19.0,8.8
2026-03-25T20:00,18.0,163,171,21.1,10.7
2026-03-25T21:00,20.2,163,165,20.5,11.0
2026-03-25T22:00,19.4,183,189,20.7,10.9
2026-03-25T23:00,19.4,187,195,18.0,9.0
2026-03-26T00:00,16.9,173,184,15.8,8.3
2026-03-26T01:00,13.3,195,224,10.8,5.2
2026-03-26T02:00,11.2,208,231,11.4,6.3
2026-03-26T03:00,11.2,203,228,11.5,5.6
2026-03-26T04:00,15.5,220,232,15.7,9.1
2026-03-26T05:00,16.9,217,217,11.2,8.7
2026-03-26T06:00,19.8,214,217,8.7,6.6
2026-03-26T07:00,20.5,178,181,9.9,7.6
2026-03-26T08:00,20.5,168,170,8.1,6.4
2026-03-26T09:00,18.4,168,171,7.0,5.5
2026-03-26T10:00,16.6,130,130,9.3,7.3
2026-03-26T11:00,19.8,194,217,3.7,2.7
2026-03-26T12:00,14.4,206,214,5.4,4.1
2026-03-26T13:00,14.4,153,160,8.0,5.9
2026-03-26T14:00,22.0,136,136,15.8,11.3
2026-03-26T15:00,23.4,140,144,15.1,9.1
2026-03-26T16:00,16.2,155,167,14.9,6.5
2026-03-26T17:00,11.5,151,162,16.0,6.8
2026-03-26T18:00,11.9,147,160,17.2,6.9
2026-03-26T19:00,11.9,149,165,16.1,6.2
2026-03-26T20:00,10.4,153,175,15.4,5.8
2026-03-26T21:00,10.8,158,180,15.6,6.5
2026-03-26T22:00,12.2,158,176,17.0,7.9
2026-03-26T23:00,17.6,153,160,20.0,9.6
2026-03-27T00:00,16.2,147,162,14.4,6.4
2026-03-27T01:00,10.4,176,198,13.9,6.4
2026-03-27T02:00,13.0,181,198,15.3,7.4
2026-03-27T03:00,13.0,192,215,13.6,6.6
2026-03-27T04:00,15.5,190,199,17.2,9.3
2026-03-27T05:00,22.3,181,185,14.8,10.7
2026-03-27T06:00,22.0,187,190,8.4,6.2
2026-03-27T07:00,18.7,189,194,6.7,5.2
2026-03-27T08:00,20.2,155,162,8.0,6.3
2026-03-27T09:00,24.1,110,106,13.9,10.9
2026-03-27T10:00,24.8,131,134,7.1,5.2
2026-03-27T11:00,21.6,117,118,9.9,7.7
2026-03-27T12:00,21.6,138,137,15.3,10.8
2026-03-27T13:00,21.2,148,154,7.0,5.4
2026-03-27T14:00,15.5,131,131,10.0,7.1
2026-03-27T15:00,16.9,139,142,13.5,7.3
2026-03-27T16:00,13.7,136,136,16.7,8.3
2026-03-27T17:00,13.7,144,150,15.5,6.5
2026-03-27T18:00,10.8,145,157,15.0,5.9
2026-03-27T19:00,9.7,158,189,12.4,4.7
2026-03-27T20:00,7.9,166,211,10.6,4.2
2026-03-27T21:00,6.8,171,223,9.5,4.2
2026-03-27T22:00,9.4,185,230,9.9,5.6
2026-03-27T23:00,10.4,194,230,11.3,6.1
2026-03-28T00:00,10.8,213,233,10.3,5.7
2026-03-28T01:00,9.0,223,234,11.7,4.9
2026-03-28T02:00,8.6,224,233,12.9,5.4
2026-03-28T03:00,11.9,223,227,15.5,7.1
2026-03-28T04:00,14.8,217,222,16.6,9.2
2026-03-28T05:00,17.3,210,210,15.4,7.5
2026-03-28T06:00,25.6,202,204,11.6,8.9
2026-03-28T07:00,24.1,195,198,8.8,7.0
2026-03-28T08:00,22.3,180,189,5.4,4.4
2026-03-28T09:00,26.6,153,156,16.5,11.2
2026-03-28T10:00,22.7,216,216,5.8,4.6
2026-03-28T11:00,18.4,231,246,2.3,2.2
2026-03-28T12:00,15.5,124,123,13.6,10.3
2026-03-28T13:00,25.2,140,144,8.2,6.2
2026-03-28T14:00,16.9,152,160,6.9,5.4
2026-03-28T15:00,13.7,156,162,7.9,5.3
2026-03-28T16:00,11.9,142,144,14.0,7.3
2026-03-28T17:00,14.8,137,138,16.0,8.4
2026-03-28T18:00,14.8,136,140,14.9,6.8
2026-03-28T19:00,11.2,139,152,13.4,5.3
2026-03-28T20:00,8.6,146,171,12.3,4.7
2026-03-28T21:00,7.6,156,195,11.2,4.3
2026-03-28T22:00,9.0,162,199,12.0,5.5
2026-03-28T23:00,9.4,163,198,12.1,5.3
2026-03-29T00:00,8.6,155,209,9.7,3.7
2026-03-29T01:00,6.1,155,220,8.4,3.1
2026-03-29T02:00,6.8,158,214,9.3,3.9
2026-03-29T03:00,6.8,163,223,8.8,3.9
2026-03-29T04:00,10.1,168,218,9.0,5.9
2026-03-29T05:00,11.5,168,198,7.9,4.0
2026-03-29T06:00,13.3,121,122,6.9,5.1
2026-03-29T07:00,15.8,105,107,6.3,4.9
2026-03-29T08:00,15.8,96,95,5.4,4.2
2026-03-29T09:00,17.3,103,104,6.6,5.2
2026-03-29T10:00,19.1,105,106,8.2,6.6
2026-03-29T11:00,21.6,70,67,11.5,9.0
2026-03-29T12:00,22.7,64,63,11.8,9.1
2026-03-29T13:00,22.3,59,58,11.1,8.5
2026-03-29T14:00,20.5,73,72,11.5,8.5
2026-03-29T15:00,17.6,92,94,11.0,5.6
2026-03-29T16:00,9.7,101,106,13.6,5.8
2026-03-29T17:00,10.4,97,100,14.7,6.0
2026-03-29T18:00,9.7,94,99,12.8,4.6
2026-03-29T19:00,7.6,91,96,13.9,5.1
2026-03-29T20:00,7.9,81,84,14.0,5.1
2026-03-29T21:00,7.2,81,85,12.9,4.5
2026-03-29T22:00,5.8,88,102,11.7,3.5
2026-03-29T23:00,4.3,95,131,9.6,1.9
2026-03-30T00:00,2.9,87,194,7.6,0.7
2026-03-30T01:00,1.4,95,225,6.5,0.8
2026-03-30T02:00,1.1,76,270,6.1,0.5
2026-03-30T03:00,1.1,84,243,5.6,0.4
2026-03-30T04:00,2.2,107,221,6.2,1.9
2026-03-30T05:00,8.3,127,204,4.8,1.8
2026-03-30T06:00,13.7,105,108,5.6,4.2
2026-03-30T07:00,15.5,106,106,6.0,4.5
2026-03-30T08:00,15.1,86,88,5.6,4.1
2026-03-30T09:00,16.6,71,67,6.1,4.7
2026-03-30T10:00,17.3,64,63,6.6,5.2
2026-03-30T11:00,17.3,73,70,6.9,5.4
2026-03-30T12:00,20.5,59,58,9.2,7.4
2026-03-30T13:00,20.5,82,85,11.1,8.0
2026-03-30T14:00,18.0,96,96,11.8,8.3
2026-03-30T15:00,18.0,95,94,15.2,8.3
2026-03-30T16:00,15.1,96,96,16.1,7.1
2026-03-30T17:00,11.9,101,108,15.6,5.7
2026-03-30T18:00,10.1,94,101,15.2,5.5
2026-03-30T19:00,9.0,99,106,14.6,5.2
2026-03-30T20:00,7.6,99,107,13.1,4.3
2026-03-30T21:00,7.2,94,90,14.4,5.2
2026-03-30T22:00,7.2,91,88,13.5,4.7
2026-03-30T23:00,6.1,92,92,12.4,4.1
2026-03-31T00:00,5.4,83,79,13.1,4.8
2026-03-31T01:00,6.1,78,66,10.3,2.2
2026-03-31T02:00,2.9,83,166,7.8,0.7
2026-03-31T03:00,1.4,100,236,5.3,0.6
2026-03-31T04:00,2.5,105,248,4.3,1.0
2026-03-31T05:00,9.0,141,235,2.6,2.2
2026-03-31T06:00,11.5,108,113,5.3,4.1
2026-03-31T07:00,15.5,103,105,6.5,5.0
2026-03-31T08:00,15.8,104,103,5.2,4.1
2026-03-31T09:00,15.5,81,78,5.5,4.2
2026-03-31T10:00,17.6,80,79,7.0,5.5
2026-03-31T11:00,18.0,83,81,6.9,5.5
2026-03-31T12:00,18.4,90,225,1.3,0.3
2026-03-31T13:00,13.0,225,229,1.8,1.7
2026-03-31T14:00,11.5,90,90,4.0,3.1
2026-03-31T15:00,10.8,85,88,8.7,4.1
2026-03-31T16:00,7.2,94,103,11.9,4.6
2026-03-31T17:00,9.4,100,108,14.3,5.9
2026-03-31T18:00,9.4,99,103,16.4,6.5
2026-03-31T19:00,10.4,101,98,14.3,5.1
2026-03-31T20:00,7.6,104,108,12.0,4.0
2026-03-31T21:00,5.0,100,164,8.4,1.3
2026-03-31T22:00,3.2,127,232,3.6,2.1
2026-03-31T23:00,9.4,209,230,6.4,5.6
2026-04-01T00:00,10.4,232,242,2.1,3.1
2026-04-01T01:00,5.8,223,234,4.7,4.0
2026-04-01T02:00,5.4,222,245,4.6,3.4
2026-04-01T03:00,6.5,240,254,6.1,4.5
2026-04-01T04:00,9.7,231,238,9.2,6.8
2026-04-01T05:00,13.0,236,248,9.3,4.8
2026-04-01T06:00,13.3,191,212,1.8,1.7
2026-04-01T07:00,11.9,107,114,3.0,2.2
2026-04-01T08:00,13.3,87,82,3.6,2.7
2026-04-01T09:00,14.0,75,70,3.5,2.7
2026-04-01T10:00,16.6,53,49,6.0,5.0
2026-04-01T11:00,18.7,82,94,8.0,5.2
2026-04-01T12:00,16.6,91,100,10.3,7.1
2026-04-01T13:00,16.2,144,146,4.9,3.9
2026-04-01T14:00,13.3,72,70,5.3,3.6
2026-04-01T15:00,10.1,97,126,5.6,2.4
2026-04-01T16:00,5.8,113,129,10.2,4.0
2026-04-01T17:00,7.9,107,115,13.9,5.2
2026-04-01T18:00,8.3,89,87,17.3,6.5
2026-04-01T19:00,10.8,97,101,17.1,6.6
2026-04-01T20:00,10.8,102,103,15.5,5.5
2026-04-01T21:00,8.3,104,102,14.1,5.2
2026-04-01T22:00,6.8,102,124,10.5,1.9
2026-04-01T23:00,5.4,187,235,4.5,3.7
2026-04-02T00:00,11.5,199,211,14.5,5.6
2026-04-02T01:00,9.4,190,200,13.5,4.8
2026-04-02T02:00,7.9,195,217,12.3,4.8
2026-04-02T03:00,11.5,198,220,14.2,6.8
2026-04-02T04:00,14.8,204,220,16.6,9.2
2026-04-02T05:00,23.0,205,204,15.3,11.4
2026-04-02T06:00,23.8,202,202,6.8,5.2
2026-04-02T07:00,16.2,175,178,6.5,5.2
2026-04-02T08:00,18.0,169,172,6.8,5.3
2026-04-02T09:00,18.0,145,142,7.5,6.2
2026-04-02T10:00,21.6,115,108,9.9,8.0
2026-04-02T11:00,21.2,127,180,0.9,0.2
2026-04-02T12:00,14.4,157,167,8.4,6.6
2026-04-02T13:00,23.0,140,140,13.9,10.6
2026-04-02T14:00,23.4,132,133,14.3,10.3
2026-04-02T15:00,20.5,132,133,14.4,8.4
2026-04-02T16:00,15.1,139,143,15.7,7.8
2026-04-02T17:00,13.3,155,166,15.9,7.4
2026-04-02T18:00,12.6,146,160,14.8,5.9
2026-04-02T19:00,10.1,142,158,14.0,5.2
2026-04-02T20:00,8.6,140,157,13.4,4.5
2026-04-02T21:00,6.8,152,185,12.0,4.5
2026-04-02T22:00,8.6,182,215,11.3,5.0
2026-04-02T23:00,8.6,192,228,10.3,4.8
2026-04-03T00:00,10.1,209,226,12.7,6.0
2026-04-03T01:00,10.4,211,218,14.3,6.4
2026-04-03T02:00,10.8,219,226,14.7,6.5
2026-04-03T03:00,12.2,219,222,15.5,7.0
2026-04-03T04:00,13.3,206,199,15.8,8.4
2026-04-03T05:00,23.4,197,198,16.6,11.7
2026-04-03T06:00,23.8,190,190,13.3,9.9
2026-04-03T07:00,23.8,195,195,10.8,8.2
2026-04-03T08:00,21.2,202,203,8.7,6.9
2026-04-03T09:00,20.2,201,203,7.9,6.5
2026-04-03T10:00,19.4,189,193,5.7,4.6
2026-04-03T11:00,18.0,142,140,11.8,8.7
2026-04-03T12:00,22.0,205,209,5.6,4.5
2026-04-03T13:00,14.4,160,164,5.9,4.7
2026-04-03T14:00,14.4,151,155,7.4,5.6
2026-04-03T15:00,13.7,152,155,12.1,6.9
2026-04-03T16:00,15.1,142,143,17.7,9.0
2026-04-03T17:00,16.6,147,149,17.6,8.8
2026-04-03T18:00,15.1,143,152,17.0,7.2
2026-04-03T19:00,12.6,156,167,17.2,7.4
2026-04-03T20:00,12.2,154,165,15.9,6.3
2026-04-03T21:00,10.4,172,195,13.8,6.2
2026-04-03T22:00,10.8,187,218,12.9,6.2
2026-04-03T23:00,12.6,190,212,15.0,7.4
2026-04-04T00:00,13.0,203,214,16.6,8.3
2026-04-04T01:00,14.4,207,214,16.8,8.0
2026-04-04T02:00,13.7,215,221,15.4,7.1
2026-04-04T03:00,13.0,214,216,15.8,7.3
2026-04-04T04:00,16.2,221,224,16.3,9.3
2026-04-04T05:00,17.6,220,219,12.5,8.3
2026-04-04T06:00,24.8,207,208,9.7,7.3
2026-04-04T07:00,19.8,198,199,9.1,7.1
2026-04-04T08:00,20.5,193,195,8.7,6.9
2026-04-04T09:00,21.2,197,198,10.0,8.0
2026-04-04T10:00,21.2,195,196,9.1,7.1
2026-04-04T11:00,24.8,197,200,13.7,10.4
2026-04-04T12:00,24.5,182,181,9.2,7.4
2026-04-04T13:00,24.8,143,144,17.2,12.7
2026-04-04T14:00,28.1,147,147,14.2,10.1
2026-04-04T15:00,22.0,148,148,18.1,10.4
2026-04-04T16:00,19.1,152,152,19.8,10.0
2026-04-04T17:00,17.3,158,161,20.2,9.5
2026-04-04T18:00,16.6,146,150,21.0,9.6
2026-04-04T19:00,16.9,151,156,21.0,9.7
2026-04-04T20:00,16.6,150,159,18.9,7.9
2026-04-04T21:00,13.3,158,174,17.1,6.9
2026-04-04T22:00,11.2,161,182,15.8,5.8
2026-04-04T23:00,9.4,160,188,13.9,5.1
2026-04-05T00:00,7.9,174,210,11.9,5.0
2026-04-05T01:00,9.4,197,229,12.1,5.7
2026-04-05T02:00,11.5,202,219,15.2,7.2
2026-04-05T03:00,15.8,204,213,18.4,9.2
2026-04-05T04:00,16.2,215,218,18.2,9.6
2026-04-05T05:00,23.4,221,221,16.6,12.5
2026-04-05T06:00,26.3,199,200,9.9,7.5
2026-04-05T07:00,21.2,187,188,10.3,8.0
2026-04-05T08:00,21.2,174,174,8.7,6.9
2026-04-05T09:00,19.1,181,183,7.7,6.1
2026-04-05T10:00,18.7,162,163,7.6,6.0
2026-04-05T11:00,22.7,155,156,10.5,8.1
2026-04-05T12:00,20.2,134,130,10.7,7.8
2026-04-05T13:00,24.1,135,136,16.7,11.7
2026-04-05T14:00,25.2,134,136,15.3,10.6
2026-04-05T15:00,21.2,146,149,16.0,8.8
2026-04-05T16:00,15.5,167,174,18.3,8.9
2026-04-05T17:00,15.8,156,161,20.3,9.7
2026-04-05T18:00,18.4,159,165,22.2,11.2
2026-04-05T19:00,19.8,163,169,20.4,9.5
2026-04-05T20:00,16.6,172,184,19.8,9.4
2026-04-05T21:00,16.9,174,190,16.5,7.3
2026-04-05T22:00,12.2,202,241,10.7,6.0
2026-04-05T23:00,13.7,219,239,13.7,8.1
2026-04-06T00:00,14.0,187,212,13.8,7.0
2026-04-06T01:00,13.7,200,222,15.1,7.8
2026-04-06T02:00,15.8,210,219,17.9,9.1
2026-04-06T03:00,17.3,195,198,17.9,9.8
2026-04-06T04:00,22.3,199,201,17.1,11.0
2026-04-06T05:00,21.2,205,207,11.4,7.5
2026-04-06T06:00,18.0,194,192,11.1,8.6
2026-04-06T07:00,21.6,196,197,10.3,7.9
2026-04-06T08:00,21.2,207,208,8.9,6.9
2026-04-06T09:00,20.9,191,193,9.4,7.4
2026-04-06T10:00,22.0,185,185,10.8,8.5
2026-04-06T11:00,22.3,178,176,10.3,8.3
2026-04-06T12:00,24.5,144,147,15.5,11.4
2026-04-06T13:00,30.6,145,147,20.0,14.6
2026-04-06T14:00,29.9,147,149,19.0,13.5
2026-04-06T15:00,27.0,147,148,15.7,9.8
2026-04-06T16:00,17.6,146,148,17.8,9.3
2026-04-06T17:00,16.2,150,157,16.8,7.8
2026-04-06T18:00,13.7,147,157,19.9,9.6
2026-04-06T19:00,16.6,145,153,16.8,6.7
2026-04-06T20:00,11.2,157,177,16.0,6.8
2026-04-06T21:00,15.1,161,175,18.6,8.8
2026-04-06T22:00,15.1,166,187,16.3,7.3
2026-04-06T23:00,15.1,173,195,17.6,9.0
2026-04-07T00:00,18.7,141,143,19.2,10.2
2026-04-07T01:00,17.3,155,160,15.5,7.5
2026-04-07T02:00,17.3,176,190,17.1,9.3
2026-04-07T03:00,16.6,182,208,13.7,7.2
2026-04-07T04:00,13.7,170,180,12.8,7.0
2026-04-07T05:00,19.8,186,186,13.2,9.8
2026-04-07T06:00,25.2,197,200,15.2,11.1
2026-04-07T07:00,23.8,169,174,10.8,8.3
2026-04-07T08:00,29.5,156,160,21.3,15.1
2026-04-07T09:00,32.8,186,187,11.0,8.4
2026-04-07T10:00,22.7,175,178,10.8,8.3
2026-04-07T11:00,26.3,157,157,15.0,11.5
2026-04-07T12:00,32.8,148,147,16.8,12.7
2026-04-07T13:00,28.1,145,145,15.5,11.4
2026-04-07T14:00,27.4,147,146,17.8,13.0
2026-04-07T15:00,26.3,156,159,16.0,9.5
2026-04-07T16:00,16.9,152,155,15.5,7.2
2026-04-07T17:00,13.0,153,157,16.0,7.3
2026-04-07T18:00,23.4,153,158,19.8,9.7
2026-04-07T19:00,18.0,152,156,19.2,9.7
2026-04-07T20:00,16.6,156,166,16.6,7.6
2026-04-07T21:00,13.3,153,160,16.5,7.3
2026-04-07T22:00,23.0,167,167,24.1,13.1
2026-04-07T23:00,23.0,164,165,17.4,9.9
2026-04-08T00:00,17.6,169,176,12.1,5.8
2026-04-08T01:00,18.0,197,210,16.2,9.8
2026-04-08T02:00,18.0,224,243,11.6,6.3
2026-04-08T03:00,15.5,212,227,17.5,8.7
2026-04-08T04:00,20.2,209,213,21.6,11.6
2026-04-08T05:00,22.7,200,204,18.6,13.0
2026-04-08T06:00,27.4,193,195,22.1,13.8
2026-04-08T07:00,27.4,195,200,14.4,8.8
2026-04-08T08:00,19.8,174,179,14.8,9.4
2026-04-08T09:00,24.5,147,150,18.2,11.5
2026-04-08T10:00,23.0,144,150,18.6,10.0
2026-04-08T11:00,31.7,147,146,26.2,17.0
2026-04-08T12:00,32.8,160,159,28.4,17.3
2026-04-08T13:00,32.4,161,161,29.7,18.0
2026-04-08T14:00,33.1,159,162,20.8,11.9
2026-04-08T15:00,20.5,173,183,20.1,10.5
2026-04-08T16:00,20.9,174,177,21.7,11.7
2026-04-08T17:00,26.6,163,170,22.2,12.4
2026-04-08T18:00,21.6,188,191,21.6,11.7
2026-04-08T19:00,21.2,165,166,20.8,11.5
2026-04-08T20:00,20.5,178,180,15.8,8.6
2026-04-08T21:00,16.2,205,217,17.1,9.5
2026-04-08T22:00,19.4,211,217,20.2,11.1
2026-04-08T23:00,19.4,214,217,19.7,10.7
2026-04-09T00:00,19.4,222,222,21.7,11.3
2026-04-09T01:00,19.8,215,214,21.2,11.0
2026-04-09T02:00,19.4,212,214,20.6,10.4
2026-04-09T03:00,17.6,216,214,19.7,10.0
2026-04-09T04:00,20.2,220,219,20.9,11.8
2026-04-09T05:00,24.5,215,216,16.1,13.1
2026-04-09T06:00,27.4,189,186,15.5,11.2
2026-04-09T07:00,30.2,175,176,17.3,12.8
2026-04-09T08:00,32.8,166,167,18.4,13.5
2026-04-09T09:00,32.0,165,164,17.2,12.7
2026-04-09T10:00,32.8,161,161,19.2,14.3
2026-04-09T11:00,33.1,154,153,19.8,14.7
2026-04-09T12:00,34.9,157,158,21.8,15.7
2026-04-09T13:00,37.1,141,140,26.5,18.5
2026-04-09T14:00,36.0,146,147,22.1,14.7
2026-04-09T15:00,27.7,143,143,19.7,11.3
2026-04-09T16:00,20.2,156,159,18.9,9.5
2026-04-09T17:00,18.4,165,172,21.0,10.7
2026-04-09T18:00,18.7,157,164,21.8,11.1
2026-04-09T19:00,19.1,170,182,19.9,9.4
2026-04-09T20:00,16.6,194,205,18.9,9.5
2026-04-09T21:00,18.0,199,211,20.0,10.2
2026-04-09T22:00,18.4,200,209,20.8,10.1
2026-04-09T23:00,17.6,202,213,19.9,9.6
2026-04-10T00:00,18.0,206,221,19.6,10.1
2026-04-10T01:00,18.7,210,217,20.7,10.5
2026-04-10T02:00,18.4,211,214,20.1,9.7
2026-04-10T03:00,17.6,205,211,20.5,10.1
2026-04-10T04:00,18.0,199,196,16.0,8.3
2026-04-10T05:00,18.0,173,168,12.1,8.6
2026-04-10T06:00,19.1,158,154,16.9,12.0
2026-04-10T07:00,26.3,171,173,13.3,9.2
2026-04-10T08:00,30.2,169,174,17.4,13.0
2026-04-10T09:00,30.2,162,162,15.9,12.0
2026-04-10T10:00,27.4,140,139,16.6,12.2
2026-04-10T11:00,26.3,145,147,12.1,8.8
2026-04-10T12:00,30.2,150,151,17.3,13.0
2026-04-10T13:00,30.2,126,126,17.3,12.0
2026-04-10T14:00,24.8,154,155,15.6,11.1
2026-04-10T15:00,23.0,149,150,12.8,7.9
2026-04-10T16:00,18.4,162,161,18.8,11.2
2026-04-10T17:00,19.1,136,117,10.3,5.6
2026-04-10T18:00,10.8,161,164,21.3,10.9
2026-04-10T19:00,22.3,168,174,23.4,12.9
2026-04-10T20:00,22.7,172,180,18.9,9.7
2026-04-10T21:00,16.9,179,195,18.2,9.0
2026-04-10T22:00,15.5,193,209,14.9,7.0
2026-04-10T23:00,13.7,186,204,14.7,7.1
2026-04-11T00:00,13.7,186,191,14.8,7.9
2026-04-11T01:00,14.0,196,207,14.0,7.1
2026-04-11T02:00,15.8,214,212,15.9,8.1
2026-04-11T03:00,14.0,214,218,16.9,8.0
2026-04-11T04:00,20.5,215,214,19.4,10.0
2026-04-11T05:00,22.0,213,213,19.5,11.8
2026-04-11T06:00,23.0,199,196,17.9,11.1
2026-04-11T07:00,24.1,200,199,18.3,12.4
2026-04-11T08:00,26.3,198,196,17.6,12.8
2026-04-11T09:00,29.5,197,195,20.8,12.9
2026-04-11T10:00,24.8,202,201,18.4,11.8
2026-04-11T11:00,23.4,194,195,14.8,10.8
2026-04-11T12:00,23.8,154,154,17.5,12.0
2026-04-11T13:00,27.0,167,169,21.1,12.3
2026-04-11T14:00,24.1,141,140,23.3,13.9
2026-04-11T15:00,24.8,169,181,18.2,9.4
2026-04-11T16:00,19.4,161,168,20.7,10.9
2026-04-11T17:00,19.8,153,154,19.9,10.4
2026-04-11T18:00,18.4,155,161,22.4,11.6
2026-04-11T19:00,22.0,164,173,19.1,9.4
2026-04-11T20:00,16.6,160,170,10.7,4.0
2026-04-11T21:00,18.0,171,180,19.9,10.6
2026-04-11T22:00,21.2,176,189,14.6,7.1
2026-04-11T23:00,12.2,184,204,12.1,6.3
2026-04-12T00:00,13.7,189,192,23.3,13.2
2026-04-12T01:00,23.4,205,214,18.9,10.0
2026-04-12T02:00,17.6,212,217,16.8,8.4
2026-04-12T03:00,19.4,210,211,20.8,10.5
2026-04-12T04:00,18.7,202,201,19.5,10.0
2026-04-12T05:00,20.9,198,197,20.3,11.1
2026-04-12T06:00,29.9,183,185,20.2,13.5
2026-04-12T07:00,29.9,170,173,18.1,13.2
2026-04-12T08:00,31.0,135,133,17.2,12.7
2026-04-12T09:00,29.2,141,146,14.3,10.6
2026-04-12T10:00,26.6,140,143,11.1,8.4
2026-04-12T11:00,25.2,129,132,13.2,9.9
2026-04-12T12:00,25.2,127,121,13.1,9.2
2026-04-12T13:00,18.7,139,141,11.2,8.1
2026-04-12T14:00,21.6,146,148,15.3,10.8
2026-04-12T15:00,22.7,150,153,21.4,12.9
2026-04-12T16:00,23.4,158,167,16.3,8.9
2026-04-12T17:00,15.5,164,178,17.8,8.8
2026-04-12T18:00,15.5,163,180,16.3,8.3
2026-04-12T19:00,18.4,161,168,20.8,10.9
2026-04-12T20:00,19.8,154,162,18.0,9.1
2026-04-12T21:00,16.2,158,164,16.1,7.9
2026-04-12T22:00,13.3,173,198,12.5,5.9
2026-04-12T23:00,13.0,176,201,15.2,7.7
2026-04-13T00:00,14.0,158,183,13.6,7.7
2026-04-13T01:00,16.6,149,162,16.3,8.1
2026-04-13T02:00,16.2,135,148,15.4,7.0
2026-04-13T03:00,11.9,170,201,11.2,5.4
2026-04-13T04:00,9.7,163,200,9.6,5.2
2026-04-13T05:00,12.2,160,163,6.3,3.8
2026-04-13T06:00,15.1,135,137,9.7,6.6
2026-04-13T07:00,18.4,152,155,12.9,9.3
2026-04-13T08:00,24.8,170,174,11.2,8.3
2026-04-13T09:00,24.8,142,146,14.0,10.6
2026-04-13T10:00,27.0,151,153,11.9,9.1
2026-04-13T11:00,28.8,144,144,13.5,10.3
2026-04-13T12:00,27.7,159,161,11.2,8.4
2026-04-13T13:00,21.6,133,133,13.2,9.8
2026-04-13T14:00,23.8,136,136,14.3,10.1
2026-04-13T15:00,19.4,143,145,14.4,8.1
2026-04-13T16:00,14.4,154,169,13.0,5.9
2026-04-13T17:00,14.0,159,173,17.5,8.4
2026-04-13T18:00,14.8,141,150,17.7,7.3
2026-04-13T19:00,12.2,142,153,17.9,7.5
2026-04-13T20:00,18.0,143,149,21.6,10.7
2026-04-13T21:00,18.7,165,178,18.8,9.9
2026-04-13T22:00,18.0,166,179,19.5,9.7
2026-04-13T23:00,16.6,179,193,16.0,7.9
2026-04-14T00:00,13.7,164,173,18.9,9.1
2026-04-14T01:00,15.8,162,172,17.2,8.2
2026-04-14T02:00,14.4,172,190,13.3,4.0
2026-04-14T03:00,10.1,174,183,14.3,6.3
2026-04-14T04:00,16.2,161,171,13.9,6.9
2026-04-14T05:00,19.1,183,188,15.0,9.8
2026-04-14T06:00,28.1,172,174,10.0,7.1
2026-04-14T07:00,23.8,174,177,12.3,9.2
2026-04-14T08:00,29.2,154,156,14.7,11.0
2026-04-14T09:00,32.0,140,142,17.5,13.2
2026-04-14T10:00,33.1,137,139,20.8,15.6
2026-04-14T11:00,34.6,136,136,20.9,15.4
2026-04-14T12:00,35.6,129,128,24.0,16.8
2026-04-14T13:00,32.4,130,131,20.1,14.2
2026-04-14T14:00,29.2,134,134,20.6,14.4
2026-04-14T15:00,28.4,141,144,18.9,10.8
2026-04-14T16:00,19.1,148,155,17.4,8.5
2026-04-14T17:00,14.8,152,162,17.5,8.1
2026-04-14T18:00,13.7,155,166,16.0,5.4
2026-04-14T19:00,20.2,163,173,22.8,12.1
2026-04-14T20:00,20.2,160,176,18.3,8.5
2026-04-14T21:00,19.1,167,177,22.2,11.7
2026-04-14T22:00,21.6,179,196,17.6,9.2
2026-04-14T23:00,15.1,174,193,15.0,7.4
2026-04-15T00:00,14.8,177,185,21.5,11.4
2026-04-15T01:00,19.8,177,193,15.1,8.3
2026-04-15T02:00,14.4,185,199,15.7,8.2
2026-04-15T03:00,18.4,204,214,20.0,10.6
2026-04-15T04:00,19.4,191,197,19.3,11.1
2026-04-15T05:00,22.7,196,198,17.4,12.1
2026-04-15T06:00,27.7,186,188,13.9,10.2
2026-04-15T07:00,25.2,168,172,13.2,10.0
2026-04-15T08:00,25.9,155,157,12.3,9.4
2026-04-15T09:00,25.2,153,154,13.5,10.6
2026-04-15T10:00,27.0,140,141,16.0,12.3
2026-04-15T11:00,29.9,144,143,19.6,14.1
2026-04-15T12:00,31.0,131,133,11.9,9.3
2026-04-15T13:00,27.4,137,137,17.7,13.2
2026-04-15T14:00,27.4,138,139,17.1,11.9
2026-04-15T15:00,23.0,141,142,17.4,10.0
2026-04-15T16:00,18.0,140,144,16.9,7.6
2026-04-15T17:00,13.7,142,145,17.9,7.9
2026-04-15T18:00,18.4,145,150,20.8,10.0
2026-04-15T19:00,28.4,157,159,27.7,16.0
2026-04-15T20:00,29.2,158,158,24.5,14.1
2026-04-15T21:00,25.6,161,168,22.6,12.3
2026-04-15T22:00,24.1,164,166,21.0,11.5
2026-04-15T23:00,21.6,172,177,22.4,12.4
2026-04-16T00:00,22.7,182,195,16.8,8.6
2026-04-16T01:00,18.0,189,201,18.6,9.9
2026-04-16T02:00,18.4,175,178,15.9,9.9
2026-04-16T03:00,22.3,171,171,17.5,10.4
2026-04-16T04:00,18.7,197,200,16.9,10.1
2026-04-16T05:00,22.0,179,181,14.2,10.8
2026-04-16T06:00,27.0,160,160,17.5,12.6
2026-04-16T07:00,25.6,179,184,16.0,11.6
2026-04-16T08:00,29.5,159,160,18.5,13.8
2026-04-16T09:00,30.6,156,157,19.2,14.0
2026-04-16T10:00,37.1,146,146,24.4,17.3
2026-04-16T11:00,33.5,164,165,15.4,10.8
2026-04-16T12:00,24.8,133,133,15.3,9.0
2026-04-16T13:00,21.6,129,127,14.2,9.6
2026-04-16T14:00,21.6,140,140,14.7,9.2
2026-04-16T15:00,18.0,155,163,17.3,9.6
2026-04-16T16:00,16.2,157,166,18.6,8.9
2026-04-16T17:00,14.8,151,166,18.0,8.0
2026-04-16T18:00,19.8,142,152,21.2,9.8
2026-04-16T19:00,16.6,152,167,18.6,8.1
2026-04-16T20:00,13.7,158,174,17.8,8.1
2026-04-16T21:00,15.1,165,179,18.6,9.0
2026-04-16T22:00,15.1,177,191,17.3,8.3
2026-04-16T23:00,15.5,169,167,13.9,6.5
2026-04-17T00:00,14.4,189,206,17.7,9.2
2026-04-17T01:00,16.6,194,206,18.3,9.0
2026-04-17T02:00,15.5,191,204,14.9,6.7
2026-04-17T03:00,11.5,198,207,13.6,6.7
2026-04-17T04:00,14.8,198,209,16.1,9.0
2026-04-17T05:00,18.7,193,194,13.9,9.1
2026-04-17T06:00,23.8,151,151,15.4,11.1
2026-04-17T07:00,28.4,145,149,14.5,10.7
2026-04-17T08:00,30.6,133,135,16.0,12.0
2026-04-17T09:00,30.6,126,129,16.3,12.5
2026-04-17T10:00,31.7,152,151,15.5,11.7
2026-04-17T11:00,28.1,128,128,11.8,9.0
2026-04-17T12:00,29.5,148,149,17.8,12.7
2026-04-17T13:00,26.3,146,145,13.5,9.8
2026-04-17T14:00,21.2,151,151,11.8,8.9
2026-04-17T15:00,19.1,133,130,15.5,8.7
2026-04-17T16:00,15.1,140,142,16.1,7.3
2026-04-17T17:00,12.2,139,147,14.7,4.9
2026-04-17T18:00,7.9,133,136,18.3,7.0
2026-04-17T19:00,11.5,142,157,16.7,5.9
2026-04-17T20:00,10.8,155,177,15.9,6.5
2026-04-17T21:00,10.8,160,184,14.2,5.2
2026-04-17T22:00,8.3,169,209,12.3,4.8
2026-04-17T23:00,8.3,176,203,10.6,4.1
2026-04-18T00:00,6.1,190,220,15.2,8.7
2026-04-18T01:00,15.5,187,210,16.3,8.7
2026-04-18T02:00,14.8,181,202,15.5,8.2
2026-04-18T03:00,15.1,179,195,17.1,8.8
2026-04-18T04:00,16.2,188,206,16.5,9.4
2026-04-18T05:00,17.3,181,181,13.7,9.0
2026-04-18T06:00,23.0,132,134,22.2,16.0
2026-04-18T07:00,35.3,130,138,11.1,6.5
2026-04-18T08:00,24.1,152,156,10.6,7.9
2026-04-18T09:00,24.5,143,145,11.3,8.5
2026-04-18T10:00,27.0,151,153,13.9,10.7
2026-04-18T11:00,29.9,131,130,18.5,14.2
2026-04-18T12:00,30.2,144,147,17.0,12.5
2026-04-18T13:00,26.3,149,152,12.2,8.9
2026-04-18T14:00,22.3,148,150,14.6,10.7
2026-04-18T15:00,21.6,151,155,15.1,8.4
2026-04-18T16:00,15.1,160,171,14.3,6.6
2026-04-18T17:00,11.2,168,192,12.3,5.3
2026-04-18T18:00,9.0,147,177,10.8,3.8
2026-04-18T19:00,5.0,133,180,8.4,1.8
2026-04-18T20:00,2.5,136,217,7.3,1.8
2026-04-18T21:00,4.7,152,213,8.4,3.0
2026-04-18T22:00,7.9,162,209,10.8,4.8
2026-04-18T23:00,11.2,168,204,13.1,6.7
2026-04-19T00:00,11.9,194,210,16.9,9.0
2026-04-19T01:00,15.5,194,209,15.8,8.1
2026-04-19T02:00,14.0,192,207,15.5,7.5
2026-04-19T03:00,13.3,191,205,16.0,7.7
2026-04-19T04:00,14.0,185,189,15.9,8.0
2026-04-19T05:00,16.9,178,181,13.9,8.5
2026-04-19T06:00,28.4,180,179,17.5,12.6
2026-04-19T07:00,28.4,166,168,16.9,12.5
2026-04-19T08:00,31.7,162,163,17.8,13.2
2026-04-19T09:00,32.0,154,155,18.4,13.9
2026-04-19T10:00,32.4,154,151,18.3,13.4
2026-04-19T11:00,33.1,115,116,24.6,17.2
2026-04-19T12:00,33.8,132,132,19.0,13.9
2026-04-19T13:00,32.8,116,113,19.4,13.5
2026-04-19T14:00,27.0,112,112,9.0,6.2
2026-04-19T15:00,17.6,120,117,11.6,6.7
2026-04-19T16:00,11.2,124,130,14.5,7.3
2026-04-19T17:00,12.2,118,130,11.2,4.2
2026-04-19T18:00,6.8,115,119,14.7,5.2
2026-04-19T19:00,9.7,124,135,16.1,6.1
2026-04-19T20:00,9.7,129,147,14.1,4.9
2026-04-19T21:00,7.9,132,177,11.0,3.4
2026-04-19T22:00,11.5,134,167,13.4,5.5
2026-04-19T23:00,9.0,102,326,6.2,0.6
2026-04-20T00:00,13.3,118,185,8.4,2.2
2026-04-20T01:00,7.2,118,159,10.0,3.5
2026-04-20T02:00,7.2,127,180,8.4,3.8
2026-04-20T03:00,10.1,163,190,9.6,5.3
2026-04-20T04:00,10.4,176,202,10.1,7.2
2026-04-20T05:00,15.8,186,191,13.2,7.3
2026-04-20T06:00,21.6,194,192,10.2,7.0
2026-04-20T07:00,25.2,145,146,13.7,10.4
2026-04-20T08:00,30.6,153,152,18.8,13.8
2026-04-20T09:00,29.9,142,141,9.6,6.9
2026-04-20T10:00,29.5,143,143,12.2,8.7
2026-04-20T11:00,26.3,158,159,12.3,9.1
2026-04-20T12:00,31.7,150,151,21.4,15.6
2026-04-20T13:00,33.5,147,147,20.3,14.7
2026-04-20T14:00,30.6,140,138,22.0,15.2
2026-04-20T15:00,29.9,148,150,18.8,10.2
2026-04-20T16:00,18.0,149,155,16.9,7.2
2026-04-20T17:00,11.9,149,157,17.4,7.4
2026-04-20T18:00,14.8,143,157,14.3,4.7
2026-04-20T19:00,9.0,146,171,15.6,5.8
2026-04-20T20:00,11.5,145,162,17.8,7.2
2026-04-20T21:00,15.8,140,151,20.6,9.7
2026-04-20T22:00,15.8,139,166,14.8,5.2
2026-04-20T23:00,10.4,162,191,14.3,6.4
2026-04-21T00:00,12.6,123,139,15.4,5.2
2026-04-21T01:00,12.2,149,241,8.4,3.3
2026-04-21T02:00,15.1,139,145,18.4,9.0
2026-04-21T03:00,15.8,156,164,16.6,8.6
2026-04-21T04:00,18.7,164,175,16.6,9.0
2026-04-21T05:00,21.6,159,158,17.2,12.2
2026-04-21T06:00,30.6,136,136,20.0,14.3
2026-04-21T07:00,32.8,143,144,18.4,13.5
2026-04-21T08:00,30.6,123,122,14.8,11.0
2026-04-21T09:00,33.8,126,126,13.8,10.0
2026-04-21T10:00,28.4,120,121,12.9,9.4
2026-04-21T11:00,32.4,118,120,18.8,13.7
2026-04-21T12:00,31.7,128,124,18.5,13.1
2026-04-21T13:00,27.7,127,128,18.8,13.9
2026-04-21T14:00,32.8,138,139,14.9,10.3
2026-04-21T15:00,20.2,150,159,13.9,7.7
2026-04-21T16:00,19.1,158,164,16.3,8.6
2026-04-21T17:00,21.2,144,150,20.0,11.6
2026-04-21T18:00,20.2,144,156,16.9,8.1
2026-04-21T19:00,19.4,124,133,11.0,4.5
2026-04-21T20:00,21.2,147,155,22.2,12.1
2026-04-21T21:00,21.2,158,170,18.6,9.3
2026-04-21T22:00,19.1,171,179,21.7,11.0
2026-04-21T23:00,20.9,184,194,21.3,11.9
2026-04-22T00:00,20.9,181,192,21.1,11.2
2026-04-22T01:00,19.4,190,200,19.5,9.4
2026-04-22T02:00,18.4,210,222,20.7,10.8
2026-04-22T03:00,20.5,209,213,21.6,10.9
2026-04-22T04:00,19.1,209,211,19.0,10.3
2026-04-22T05:00,24.1,216,217,17.0,12.9
2026-04-22T06:00,29.2,193,195,14.6,10.4
2026-04-22T07:00,29.9,173,173,16.9,12.5
2026-04-22T08:00,29.9,168,166,15.3,11.3
2026-04-22T09:00,28.4,157,156,13.1,9.8
2026-04-22T10:00,26.3,143,142,14.1,10.9
2026-04-22T11:00,27.7,138,139,15.7,11.9
2026-04-22T12:00,27.7,151,151,14.7,11.1
2026-04-22T13:00,25.2,143,143,14.9,11.1
2026-04-22T14:00,25.2,140,139,16.9,12.1
2026-04-22T15:00,24.5,140,140,16.7,9.7
2026-04-22T16:00,17.3,152,156,15.1,6.7
2026-04-22T17:00,15.8,168,174,19.2,9.6
2026-04-22T18:00,24.5,156,160,20.5,10.9
2026-04-22T19:00,18.7,178,194,14.6,6.9
2026-04-22T20:00,12.2,198,215,14.8,7.2
2026-04-22T21:00,13.7,198,212,15.7,7.8
2026-04-22T22:00,14.8,195,207,17.0,8.5
2026-04-22T23:00,14.4,197,207,16.8,7.9
2026-04-23T00:00,14.4,192,201,18.6,9.1
2026-04-23T01:00,16.2,192,201,18.4,8.7
2026-04-23T02:00,15.8,200,209,18.4,8.9
2026-04-23T03:00,15.5,202,208,19.1,9.2
2026-04-23T04:00,19.4,200,205,20.8,11.5
2026-04-23T05:00,28.1,197,195,21.2,15.3
2026-04-23T06:00,34.9,181,179,24.1,17.1
2026-04-23T07:00,36.4,171,170,25.7,18.1
2026-04-23T08:00,40.3,165,164,27.6,19.8
2026-04-23T09:00,41.4,164,163,28.0,20.2
2026-04-23T10:00,42.1,162,163,28.5,20.4
2026-04-23T11:00,42.1,157,158,29.0,20.8
2026-04-23T12:00,43.2,161,161,28.4,20.2
2026-04-23T13:00,39.6,154,153,26.8,18.8
2026-04-23T14:00,37.1,155,154,23.8,16.2
2026-04-23T15:00,30.6,159,158,22.6,12.8
2026-04-23T16:00,23.0,161,162,21.9,10.8
2026-04-23T17:00,18.7,166,171,21.5,10.2
2026-04-23T18:00,17.6,171,179,19.5,8.3
2026-04-23T19:00,14.0,173,184,18.2,7.8
2026-04-23T20:00,13.0,169,185,16.7,6.5
2026-04-23T21:00,11.9,169,186,17.6,7.2
2026-04-23T22:00,13.7,169,182,19.2,8.3
2026-04-23T23:00,14.4,165,179,18.3,7.6
2026-04-24T00:00,12.6,174,187,19.2,8.7
2026-04-24T01:00,15.1,180,192,16.4,7.2
2026-04-24T02:00,12.2,193,211,14.8,6.7
2026-04-24T03:00,14.0,172,170,15.8,8.0
2026-04-24T04:00,17.3,189,204,17.8,10.1
2026-04-24T05:00,22.3,200,202,17.7,10.7
2026-04-24T06:00,28.1,193,193,14.6,10.5
2026-04-24T07:00,29.9,187,188,16.3,12.2
2026-04-24T08:00,30.2,179,181,15.1,11.3
2026-04-24T09:00,30.6,167,165,17.0,12.8
2026-04-24T10:00,32.0,160,157,18.2,13.6
2026-04-24T11:00,35.3,175,175,23.0,16.8
2026-04-24T12:00,35.6,161,161,23.0,16.7
2026-04-24T13:00,34.9,161,161,21.1,15.2
2026-04-24T14:00,31.0,154,154,19.8,13.8
2026-04-24T15:00,27.0,157,158,19.0,10.9
2026-04-24T16:00,19.4,166,173,19.1,10.0
2026-04-24T17:00,17.6,170,176,17.0,7.9
2026-04-24T18:00,15.8,162,171,18.6,8.8
2026-04-24T19:00,21.2,169,175,23.6,12.5
2026-04-24T20:00,22.3,168,176,17.9,8.5
2026-04-24T21:00,16.2,165,168,18.4,9.4
2026-04-24T22:00,16.6,182,191,17.5,8.8
2026-04-24T23:00,22.7,178,181,24.9,13.7
2026-04-25T00:00,27.7,187,192,19.9,10.1
2026-04-25T01:00,19.8,183,192,20.7,10.9
2026-04-25T02:00,19.4,193,198,21.1,10.8
2026-04-25T03:00,19.1,195,202,19.6,9.7
2026-04-25T04:00,18.7,201,208,19.9,11.0
2026-04-25T05:00,30.6,198,197,21.6,15.7
2026-04-25T06:00,30.2,165,165,16.6,11.9
2026-04-25T07:00,26.6,162,160,15.9,11.7
2026-04-25T08:00,30.6,166,167,18.6,13.9
2026-04-25T09:00,32.4,173,174,17.2,13.0
2026-04-25T10:00,29.5,160,160,18.0,13.4
2026-04-25T11:00,29.9,159,158,20.8,15.1
2026-04-25T12:00,30.2,152,150,18.7,13.5
2026-04-25T13:00,26.3,153,153,18.0,12.6
2026-04-25T14:00,25.9,153,153,17.6,11.9
2026-04-25T15:00,22.7,148,149,16.2,8.6
2026-04-25T16:00,15.1,158,164,16.7,7.9
2026-04-25T17:00,13.7,165,178,18.1,8.3
2026-04-25T18:00,16.6,162,176,17.2,8.1
2026-04-25T19:00,14.4,167,176,16.6,7.8
2026-04-25T20:00,13.7,165,178,14.0,6.1
2026-04-25T21:00,14.8,168,176,16.9,8.8
2026-04-25T22:00,14.8,186,200,15.4,8.0
2026-04-25T23:00,13.7,202,217,16.1,7.7
2026-04-26T00:00,14.8,204,219,17.1,9.2
2026-04-26T01:00,16.2,189,193,16.4,8.7
2026-04-26T02:00,17.3,170,171,17.0,9.6
2026-04-26T03:00,17.3,179,193,14.9,8.1
2026-04-26T04:00,14.4,187,212,10.9,6.1
2026-04-26T05:00,11.5,180,218,9.2,4.1
2026-04-26T06:00,18.0,187,193,12.9,9.6
2026-04-26T07:00,19.4,189,192,12.0,9.0
2026-04-26T08:00,23.8,182,181,13.5,9.9
2026-04-26T09:00,24.1,186,187,12.3,9.2
2026-04-26T10:00,26.6,176,178,13.5,10.3
2026-04-26T11:00,28.1,161,160,15.3,11.5
2026-04-26T12:00,28.1,171,171,16.4,12.2
2026-04-26T13:00,25.2,168,169,15.8,11.4
2026-04-26T14:00,23.4,156,158,16.0,10.5
2026-04-26T15:00,20.5,174,186,12.3,6.9
2026-04-26T16:00,14.8,186,197,14.8,6.6
2026-04-26T17:00,11.2,184,208,12.1,5.7
2026-04-26T18:00,9.7,180,200,13.7,6.3
2026-04-26T19:00,10.1,164,212,8.4,1.7
2026-04-26T20:00,4.0,191,262,5.5,2.5
2026-04-26T21:00,6.1,205,238,7.3,4.0
2026-04-26T22:00,9.7,220,236,10.9,6.1
2026-04-26T23:00,11.5,220,228,14.6,7.0
2026-04-27T00:00,14.0,205,210,13.3,6.5
2026-04-27T01:00,13.7,206,211,16.8,8.1
2026-04-27T02:00,14.4,207,210,17.6,8.6
2026-04-27T03:00,14.8,204,206,17.4,8.2
2026-04-27T04:00,15.5,202,209,17.5,9.4
2026-04-27T05:00,17.3,202,205,14.8,7.7
2026-04-27T06:00,25.9,190,192,15.4,10.9
2026-04-27T07:00,29.5,172,173,18.9,13.8
2026-04-27T08:00,32.0,169,169,18.4,13.6
2026-04-27T09:00,32.8,167,167,19.0,14.1
2026-04-27T10:00,33.5,159,158,19.4,14.5
2026-04-27T11:00,33.5,157,162,20.5,14.9
2026-04-27T12:00,31.0,149,149,16.5,12.3
2026-04-27T13:00,31.0,144,144,18.4,13.3
2026-04-27T14:00,30.6,137,138,18.1,12.6
2026-04-27T15:00,24.8,140,142,15.7,8.2
2026-04-27T16:00,14.8,129,125,14.2,5.3
2026-04-27T17:00,8.6,134,143,12.9,4.5
2026-04-27T18:00,8.6,138,147,13.0,5.3
2026-04-27T19:00,9.4,136,148,12.2,4.0
2026-04-27T20:00,6.5,146,172,11.1,3.8
2026-04-27T21:00,11.2,165,193,14.4,7.4
2026-04-27T22:00,15.5,176,190,16.8,8.2
2026-04-27T23:00,14.0,178,200,13.1,6.7
2026-04-28T00:00,11.5,163,219,7.3,3.5
2026-04-28T01:00,6.8,180,221,8.1,4.1
2026-04-28T02:00,10.4,195,210,12.5,6.9
2026-04-28T03:00,14.8,200,205,16.9,8.0
2026-04-28T04:00,13.3,201,210,14.1,7.7
2026-04-28T05:00,14.8,215,219,11.4,6.3
2026-04-28T06:00,22.7,203,204,8.6,6.7
2026-04-28T07:00,23.8,200,203,9.4,7.3
2026-04-28T08:00,24.8,176,177,10.1,7.7
2026-04-28T09:00,24.8,165,167,11.4,8.9
2026-04-28T10:00,25.6,148,146,15.0,11.8
2026-04-28T11:00,27.4,138,138,13.4,9.9
2026-04-28T12:00,25.9,168,172,14.5,11.1
2026-04-28T13:00,25.2,157,160,15.8,11.3
2026-04-28T14:00,23.8,145,144,14.9,10.2
2026-04-28T15:00,20.2,136,135,14.4,7.1
2026-04-28T16:00,12.6,151,162,12.7,5.3
2026-04-28T17:00,9.0,175,195,13.2,5.4
2026-04-28T18:00,9.0,153,163,13.9,4.9
2026-04-28T19:00,7.9,150,173,13.1,4.5
2026-04-28T20:00,7.6,150,172,14.2,5.1
2026-04-28T21:00,8.6,158,193,13.0,4.6
2026-04-28T22:00,8.3,166,203,12.4,5.1
2026-04-28T23:00,9.0,166,203,13.0,5.5
2026-04-29T00:00,9.7,160,184,16.1,7.4
2026-04-29T01:00,15.5,169,188,17.3,8.0
2026-04-29T02:00,13.3,191,216,15.6,7.7
2026-04-29T03:00,14.0,193,209,17.7,8.5
2026-04-29T04:00,16.2,187,196,17.1,9.3
2026-04-29T05:00,15.8,203,209,13.1,7.0
2026-04-29T06:00,23.8,185,188,13.5,9.8
2026-04-29T07:00,31.3,169,169,17.6,12.8
2026-04-29T08:00,29.9,157,154,18.4,13.6
2026-04-29T09:00,31.3,158,156,17.3,13.0
2026-04-29T10:00,34.2,157,158,22.0,16.5
2026-04-29T11:00,33.8,167,167,17.9,13.1
2026-04-29T12:00,31.3,154,155,21.3,15.5
2026-04-29T13:00,33.8,169,170,18.7,13.5
2026-04-29T14:00,27.7,165,167,19.6,12.9
2026-04-29T15:00,23.0,160,162,20.7,11.4
2026-04-29T16:00,20.5,156,159,20.1,9.9
2026-04-29T17:00,16.9,157,162,19.6,8.7
2026-04-29T18:00,15.1,155,158,21.9,9.9
2026-04-29T19:00,17.3,152,155,21.7,9.9
2026-04-29T20:00,16.9,150,150,21.1,9.4
2026-04-29T21:00,16.6,151,155,20.8,9.5
2026-04-29T22:00,22.3,153,157,25.8,13.3
2026-04-29T23:00,26.3,158,159,24.6,13.3
2026-04-30T00:00,23.8,146,146,18.8,8.9
2026-04-30T01:00,17.6,197,217,15.1,7.7
2026-04-30T02:00,13.0,183,225,13.9,6.4
2026-04-30T03:00,10.8,195,247,10.0,4.1
2026-04-30T04:00,7.2,165,188,9.0,4.0
2026-04-30T05:00,15.5,156,163,11.6,6.6
2026-04-30T06:00,22.0,134,136,13.6,7.8
2026-04-30T07:00,29.2,159,160,17.1,12.5
2026-04-30T08:00,36.4,165,164,21.1,15.3
2026-04-30T09:00,36.7,166,166,21.9,16.1
2026-04-30T10:00,36.7,164,163,22.1,16.3
2026-04-30T11:00,36.4,165,165,24.2,17.5
2026-04-30T12:00,36.4,169,168,22.9,16.6
2026-04-30T13:00,35.6,165,165,23.3,16.6
2026-04-30T14:00,33.5,162,161,22.8,15.6
2026-04-30T15:00,29.5,160,158,20.3,11.2
2026-04-30T16:00,20.5,162,163,21.7,10.7
2026-04-30T17:00,20.2,167,170,22.6,11.3
2026-04-30T18:00,20.2,161,166,21.5,10.4
2026-04-30T19:00,18.0,163,173,20.7,9.2
2026-04-30T20:00,16.2,158,162,20.8,9.4
2026-04-30T21:00,16.9,163,171,21.7,10.4
2026-04-30T22:00,21.2,179,191,24.3,12.6
2026-04-30T23:00,24.5,165,162,26.5,14.4
2026-05-01T00:00,25.6,170,184,17.0,8.1
2026-05-01T01:00,13.3,167,243,9.0,2.4
2026-05-01T02:00,13.7,117,80,13.1,7.1
2026-05-01T03:00,19.4,143,151,20.3,11.1
2026-05-01T04:00,20.5,190,192,15.2,8.5
2026-05-01T05:00,19.8,200,203,13.4,9.8
2026-05-01T06:00,28.1,180,179,18.5,13.5
2026-05-01T07:00,28.8,141,140,15.9,11.2
2026-05-01T08:00,28.1,153,153,13.8,10.5
2026-05-01T09:00,26.3,166,166,13.0,9.8
2026-05-01T10:00,26.6,166,166,13.5,10.4
2026-05-01T11:00,27.0,164,164,13.8,10.7
2026-05-01T12:00,25.9,204,208,11.6,8.9
2026-05-01T13:00,22.0,202,203,12.2,9.2
2026-05-01T14:00,20.9,172,174,15.1,10.5
2026-05-01T15:00,21.2,161,162,18.9,9.8
2026-05-01T16:00,17.6,169,175,20.2,10.3
2026-05-01T17:00,18.4,166,176,18.7,8.5
2026-05-01T18:00,14.4,170,184,17.5,7.4
2026-05-01T19:00,12.2,178,206,14.1,5.4
2026-05-01T20:00,11.2,184,210,15.2,6.9
2026-05-01T21:00,13.3,190,210,16.6,7.9
2026-05-01T22:00,15.1,193,209,18.1,8.9
2026-05-01T23:00,15.5,194,208,17.5,8.4
2026-05-02T00:00,14.4,195,207,18.3,9.1
2026-05-02T01:00,16.2,192,200,18.4,8.8
2026-05-02T02:00,16.9,190,196,19.2,9.6
2026-05-02T03:00,16.9,194,211,16.7,8.4
2026-05-02T04:00,18.7,206,216,20.0,10.8
2026-05-02T05:00,25.9,206,204,18.6,13.6
2026-05-02T06:00,27.4,197,197,19.2,13.2
2026-05-02T07:00,28.4,188,190,15.6,11.5
2026-05-02T08:00,29.9,170,170,17.9,13.5
2026-05-02T09:00,29.5,134,129,17.4,12.0
2026-05-02T10:00,27.4,166,166,16.9,12.6
2026-05-02T11:00,31.7,162,161,19.9,14.7
2026-05-02T12:00,33.1,153,155,24.3,15.5
2026-05-02T13:00,33.5,163,165,18.7,13.4
2026-05-02T14:00,32.8,159,161,19.4,12.6
2026-05-02T15:00,23.8,169,177,15.4,9.2
2026-05-02T16:00,16.6,166,174,17.1,8.3
2026-05-02T17:00,15.1,157,164,18.7,9.2
2026-05-02T18:00,17.6,160,163,19.1,9.4
2026-05-02T19:00,15.5,168,181,17.3,7.9
2026-05-02T20:00,14.0,159,155,16.6,7.3
2026-05-02T21:00,19.8,153,166,19.2,9.6
2026-05-02T22:00,18.7,141,135,18.9,10.7
2026-05-02T23:00,18.4,195,209,14.7,7.8
2026-05-03T00:00,17.3,189,203,15.7,8.6
2026-05-03T01:00,15.8,191,202,14.5,7.2
2026-05-03T02:00,14.0,189,197,14.9,7.9
2026-05-03T03:00,16.6,190,192,16.1,8.8
2026-05-03T04:00,15.5,204,207,15.3,8.3
2026-05-03T05:00,21.6,199,207,16.4,11.3
2026-05-03T06:00,24.5,185,187,8.3,5.8
2026-05-03T07:00,26.3,177,180,14.2,10.6
2026-05-03T08:00,31.3,156,156,18.0,13.2
2026-05-03T09:00,31.7,169,170,17.4,13.0
2026-05-03T10:00,32.0,168,169,13.4,10.1
2026-05-03T11:00,31.7,175,177,16.8,12.6
2026-05-03T12:00,31.3,160,156,14.0,10.8
2026-05-03T13:00,29.2,148,148,18.5,13.2
2026-05-03T14:00,28.1,154,156,18.4,12.4
2026-05-03T15:00,22.7,164,171,15.2,8.4
2026-05-03T16:00,18.0,173,176,19.4,10.1
2026-05-03T17:00,17.3,175,181,17.9,8.1
2026-05-03T18:00,14.0,173,182,18.7,8.8
2026-05-03T19:00,15.8,169,177,17.8,8.1
2026-05-03T20:00,22.0,164,167,23.9,12.7
2026-05-03T21:00,22.0,172,179,23.1,12.1
2026-05-03T22:00,21.6,171,174,23.0,12.5
2026-05-03T23:00,24.1,178,182,23.2,12.4
2026-05-04T00:00,22.0,174,181,15.2,7.2
2026-05-04T01:00,14.4,169,171,15.7,7.1
2026-05-04T02:00,16.6,179,188,19.6,9.8
2026-05-04T03:00,19.1,168,179,17.1,7.4
2026-05-04T04:00,16.2,184,197,17.7,9.8
2026-05-04T05:00,22.0,195,200,17.1,10.9
2026-05-04T06:00,26.3,192,192,12.9,9.2
2026-05-04T07:00,28.8,170,170,16.1,11.9
2026-05-04T08:00,35.6,161,159,18.9,14.1
2026-05-04T09:00,34.6,165,165,20.3,14.9
2026-05-04T10:00,36.7,158,157,21.8,16.2
2026-05-04T11:00,35.3,157,157,22.8,16.6
2026-05-04T12:00,36.0,165,165,22.4,16.2
2026-05-04T13:00,33.8,161,163,24.6,17.4
2026-05-04T14:00,34.2,160,162,24.3,16.1
2026-05-04T15:00,30.2,150,149,19.0,11.3
2026-05-04T16:00,24.1,145,144,23.6,13.6
2026-05-04T17:00,23.4,175,173,19.9,11.1
2026-05-04T18:00,23.0,170,173,23.7,12.7
2026-05-04T19:00,22.0,181,187,18.5,10.0
2026-05-04T20:00,17.3,172,178,14.7,6.5
2026-05-04T21:00,14.0,165,177,16.2,7.4
2026-05-04T22:00,13.0,152,156,15.1,7.1
2026-05-04T23:00,13.7,160,173,17.1,7.6
2026-05-05T00:00,14.8,162,189,12.0,6.0
2026-05-05T01:00,10.8,163,192,13.2,6.8
2026-05-05T02:00,15.8,164,179,16.7,7.7
2026-05-05T03:00,13.3,174,191,15.6,7.7
2026-05-05T04:00,15.1,190,206,17.0,9.2
2026-05-05T05:00,17.6,191,201,15.4,8.7
2026-05-05T06:00,23.4,171,173,14.4,10.3
2026-05-05T07:00,26.6,172,173,14.4,10.7
2026-05-05T08:00,27.4,167,168,13.3,10.1
2026-05-05T09:00,27.4,160,161,13.8,10.6
2026-05-05T10:00,26.6,156,156,15.4,11.8
2026-05-05T11:00,27.7,152,153,16.7,12.5
2026-05-05T12:00,28.8,152,151,16.8,12.6
2026-05-05T13:00,28.1,156,155,18.4,13.5
2026-05-05T14:00,27.7,154,155,18.8,13.0
2026-05-05T15:00,25.2,158,159,17.3,8.9
2026-05-05T16:00,15.5,163,169,17.4,7.3
2026-05-05T17:00,12.2,159,168,16.7,6.2
2026-05-05T18:00,10.4,155,163,17.1,6.9
2026-05-05T19:00,13.0,153,163,17.8,7.3
2026-05-05T20:00,12.2,155,170,15.9,6.0
2026-05-05T21:00,10.4,165,187,15.6,6.3
2026-05-05T22:00,10.8,172,198,15.3,6.4
2026-05-05T23:00,11.2,178,202,15.3,6.8
2026-05-06T00:00,12.2,176,215,12.1,5.7
2026-05-06T01:00,10.1,188,229,11.8,6.0
2026-05-06T02:00,12.6,203,227,14.8,7.6
2026-05-06T03:00,13.0,205,220,15.7,7.3
2026-05-06T04:00,13.7,205,221,14.7,8.2
2026-05-06T05:00,16.2,202,209,15.3,7.4
2026-05-06T06:00,23.4,163,162,15.2,11.2
2026-05-06T07:00,29.9,145,146,20.0,14.5
2026-05-06T08:00,29.9,135,136,15.9,11.7
2026-05-06T09:00,28.1,119,119,17.7,13.6
2026-05-06T10:00,29.9,132,134,15.4,11.2
2026-05-06T11:00,27.7,117,119,17.0,12.7
2026-05-06T12:00,28.4,133,133,22.7,16.3
2026-05-06T13:00,33.8,144,145,21.9,15.8
2026-05-06T14:00,32.0,152,153,20.1,13.8
2026-05-06T15:00,25.9,140,142,15.5,8.5
2026-05-06T16:00,16.6,137,140,18.1,9.6
2026-05-06T17:00,17.6,129,131,14.2,7.1
2026-05-06T18:00,12.2,130,144,12.5,4.9
2026-05-06T19:00,8.3,128,135,12.8,4.8
2026-05-06T20:00,7.9,138,159,12.1,4.0
2026-05-06T21:00,6.5,144,180,10.4,3.6
2026-05-06T22:00,5.0,135,209,7.9,1.9
2026-05-06T23:00,2.9,140,256,4.5,1.5
2026-05-07T00:00,7.2,146,194,10.4,3.7
2026-05-07T01:00,9.4,162,202,11.7,5.8
2026-05-07T02:00,11.5,183,213,13.0,6.9
2026-05-07T03:00,12.2,186,205,13.6,7.2
2026-05-07T04:00,13.3,201,227,12.4,7.9
2026-05-07T05:00,13.7,189,210,11.7,6.1
2026-05-07T06:00,19.4,169,171,7.5,5.7
2026-05-07T07:00,22.7,137,136,10.3,8.0
2026-05-07T08:00,23.8,130,129,13.2,10.2
2026-05-07T09:00,25.2,133,137,13.9,9.6
2026-05-07T10:00,23.4,127,126,13.0,10.0
2026-05-07T11:00,25.9,118,121,19.2,12.2
2026-05-07T12:00,25.6,111,113,7.1,4.7
2026-05-07T13:00,15.5,99,101,8.4,6.6
2026-05-07T14:00,23.8,132,137,16.7,10.6
2026-05-07T15:00,20.5,134,154,9.9,5.0
2026-05-07T16:00,12.6,151,169,14.4,7.5
2026-05-07T17:00,13.0,156,167,15.2,6.6
2026-05-07T18:00,10.8,167,183,15.3,7.6
2026-05-07T19:00,15.8,172,181,17.5,9.2
2026-05-07T20:00,15.5,176,203,14.4,7.0
2026-05-07T21:00,11.9,194,229,12.0,7.1
2026-05-07T22:00,15.5,201,220,15.8,9.2
2026-05-07T23:00,15.8,206,229,14.2,8.2
2026-05-08T00:00,14.0,138,152,19.5,9.7
2026-05-08T01:00,19.1,164,177,20.2,11.0
2026-05-08T02:00,18.0,160,180,17.2,8.5
2026-05-08T03:00,13.3,169,200,13.6,6.7
2026-05-08T04:00,10.8,156,190,13.4,6.2
2026-05-08T05:00,13.3,152,180,14.0,6.1
2026-05-08T06:00,20.9,162,168,9.1,6.1
2026-05-08T07:00,24.1,145,147,16.2,11.6
2026-05-08T08:00,29.2,149,149,18.5,13.6
2026-05-08T09:00,32.0,148,148,20.4,15.0
2026-05-08T10:00,32.8,146,146,21.1,15.6
2026-05-08T11:00,32.8,143,144,21.1,15.3
2026-05-08T12:00,32.4,143,145,18.9,13.7
2026-05-08T13:00,29.5,141,142,20.6,14.8
2026-05-08T14:00,29.9,140,142,20.1,13.3
2026-05-08T15:00,25.6,141,140,20.0,10.3
2026-05-08T16:00,19.1,140,140,22.2,10.7
2026-05-08T17:00,18.7,140,141,21.6,10.0
2026-05-08T18:00,17.3,145,152,18.6,7.6
2026-05-08T19:00,12.6,147,162,15.9,5.3
2026-05-08T20:00,8.6,150,166,15.7,5.2
2026-05-08T21:00,7.9,150,172,14.4,5.1
2026-05-08T22:00,8.3,152,174,14.4,5.2
2026-05-08T23:00,8.3,163,193,12.8,5.0
2026-05-09T00:00,13.3,154,163,21.2,10.2
2026-05-09T01:00,20.5,153,155,21.1,11.8
2026-05-09T02:00,20.5,176,185,19.1,9.9
2026-05-09T03:00,17.6,184,193,17.3,8.7
2026-05-09T04:00,26.3,184,191,23.5,13.6
2026-05-09T05:00,27.4,183,189,21.1,12.6
2026-05-09T06:00,30.2,165,164,23.7,16.8
2026-05-09T07:00,33.8,162,163,17.6,12.8
2026-05-09T08:00,32.4,160,161,18.6,13.9
2026-05-09T09:00,34.9,153,153,20.4,15.2
2026-05-09T10:00,34.9,156,155,15.2,10.7
2026-05-09T11:00,36.7,140,140,25.5,18.4
2026-05-09T12:00,37.1,149,149,15.6,10.9
2026-05-09T13:00,29.5,142,142,18.1,13.3
2026-05-09T14:00,29.9,143,144,19.9,13.1
2026-05-09T15:00,24.1,149,152,16.5,8.9
2026-05-09T16:00,15.8,141,146,14.6,5.8
2026-05-09T17:00,9.4,128,130,13.2,4.2
2026-05-09T18:00,5.8,142,177,11.7,3.1
2026-05-09T19:00,7.6,163,204,13.2,4.9
2026-05-09T20:00,9.7,170,206,13.9,5.8
2026-05-09T21:00,11.2,182,218,13.7,6.7
2026-05-09T22:00,12.2,191,222,14.1,7.3
2026-05-09T23:00,12.6,195,225,14.1,7.4
2026-05-10T00:00,12.6,182,208,17.1,8.5
2026-05-10T01:00,16.2,200,222,18.8,9.7
2026-05-10T02:00,19.8,213,225,22.2,11.5
2026-05-10T03:00,22.0,214,218,24.0,12.3
2026-05-10T04:00,22.0,211,213,21.0,11.3
2026-05-10T05:00,20.2,212,214,15.8,9.3
2026-05-10T06:00,27.0,193,190,17.2,12.4
2026-05-10T07:00,29.9,168,168,19.3,14.2
2026-05-10T08:00,32.0,158,156,20.3,14.7
2026-05-10T09:00,32.0,157,154,18.0,13.4
2026-05-10T10:00,30.6,167,170,15.5,11.5
2026-05-10T11:00,29.2,174,175,13.4,9.9
2026-05-10T12:00,25.9,159,159,14.1,10.2
2026-05-10T13:00,23.8,158,159,15.9,11.4
2026-05-10T14:00,23.0,152,153,15.9,10.9
2026-05-10T15:00,20.9,160,163,16.3,9.4
2026-05-10T16:00,16.2,160,168,17.1,8.6
2026-05-10T17:00,19.1,159,163,19.7,10.7
2026-05-10T18:00,20.2,175,184,20.2,10.5
2026-05-10T19:00,19.8,170,178,21.8,11.2
2026-05-10T20:00,19.4,163,172,22.0,11.1
2026-05-10T21:00,20.5,172,181,19.2,9.4
2026-05-10T22:00,16.2,179,186,17.6,8.3
2026-05-10T23:00,15.8,169,170,17.3,8.4
2026-05-11T00:00,14.4,174,190,14.7,8.0
2026-05-11T01:00,15.5,180,189,14.9,7.7
2026-05-11T02:00,14.8,173,181,13.2,7.2
2026-05-11T03:00,12.6,196,204,12.0,6.7
2026-05-11T04:00,12.6,200,209,11.9,7.0
2026-05-11T05:00,20.2,194,196,12.2,9.3
2026-05-11T06:00,20.9,168,170,18.9,13.5
2026-05-11T07:00,26.6,152,154,12.9,9.4
2026-05-11T08:00,30.2,148,150,17.1,12.7
2026-05-11T09:00,30.2,159,162,14.5,10.8
2026-05-11T10:00,29.2,158,161,13.7,10.5
2026-05-11T11:00,30.2,154,155,15.5,11.8
2026-05-11T12:00,26.6,145,145,14.5,11.0
2026-05-11T13:00,24.1,155,154,12.7,9.6
2026-05-11T14:00,20.2,151,151,12.3,8.9
2026-05-11T15:00,17.3,146,146,15.7,8.3
2026-05-11T16:00,14.8,146,146,17.1,8.0
2026-05-11T17:00,13.7,151,154,16.1,7.0
2026-05-11T18:00,11.9,153,160,17.0,7.3
2026-05-11T19:00,13.0,149,156,18.4,7.7
2026-05-11T20:00,12.6,149,161,16.9,6.5
2026-05-11T21:00,10.8,150,166,15.0,5.2
2026-05-11T22:00,8.3,157,187,13.1,4.5
2026-05-11T23:00,7.9,165,205,12.1,4.8
2026-05-12T00:00,7.9,195,224,11.9,6.0
2026-05-12T01:00,10.1,195,217,12.5,6.0
2026-05-12T02:00,10.8,203,224,13.3,6.5
2026-05-12T03:00,11.2,208,228,13.3,6.5
2026-05-12T04:00,11.9,218,231,12.8,7.7
2026-05-12T05:00,14.8,227,230,14.5,6.8
2026-05-12T06:00,22.0,210,214,7.5,5.8
2026-05-12T07:00,18.0,179,182,8.5,6.5
2026-05-12T08:00,20.2,160,162,10.0,7.7
2026-05-12T09:00,22.0,154,156,11.4,8.7
2026-05-12T10:00,23.0,144,145,12.4,9.4
2026-05-12T11:00,23.4,141,142,12.4,9.6
2026-05-12T12:00,24.5,144,145,13.8,10.6
2026-05-12T13:00,23.8,143,143,14.8,11.1
2026-05-12T14:00,23.8,142,141,16.0,11.3
2026-05-12T15:00,21.6,144,145,17.4,9.2
2026-05-12T16:00,16.2,144,148,19.2,8.9
2026-05-12T17:00,15.1,143,147,19.8,8.8
2026-05-12T18:00,14.8,136,135,21.3,9.7
2026-05-12T19:00,16.6,143,147,20.2,8.8
2026-05-12T20:00,14.8,149,158,18.6,7.6
2026-05-12T21:00,12.6,148,158,17.0,6.4
2026-05-12T22:00,10.1,146,161,15.0,5.0
2026-05-12T23:00,7.6,153,185,13.0,4.5
2026-05-13T00:00,7.2,152,178,13.0,4.9
2026-05-13T01:00,8.6,157,190,12.7,5.1
2026-05-13T02:00,9.0,167,202,12.4,5.2
2026-05-13T03:00,8.6,184,230,10.1,4.7
2026-05-13T04:00,10.8,204,235,10.5,7.5
2026-05-13T05:00,14.4,206,220,12.2,6.1
2026-05-13T06:00,20.9,160,162,10.1,7.6
2026-05-13T07:00,24.1,145,147,14.5,10.7
2026-05-13T08:00,27.4,146,147,16.3,12.2
2026-05-13T09:00,28.1,147,148,16.5,12.5
2026-05-13T10:00,29.2,145,146,17.3,13.0
2026-05-13T11:00,30.2,144,144,18.8,13.9
2026-05-13T12:00,31.7,144,145,17.9,13.3
2026-05-13T13:00,28.4,146,147,19.2,13.8
2026-05-13T14:00,27.7,142,143,19.1,12.9
2026-05-13T15:00,24.1,140,140,17.0,8.7
2026-05-13T16:00,15.1,140,141,16.2,6.5
2026-05-13T17:00,10.8,146,152,16.7,6.5
2026-05-13T18:00,11.9,146,155,18.2,7.3
2026-05-13T19:00,12.2,147,159,17.7,7.1
2026-05-13T20:00,11.9,150,165,16.5,6.2
2026-05-13T21:00,10.1,154,180,14.2,5.0
2026-05-13T22:00,9.0,171,212,12.8,5.5
2026-05-13T23:00,13.0,196,226,14.2,7.8
2026-05-14T00:00,14.8,208,232,14.5,8.5
2026-05-14T01:00,14.0,211,224,16.1,8.0
2026-05-14T02:00,14.0,203,208,17.4,8.1
2026-05-14T03:00,13.7,202,210,16.5,7.7
2026-05-14T04:00,14.4,210,218,16.7,8.9
2026-05-14T05:00,16.6,214,219,16.7,7.7
2026-05-14T06:00,23.8,191,191,13.6,10.1
2026-05-14T07:00,27.0,174,172,16.7,12.3
2026-05-14T08:00,28.1,168,168,15.9,12.0
2026-05-14T09:00,28.8,161,161,16.4,12.4
2026-05-14T10:00,29.9,156,155,17.8,13.3
2026-05-14T11:00,31.3,151,151,18.9,14.0
2026-05-14T12:00,31.3,153,153,21.0,14.9
2026-05-14T13:00,30.2,142,143,20.3,14.1
2026-05-14T14:00,28.8,149,151,21.5,14.3
2026-05-14T15:00,26.3,149,150,19.7,10.4
2026-05-14T16:00,18.4,154,157,20.8,10.0
2026-05-14T17:00,17.3,158,164,20.1,9.2
2026-05-14T18:00,16.2,152,158,21.3,9.9
2026-05-14T19:00,17.3,156,164,20.7,9.2
2026-05-14T20:00,15.5,161,175,20.0,8.7
2026-05-14T21:00,15.5,161,176,20.7,9.2
2026-05-14T22:00,15.5,159,172,19.9,8.7
2026-05-14T23:00,14.4,157,173,18.4,7.4
2026-05-15T00:00,13.0,157,182,16.8,6.3
2026-05-15T01:00,11.9,180,208,16.0,7.2
2026-05-15T02:00,14.8,202,226,16.7,8.8
2026-05-15T03:00,15.5,209,230,17.6,8.9
2026-05-15T04:00,18.4,205,211,20.5,10.9
2026-05-15T05:00,23.0,198,201,19.3,11.4
2026-05-15T06:00,24.1,203,205,14.4,10.3
2026-05-15T07:00,25.2,164,164,15.3,11.2
2026-05-15T08:00,31.0,158,160,19.3,14.2
2026-05-15T09:00,31.7,157,159,19.0,13.8
2026-05-15T10:00,33.5,153,154,22.2,16.4
2026-05-15T11:00,33.8,156,157,24.7,17.4
2026-05-15T12:00,35.3,145,147,28.0,19.6
2026-05-15T13:00,38.5,147,148,28.1,19.5
2026-05-15T14:00,38.2,149,149,24.8,16.0
2026-05-15T15:00,30.2,158,160,22.2,12.8
2026-05-15T16:00,22.7,167,172,21.0,11.6
2026-05-15T17:00,22.0,191,197,22.2,12.0
2026-05-15T18:00,21.2,201,208,20.1,10.2
2026-05-15T19:00,17.6,203,212,18.6,9.4
2026-05-15T20:00,19.8,201,206,22.1,11.4
2026-05-15T21:00,22.0,200,203,24.1,12.5
2026-05-15T22:00,22.0,200,203,23.1,11.7
2026-05-15T23:00,20.5,201,205,21.4,10.7
2026-05-16T00:00,19.8,194,195,19.5,10.3
2026-05-16T01:00,19.1,198,201,19.9,10.8
2026-05-16T02:00,20.9,201,202,20.8,11.3
2026-05-16T03:00,22.3,201,201,22.1,12.4
2026-05-16T04:00,22.3,196,195,21.3,11.9
2026-05-16T05:00,25.9,200,201,17.7,11.7
2026-05-16T06:00,27.4,208,213,13.7,10.0
2026-05-16T07:00,23.4,177,176,12.1,8.8
2026-05-16T08:00,30.2,169,166,17.4,13.0
2026-05-16T09:00,30.2,174,177,16.8,12.4
2026-05-16T10:00,32.4,161,157,18.9,13.9
2026-05-16T11:00,32.0,181,188,14.8,10.5
2026-05-16T12:00,30.6,159,158,18.5,13.6
2026-05-16T13:00,30.2,173,177,16.9,11.9
2026-05-16T14:00,24.5,173,175,16.0,10.5
2026-05-16T15:00,18.7,204,212,17.4,10.2
2026-05-16T16:00,20.5,217,232,17.5,9.9
2026-05-16T17:00,16.9,192,210,18.6,9.1
2026-05-16T18:00,18.0,198,204,21.2,10.6
2026-05-16T19:00,20.5,191,197,23.1,11.8
2026-05-16T20:00,23.8,178,185,25.9,13.6
2026-05-16T21:00,24.1,176,183,23.6,12.4
2026-05-16T22:00,21.6,189,202,20.0,10.1
2026-05-16T23:00,17.6,193,211,19.2,9.8
2026-05-17T00:00,16.9,207,221,19.6,10.3
2026-05-17T01:00,19.1,198,207,22.1,11.1
2026-05-17T02:00,19.8,190,197,20.7,9.8
2026-05-17T03:00,16.6,197,213,15.2,6.2
2026-05-17T04:00,13.3,219,231,15.1,8.3
2026-05-17T05:00,17.3,216,216,19.7,9.1
2026-05-17T06:00,24.5,200,201,12.6,9.1
2026-05-17T07:00,25.2,167,168,14.4,10.7
2026-05-17T08:00,29.9,165,165,19.2,14.1
2026-05-17T09:00,33.8,168,168,20.4,14.9
2026-05-17T10:00,35.6,171,172,24.1,17.3
2026-05-17T11:00,36.0,166,167,23.7,17.2
2026-05-17T12:00,35.3,162,162,26.2,18.3
2026-05-17T13:00,36.7,161,161,26.1,17.9
2026-05-17T14:00,34.6,161,162,23.8,15.4
2026-05-17T15:00,28.4,162,163,21.8,11.7
2026-05-17T16:00,20.9,165,169,21.8,10.8
2026-05-17T17:00,19.1,168,175,20.8,9.4
2026-05-17T18:00,16.2,168,176,19.5,8.7
2026-05-17T19:00,14.4,162,169,18.7,7.9
2026-05-17T20:00,13.0,159,169,18.5,7.5
2026-05-17T21:00,12.6,162,176,17.8,7.4
2026-05-17T22:00,12.2,166,182,17.5,6.8
2026-05-17T23:00,11.2,171,193,16.4,6.5
2026-05-18T00:00,11.9,176,202,16.4,6.8
2026-05-18T01:00,12.2,181,208,16.4,7.3
2026-05-18T02:00,12.2,192,221,15.5,7.4
2026-05-18T03:00,13.0,200,222,16.5,7.8
2026-05-18T04:00,15.8,202,215,18.5,9.7
2026-05-18T05:00,18.0,204,213,20.6,9.0
2026-05-18T06:00,23.0,195,198,14.9,10.6
2026-05-18T07:00,26.3,180,182,16.2,12.1
2026-05-18T08:00,28.4,179,180,17.6,13.1
2026-05-18T09:00,29.5,179,179,18.5,13.7
2026-05-18T10:00,32.0,173,172,20.3,14.9
2026-05-18T11:00,32.0,171,170,21.0,15.4
2026-05-18T12:00,32.4,163,163,20.8,15.1
2026-05-18T13:00,31.3,159,159,21.7,15.4
2026-05-18T14:00,30.2,157,159,20.4,12.9
2026-05-18T15:00,24.1,150,151,21.1,11.3
2026-05-18T16:00,20.5,152,153,23.6,11.8
2026-05-18T17:00,20.5,153,153,22.7,10.9
2026-05-18T18:00,18.7,144,147,22.6,10.8
2026-05-18T19:00,18.4,141,143,21.6,9.6
2026-05-18T20:00,16.2,146,153,19.1,7.6
2026-05-18T21:00,12.6,147,160,15.6,5.4
2026-05-18T22:00,7.9,158,186,13.8,4.9
2026-05-18T23:00,9.0,170,202,13.9,5.2
2026-05-19T00:00,8.6,163,198,13.0,4.7
2026-05-19T01:00,9.0,168,199,13.6,5.5
2026-05-19T02:00,10.8,173,199,14.7,6.1
2026-05-19T03:00,9.7,186,226,11.2,5.0
2026-05-19T04:00,11.9,199,225,12.9,7.9
2026-05-19T05:00,15.5,198,213,14.7,6.9
2026-05-19T06:00,22.7,184,189,13.2,9.5
2026-05-19T07:00,28.4,172,173,17.3,12.5
2026-05-19T08:00,33.5,164,164,23.2,16.7
2026-05-19T09:00,37.1,167,167,23.1,16.6
2026-05-19T10:00,36.7,167,168,24.5,17.7
2026-05-19T11:00,37.1,166,166,25.2,18.2
2026-05-19T12:00,37.1,165,166,23.6,16.9
2026-05-19T13:00,34.2,165,165,24.0,16.8
2026-05-19T14:00,32.8,160,160,22.4,14.7
2026-05-19T15:00,27.4,157,159,23.6,13.1
2026-05-19T16:00,24.5,156,157,25.7,13.5
2026-05-19T17:00,23.8,158,160,23.3,11.3
2026-05-19T18:00,19.8,154,159,19.4,8.5
2026-05-19T19:00,14.4,154,160,19.2,8.3
2026-05-19T20:00,13.7,155,162,19.3,8.0
2026-05-19T21:00,13.3,156,166,18.7,7.6
2026-05-19T22:00,12.6,160,177,16.9,6.3
2026-05-19T23:00,10.8,171,197,15.9,6.2
2026-05-20T00:00,11.9,173,200,16.9,7.5
2026-05-20T01:00,13.3,177,197,18.0,7.9
2026-05-20T02:00,14.8,181,197,19.3,8.7
2026-05-20T03:00,15.1,193,207,18.8,8.7
2026-05-20T04:00,16.2,189,192,18.4,9.7
2026-05-20T05:00,23.0,200,201,16.7,11.4
2026-05-20T06:00,29.9,186,186,19.0,13.8
2026-05-20T07:00,31.0,185,185,21.1,15.2
2026-05-20T08:00,36.7,185,185,24.9,17.9
2026-05-20T09:00,38.9,180,180,26.6,19.1
2026-05-20T10:00,39.6,174,174,27.0,19.2
2026-05-20T11:00,40.3,167,165,27.9,19.9
2026-05-20T12:00,40.7,165,163,24.6,17.7
2026-05-20T13:00,36.4,161,160,25.9,18.0
2026-05-20T14:00,35.6,158,157,24.2,16.0
2026-05-20T15:00,30.2,161,161,23.6,13.0
2026-05-20T16:00,23.4,159,159,24.3,12.3
2026-05-20T17:00,21.6,159,162,23.0,10.8
2026-05-20T18:00,18.7,159,165,21.0,9.5
2026-05-20T19:00,15.8,166,176,19.1,8.1
2026-05-20T20:00,13.7,173,186,18.8,8.1
2026-05-20T21:00,13.7,176,193,17.9,7.2
2026-05-20T22:00,12.2,174,196,15.9,6.0
2026-05-20T23:00,9.7,168,203,13.2,4.5
2026-05-21T00:00,9.0,167,214,12.7,5.2
2026-05-21T01:00,9.0,173,216,12.9,5.1
2026-05-21T02:00,10.1,175,210,13.9,6.2
2026-05-21T03:00,13.0,191,218,15.6,8.0
2026-05-21T04:00,15.8,208,221,18.0,10.1
2026-05-21T05:00,19.1,210,216,21.9,9.1
2026-05-21T06:00,24.1,182,182,15.8,11.3
2026-05-21T07:00,30.6,170,169,20.1,14.7
2026-05-21T08:00,34.6,169,169,23.3,16.7
2026-05-21T09:00,34.9,176,176,24.2,17.3
2026-05-21T10:00,33.8,175,175,22.4,16.1
2026-05-21T11:00,34.6,168,167,22.5,16.2
2026-05-21T12:00,33.8,164,163,24.0,17.1
2026-05-21T13:00,34.9,162,161,23.1,16.2
2026-05-21T14:00,32.4,158,157,21.1,14.0
2026-05-21T15:00,25.6,155,155,20.1,10.1
2026-05-21T16:00,17.6,160,163,21.5,10.0
2026-05-21T17:00,16.9,163,168,20.9,9.4
2026-05-21T18:00,15.8,156,163,19.9,8.5
2026-05-21T19:00,14.8,161,166,19.2,8.3
2026-05-21T20:00,13.7,168,178,17.5,6.8
2026-05-21T21:00,11.2,169,187,16.1,6.0
2026-05-21T22:00,9.7,173,203,13.8,5.1
2026-05-21T23:00,9.7,182,219,13.0,5.8
2026-05-22T00:00,10.4,172,196,15.8,6.6
2026-05-22T01:00,11.5,174,197,16.6,6.9
2026-05-22T02:00,12.6,176,199,17.3,7.6
2026-05-22T03:00,14.0,186,205,17.7,8.4
2026-05-22T04:00,15.8,190,210,18.9,10.0
2026-05-22T05:00,19.1,197,215,20.8,9.2
2026-05-22T06:00,25.6,191,193,17.4,12.4
2026-05-22T07:00,32.8,167,168,22.0,15.8
2026-05-22T08:00,35.3,169,169,22.9,16.7
2026-05-22T09:00,35.3,173,173,22.8,16.7
2026-05-22T10:00,35.3,174,173,21.2,15.6
2026-05-22T11:00,33.1,171,169,20.4,15.0
2026-05-22T12:00,33.1,164,163,20.6,15.1
2026-05-22T13:00,32.8,155,155,22.9,16.3
2026-05-22T14:00,33.1,154,154,23.1,15.2
2026-05-22T15:00,28.8,149,150,22.7,11.9
2026-05-22T16:00,20.9,147,147,23.2,11.2
2026-05-22T17:00,19.4,151,151,23.9,11.3
2026-05-22T18:00,19.4,151,157,22.0,10.0
2026-05-22T19:00,16.9,151,155,20.9,9.1
2026-05-22T20:00,15.1,147,155,19.5,8.0
2026-05-22T21:00,13.0,150,162,18.9,7.6
2026-05-22T22:00,13.0,150,159,19.4,7.7
2026-05-22T23:00,12.6,154,168,18.8,7.6
2026-05-23T00:00,12.6,144,151,21.5,9.5
2026-05-23T01:00,15.8,147,155,21.1,8.9
2026-05-23T02:00,15.5,154,163,19.6,8.1
2026-05-23T03:00,13.3,162,174,17.8,7.1
2026-05-23T04:00,14.8,198,219,17.2,9.2
2026-05-23T05:00,18.4,201,209,16.9,8.6
2026-05-23T06:00,24.8,168,168,13.8,10.1
2026-05-23T07:00,26.6,153,153,14.7,11.1
2026-05-23T08:00,27.4,161,162,16.4,12.3
2026-05-23T09:00,31.3,160,160,17.8,13.4
2026-05-23T10:00,31.7,161,161,18.6,13.9
2026-05-23T11:00,31.7,159,159,17.7,13.3
2026-05-23T12:00,32.4,159,159,20.1,14.8
2026-05-23T13:00,29.9,161,162,20.2,14.3
2026-05-23T14:00,28.4,165,166,18.5,12.8
2026-05-23T15:00,24.1,168,172,18.4,9.8
2026-05-23T16:00,19.1,172,176,22.4,11.2
2026-05-23T17:00,20.5,172,174,23.8,11.8
2026-05-23T18:00,20.5,164,170,21.7,10.2
2026-05-23T19:00,17.3,169,180,19.2,8.5
2026-05-23T20:00,14.4,171,186,16.8,7.1
2026-05-23T21:00,11.5,169,192,14.9,5.9
2026-05-23T22:00,10.1,169,199,13.9,5.5
2026-05-23T23:00,9.0,171,206,13.1,5.4
2026-05-24T00:00,10.1,168,222,10.9,4.8
2026-05-24T01:00,9.4,175,222,11.6,5.4
2026-05-24T02:00,9.4,180,228,11.0,5.4
2026-05-24T03:00,10.1,191,237,10.8,6.0
2026-05-24T04:00,14.0,210,240,13.3,8.7
2026-05-24T05:00,15.1,210,232,13.7,6.4
2026-05-24T06:00,20.9,180,182,12.1,8.6
2026-05-24T07:00,24.8,168,171,13.4,9.9
2026-05-24T08:00,27.0,160,159,16.1,12.0
2026-05-24T09:00,31.7,161,161,18.8,14.1
2026-05-24T10:00,32.4,163,164,20.2,15.0
2026-05-24T11:00,34.9,159,160,22.6,16.5
2026-05-24T12:00,34.9,155,155,22.3,16.3
2026-05-24T13:00,33.8,153,153,22.0,15.7
2026-05-24T14:00,31.7,153,153,21.3,14.5
2026-05-24T15:00,27.7,155,157,19.1,10.3
2026-05-24T16:00,18.4,157,160,19.4,8.8
2026-05-24T17:00,16.6,153,155,20.5,9.5
2026-05-24T18:00,16.2,151,157,20.2,9.0
2026-05-24T19:00,15.1,150,155,20.3,8.9
2026-05-24T20:00,15.1,149,152,20.2,8.8
2026-05-24T21:00,15.8,147,152,21.0,9.2
2026-05-24T22:00,15.5,148,155,19.8,8.5
2026-05-24T23:00,14.0,150,164,19.6,8.3
2026-05-25T00:00,14.0,147,161,18.4,7.2
2026-05-25T01:00,12.2,151,167,18.4,7.2
2026-05-25T02:00,12.2,155,169,18.6,7.5
2026-05-25T03:00,12.6,163,182,17.5,6.8
2026-05-25T04:00,13.7,174,195,17.6,8.6
2026-05-25T05:00,16.6,178,192,15.1,7.9
2026-05-25T06:00,23.4,157,160,17.8,12.6
2026-05-25T07:00,31.0,156,157,20.5,14.8
2026-05-25T08:00,33.8,154,154,20.3,14.8
2026-05-25T09:00,36.7,166,167,23.7,17.2
2026-05-25T10:00,35.6,157,157,19.2,14.0
2026-05-25T11:00,34.9,152,152,22.9,16.7
2026-05-25T12:00,36.0,156,157,24.3,17.4
2026-05-25T13:00,35.3,156,156,23.8,16.7
2026-05-25T14:00,33.1,157,157,22.3,14.8
2026-05-25T15:00,27.7,162,164,21.3,11.4
2026-05-25T16:00,20.9,164,167,21.1,10.2
2026-05-25T17:00,18.0,164,170,20.6,9.5
2026-05-25T18:00,16.9,156,161,22.4,10.5
2026-05-25T19:00,20.2,151,155,24.2,11.8
2026-05-25T20:00,20.5,151,155,23.8,11.4
2026-05-25T21:00,19.4,155,160,22.9,10.7
2026-05-25T22:00,18.4,158,165,21.9,9.9
2026-05-25T23:00,16.6,159,166,20.5,8.9
2026-05-26T00:00,14.8,162,176,18.6,7.6
2026-05-26T01:00,12.6,171,190,17.7,7.3
2026-05-26T02:00,12.2,179,207,16.7,7.2
2026-05-26T03:00,13.0,190,217,16.1,7.5
2026-05-26T04:00,15.8,201,224,17.8,9.8
2026-05-26T05:00,17.3,200,222,17.2,7.5
2026-05-26T06:00,22.3,181,183,14.2,10.1
2026-05-26T07:00,25.6,155,154,16.7,12.0
2026-05-26T08:00,33.5,158,159,21.9,15.8
2026-05-26T09:00,36.4,165,164,22.6,16.5
2026-05-26T10:00,36.7,163,163,24.3,17.5
2026-05-26T11:00,40.7,154,154,28.3,20.2
2026-05-26T12:00,40.3,157,158,25.1,17.7
2026-05-26T13:00,34.9,160,161,24.1,16.9
2026-05-26T14:00,34.2,157,158,23.8,15.7
2026-05-26T15:00,29.9,163,165,20.5,11.4
2026-05-26T16:00,20.2,166,173,20.0,9.8
2026-05-26T17:00,17.6,166,172,20.7,10.0
2026-05-26T18:00,17.6,157,163,20.7,10.1
2026-05-26T19:00,17.3,155,161,20.1,9.3
2026-05-26T20:00,15.8,153,158,20.0,9.0
2026-05-26T21:00,16.6,153,159,21.1,9.6
2026-05-26T22:00,16.2,158,168,20.0,8.8
2026-05-26T23:00,14.8,159,169,18.4,7.7
2026-05-27T00:00,13.0,155,167,17.3,6.5
2026-05-27T01:00,12.6,158,171,18.5,7.7
2026-05-27T02:00,14.4,163,177,18.6,7.9
2026-05-27T03:00,13.3,176,198,17.1,7.7
2026-05-27T04:00,15.5,192,204,17.5,9.3
2026-05-27T05:00,17.6,190,193,14.4,8.5
2026-05-27T06:00,23.4,185,188,18.3,13.1
2026-05-27T07:00,34.2,175,176,21.0,15.2
2026-05-27T08:00,34.6,182,182,20.7,15.3
2026-05-27T09:00,35.6,165,163,19.9,14.5
2026-05-27T10:00,37.4,170,172,22.9,16.2
2026-05-27T11:00,40.7,168,168,28.1,20.1
2026-05-27T12:00,40.3,164,163,23.6,17.0
2026-05-27T13:00,35.3,159,159,23.6,16.7
2026-05-27T14:00,33.5,158,157,22.1,15.0
2026-05-27T15:00,28.8,160,160,20.1,11.1
2026-05-27T16:00,19.8,163,165,21.5,11.2
2026-05-27T17:00,19.4,169,173,21.6,10.7
2026-05-27T18:00,19.1,156,162,21.4,11.4
2026-05-27T19:00,21.2,153,156,22.5,11.8
2026-05-27T20:00,23.8,154,155,24.7,13.3
2026-05-27T21:00,24.1,153,156,23.7,12.4
2026-05-27T22:00,22.0,155,163,22.0,10.5
2026-05-27T23:00,19.1,161,169,22.7,11.0
2026-05-28T00:00,19.1,159,166,22.3,11.1
2026-05-28T01:00,19.1,166,174,20.6,9.6
2026-05-28T02:00,17.3,164,174,22.1,10.5
2026-05-28T03:00,18.7,176,189,19.3,8.8
2026-05-28T04:00,17.3,184,194,19.3,10.0
2026-05-28T05:00,19.1,194,209,17.4,9.4
2026-05-28T06:00,26.3,176,179,20.6,14.4
2026-05-28T07:00,33.8,175,177,23.3,16.6
2026-05-28T08:00,37.4,171,172,24.6,17.6
2026-05-28T09:00,38.9,164,164,26.0,18.6
2026-05-28T10:00,40.3,157,157,28.1,20.0
2026-05-28T11:00,40.3,162,163,27.8,19.6
2026-05-28T12:00,41.4,152,153,28.6,20.0
2026-05-28T13:00,40.0,151,151,28.8,19.9
2026-05-28T14:00,38.9,154,155,26.2,17.1
2026-05-28T15:00,31.7,160,164,24.0,13.3
2026-05-28T16:00,23.8,163,167,23.7,12.6
2026-05-28T17:00,22.3,166,171,22.2,11.1
2026-05-28T18:00,20.5,157,161,21.1,10.5
2026-05-28T19:00,19.4,154,158,22.3,11.2
2026-05-28T20:00,21.2,156,161,23.7,12.0
2026-05-28T21:00,22.0,159,166,24.1,12.3
2026-05-28T22:00,22.7,161,167,24.8,12.9
2026-05-28T23:00,22.7,162,166,24.2,12.2
2026-05-29T00:00,22.0,159,171,19.8,8.9
2026-05-29T01:00,15.1,163,179,19.0,8.3
2026-05-29T02:00,14.0,174,194,18.1,8.0
2026-05-29T03:00,13.3,167,177,16.2,6.7
2026-05-29T04:00,13.3,178,204,16.2,8.5
2026-05-29T05:00,16.9,190,215,15.2,7.9
2026-05-29T06:00,18.7,190,196,13.0,9.2
2026-05-29T07:00,32.8,162,163,22.9,16.4
2026-05-29T08:00,37.4,160,160,25.5,18.3
2026-05-29T09:00,39.6,159,159,26.6,19.3
2026-05-29T10:00,40.0,159,159,26.6,19.1
2026-05-29T11:00,40.0,158,158,25.9,18.7
2026-05-29T12:00,38.9,149,150,26.5,18.6
2026-05-29T13:00,36.4,150,150,24.4,16.8
2026-05-29T14:00,32.8,154,155,21.8,14.3
2026-05-29T15:00,27.0,150,150,22.5,13.1
2026-05-29T16:00,23.8,152,152,22.0,12.0
2026-05-29T17:00,21.6,152,149,21.9,11.5
2026-05-29T18:00,21.6,149,153,21.4,11.1
2026-05-29T19:00,20.2,149,151,22.1,11.5
2026-05-29T20:00,21.2,153,158,22.8,11.9
2026-05-29T21:00,20.9,155,160,21.2,9.8
2026-05-29T22:00,19.1,165,173,22.6,11.1
2026-05-29T23:00,20.2,174,182,21.0,10.3
2026-05-30T00:00,18.0,168,186,19.2,8.7
2026-05-30T01:00,14.4,165,183,18.3,7.7
2026-05-30T02:00,13.0,162,183,16.7,6.5
2026-05-30T03:00,10.8,171,201,15.3,6.6
2026-05-30T04:00,14.8,190,218,16.1,9.1
2026-05-30T05:00,19.1,216,228,16.0,9.4
2026-05-30T06:00,22.0,192,198,12.5,9.1
2026-05-30T07:00,29.9,157,158,16.4,12.0
2026-05-30T08:00,32.0,170,172,16.6,12.4
2026-05-30T09:00,34.6,156,155,17.5,12.9
2026-05-30T10:00,32.8,158,158,19.5,14.2
2026-05-30T11:00,37.1,152,153,25.5,18.4
2026-05-30T12:00,40.0,161,164,19.2,13.5
2026-05-30T13:00,31.3,151,153,23.3,16.1
2026-05-30T14:00,32.0,148,148,23.1,14.4
2026-05-30T15:00,26.3,152,155,20.4,10.5
2026-05-30T16:00,18.7,150,153,19.3,9.3
2026-05-30T17:00,16.2,153,157,19.4,9.2
2026-05-30T18:00,15.8,176,194,18.0,8.7
2026-05-30T19:00,17.6,163,171,20.6,10.6
2026-05-30T20:00,17.6,166,177,21.5,10.3
2026-05-30T21:00,17.3,157,167,21.3,9.8
2026-05-30T22:00,16.2,150,152,17.9,7.2
2026-05-30T23:00,14.0,172,190,20.7,9.3
2026-05-31T00:00,15.5,178,214,12.4,4.8
2026-05-31T01:00,15.1,192,222,17.1,9.2
2026-05-31T02:00,16.2,188,220,16.7,7.3
2026-05-31T03:00,12.6,192,222,17.1,7.0
2026-05-31T04:00,16.2,196,219,19.1,10.2
2026-05-31T05:00,19.8,199,221,21.1,10.5
2026-05-31T06:00,23.0,200,209,14.2,9.7
2026-05-31T07:00,31.3,164,166,21.6,15.4
2026-05-31T08:00,38.9,159,160,26.5,19.0
2026-05-31T09:00,41.4,162,163,28.4,20.4
2026-05-31T10:00,43.2,164,164,29.6,21.1
2026-05-31T11:00,43.2,161,161,29.3,20.9
2026-05-31T12:00,42.5,159,160,26.3,18.6
2026-05-31T13:00,37.8,153,153,26.2,18.4
2026-05-31T14:00,36.4,152,153,25.2,16.7
2026-05-31T15:00,31.7,154,155,22.7,12.5
2026-05-31T16:00,22.3,161,165,21.9,11.2
2026-05-31T17:00,19.8,165,171,21.8,10.7
2026-05-31T18:00,19.1,157,162,23.5,11.9
2026-05-31T19:00,21.6,155,159,23.4,11.6
2026-05-31T20:00,20.2,158,164,22.9,11.2
2026-05-31T21:00,19.8,156,161,22.3,10.6
2026-05-31T22:00,18.7,159,167,22.3,10.5
2026-05-31T23:00,18.4,165,176,21.3,9.6
2026-06-01T00:00,16.6,172,187,19.3,8.7
2026-06-01T01:00,15.1,176,195,18.6,8.2
2026-06-01T02:00,14.4,178,200,18.9,8.6
2026-06-01T03:00,15.1,187,204,19.2,8.7
2026-06-01T04:00,17.6,200,216,19.7,10.7
2026-06-01T05:00,23.0,216,224,20.1,11.3
2026-06-01T06:00,27.7,197,202,16.8,11.9
2026-06-01T07:00,34.2,169,170,23.4,16.6
2026-06-01T08:00,37.1,170,169,24.1,17.2
2026-06-01T09:00,37.8,167,167,24.9,17.9
2026-06-01T10:00,41.4,166,166,28.1,20.0
2026-06-01T11:00,42.1,163,163,29.4,20.9
2026-06-01T12:00,42.8,158,159,27.8,19.7
2026-06-01T13:00,39.2,156,158,27.9,19.3
2026-06-01T14:00,37.4,157,158,26.0,17.0
2026-06-01T15:00,32.0,152,153,24.9,14.6
2026-06-01T16:00,27.4,136,134,25.2,14.5
2026-06-01T17:00,25.9,150,151,24.9,13.4
2026-06-01T18:00,23.4,133,120,16.4,7.5
2026-06-01T19:00,15.1,143,148,20.7,9.4
2026-06-01T20:00,31.7,139,138,26.3,13.6
2026-06-01T21:00,27.7,181,181,28.8,16.0
2026-06-01T22:00,29.2,168,189,17.7,8.2
2026-06-01T23:00,13.7,163,176,17.1,7.8
2026-06-02T00:00,15.8,165,173,12.7,5.8
2026-06-02T01:00,13.3,168,193,16.6,8.3
2026-06-02T02:00,16.2,169,184,16.7,7.4
2026-06-02T03:00,19.1,176,178,23.1,11.5
2026-06-02T04:00,22.0,171,177,23.3,12.3
2026-06-02T05:00,20.2,177,194,18.6,8.0
2026-06-02T06:00,20.9,161,161,17.9,12.4
2026-06-02T07:00,26.6,173,176,16.3,11.9
2026-06-02T08:00,32.0,156,153,17.4,12.3
2026-06-02T09:00,34.9,153,153,21.4,15.5
2026-06-02T10:00,35.3,152,153,20.9,14.8
2026-06-02T11:00,35.3,145,145,24.5,17.6
2026-06-02T12:00,35.3,150,152,18.1,12.5
2026-06-02T13:00,24.8,156,158,16.6,11.1
2026-06-02T14:00,26.3,150,152,20.0,12.0
2026-06-02T15:00,22.3,156,162,18.9,10.2
2026-06-02T16:00,18.4,155,161,20.3,10.3
2026-06-02T17:00,18.0,160,165,20.9,10.0
2026-06-02T18:00,19.8,170,175,22.1,11.4
2026-06-02T19:00,20.5,169,179,21.1,10.6
2026-06-02T20:00,22.0,176,185,23.4,12.5
2026-06-02T21:00,25.2,168,172,25.9,14.2
2026-06-02T22:00,25.2,165,170,20.1,10.1
2026-06-02T23:00,17.3,171,180,18.6,8.5
2026-06-03T00:00,19.4,181,193,18.4,9.3
2026-06-03T01:00,15.8,179,195,16.6,7.1
2026-06-03T02:00,14.8,191,208,17.4,8.4
2026-06-03T03:00,14.8,186,198,18.1,8.5
2026-06-03T04:00,16.9,191,206,19.4,10.2
2026-06-03T05:00,17.6,175,182,15.7,8.8
2026-06-03T06:00,27.0,157,157,17.2,11.9
2026-06-03T07:00,27.4,164,166,13.7,10.0
2026-06-03T08:00,33.1,172,175,18.6,13.2
2026-06-03T09:00,28.8,165,167,17.5,12.7
2026-06-03T10:00,33.8,153,154,20.1,15.1
2026-06-03T11:00,33.8,147,147,20.7,14.8
2026-06-03T12:00,34.6,137,137,23.6,16.9
2026-06-03T13:00,34.9,136,138,24.3,17.1
2026-06-03T14:00,33.8,137,138,22.0,14.7
2026-06-03T15:00,27.7,141,142,19.3,10.3
2026-06-03T16:00,18.0,144,149,17.9,8.0
2026-06-03T17:00,13.7,148,162,16.3,6.3
2026-06-03T18:00,10.4,132,151,14.3,4.8
2026-06-03T19:00,7.9,131,147,14.3,4.9
2026-06-03T20:00,10.8,135,151,15.8,6.8
2026-06-03T21:00,12.2,147,167,15.1,6.3
2026-06-03T22:00,10.1,151,182,12.3,4.5
2026-06-03T23:00,9.4,167,201,11.8,5.4
2026-06-04T00:00,11.5,190,217,13.5,7.2
2026-06-04T01:00,13.0,189,204,16.4,7.7
2026-06-04T02:00,13.0,185,191,14.8,6.6
2026-06-04T03:00,12.6,184,192,15.0,7.0
2026-06-04T04:00,12.6,197,209,14.5,8.1
2026-06-04T05:00,15.5,204,208,12.8,7.2
2026-06-04T06:00,22.7,187,189,13.2,9.9
2026-06-04T07:00,25.6,174,177,10.7,8.1
2026-06-04T08:00,25.6,146,149,11.0,8.4
2026-06-04T09:00,27.0,137,138,14.9,11.2
2026-06-04T10:00,29.9,136,139,15.4,11.7
2026-06-04T11:00,30.6,138,140,18.5,13.9
2026-06-04T12:00,31.7,134,134,22.7,16.3
2026-06-04T13:00,33.8,136,137,21.9,15.8
2026-06-04T14:00,32.0,142,142,20.0,13.9
2026-06-04T15:00,27.0,152,156,17.5,9.7
2026-06-04T16:00,16.9,166,180,16.3,7.4
2026-06-04T17:00,13.3,175,193,17.2,7.8
2026-06-04T18:00,13.3,166,194,14.8,5.9
2026-06-04T19:00,10.1,164,192,14.6,5.9
2026-06-04T20:00,9.7,163,192,14.3,6.1
2026-06-04T21:00,11.9,169,196,15.0,7.1
2026-06-04T22:00,12.6,172,205,13.4,6.4
2026-06-04T23:00,13.3,184,202,16.1,8.3
2026-06-05T00:00,15.8,179,199,14.9,7.8
2026-06-05T01:00,14.4,187,197,15.2,8.1
2026-06-05T02:00,14.0,194,208,14.8,8.1
2026-06-05T03:00,15.1,198,211,15.9,8.6
2026-06-05T04:00,14.4,203,215,15.4,9.0
2026-06-05T05:00,16.9,205,213,15.1,7.9
2026-06-05T06:00,23.0,189,189,10.4,7.7
2026-06-05T07:00,22.7,149,151,12.8,9.5
2026-06-05T08:00,26.6,130,131,16.4,12.0
2026-06-05T09:00,28.4,133,134,16.9,12.6
2026-06-05T10:00,29.5,135,137,17.4,13.1
2026-06-05T11:00,30.6,137,138,18.6,14.0
2026-06-05T12:00,31.3,131,131,16.2,12.2
2026-06-05T13:00,27.0,133,133,17.1,12.6
2026-06-05T14:00,27.0,138,139,15.8,11.2
2026-06-05T15:00,22.3,139,141,15.2,7.7
2026-06-05T16:00,13.3,140,143,15.6,6.3
2026-06-05T17:00,10.4,148,163,15.5,6.0
2026-06-05T18:00,10.1,141,163,14.7,5.1
2026-06-05T19:00,7.9,145,171,13.4,4.7
2026-06-05T20:00,6.8,152,187,12.0,4.4
2026-06-05T21:00,7.2,152,187,11.4,4.2
2026-06-05T22:00,7.6,158,198,11.6,4.6
2026-06-05T23:00,8.3,168,207,12.0,4.8
2026-06-06T00:00,8.3,168,225,9.4,4.8
2026-06-06T01:00,9.4,187,233,9.8,5.7
2026-06-06T02:00,11.9,205,236,12.6,7.1
2026-06-06T03:00,11.9,212,232,13.4,5.9
2026-06-06T04:00,11.2,206,219,14.2,7.7
2026-06-06T05:00,14.4,203,210,14.4,6.5
2026-06-06T06:00,23.0,171,174,13.3,9.6
2026-06-06T07:00,22.0,159,164,11.0,7.7
2026-06-06T08:00,24.8,137,137,13.6,10.3
2026-06-06T09:00,25.6,128,131,12.2,7.1
2026-06-06T10:00,20.9,151,157,9.0,6.9
2026-06-06T11:00,22.7,135,140,9.2,6.8
2026-06-06T12:00,25.6,103,102,15.5,10.5
2026-06-06T13:00,24.5,136,136,14.3,10.2
2026-06-06T14:00,23.0,140,140,9.4,7.0
2026-06-06T15:00,17.6,132,141,10.7,4.9
2026-06-06T16:00,8.3,156,204,9.3,3.5
2026-06-06T17:00,17.6,174,172,17.2,9.4
2026-06-06T18:00,17.3,163,198,12.1,5.9
2026-06-06T19:00,9.7,171,208,11.3,4.9
2026-06-06T20:00,7.9,188,234,8.6,4.2
2026-06-06T21:00,13.7,194,218,11.9,7.1
2026-06-06T22:00,12.2,203,230,10.2,5.6
2026-06-06T23:00,10.8,210,224,11.2,7.3
2026-06-07T00:00,11.5,164,209,7.7,4.8
2026-06-07T01:00,9.0,188,212,8.9,5.1
2026-06-07T02:00,9.0,195,221,8.4,5.0
2026-06-07T03:00,8.3,199,212,8.9,4.7
2026-06-07T04:00,9.7,202,208,10.5,6.5
2026-06-07T05:00,13.3,208,207,14.3,6.8
2026-06-07T06:00,20.2,184,185,8.5,6.3
2026-06-07T07:00,21.2,142,144,9.6,7.3
2026-06-07T08:00,24.1,142,147,10.0,7.7
2026-06-07T09:00,25.2,139,142,11.5,8.7
2026-06-07T10:00,25.2,141,144,12.3,9.4
2026-06-07T11:00,26.3,139,140,13.0,10.1
2026-06-07T12:00,27.0,127,128,13.2,10.0
2026-06-07T13:00,25.2,125,127,16.0,11.7
2026-06-07T14:00,24.5,129,131,15.1,10.7
2026-06-07T15:00,20.5,145,150,11.0,5.0
2026-06-07T16:00,8.3,158,194,9.3,3.7
2026-06-07T17:00,6.1,154,200,9.2,3.6
2026-06-07T18:00,5.4,100,225,7.3,0.8
2026-06-07T19:00,1.4,93,207,7.4,0.8
2026-06-07T20:00,2.5,126,209,6.2,1.9
2026-06-07T21:00,4.7,149,216,6.9,3.1
2026-06-07T22:00,5.8,156,219,7.9,3.5
2026-06-07T23:00,7.2,171,229,8.2,4.1
2026-06-08T00:00,7.6,164,220,8.4,4.7
2026-06-08T01:00,8.3,167,228,7.8,4.3
2026-06-08T02:00,8.6,177,224,7.9,5.0
2026-06-08T03:00,8.6,180,216,8.6,4.6
2026-06-08T04:00,7.6,179,221,7.7,5.5
2026-06-08T05:00,12.6,184,202,9.6,5.2
2026-06-08T06:00,16.6,178,184,6.8,5.4
2026-06-08T07:00,23.4,152,152,12.9,10.0
2026-06-08T08:00,23.8,167,169,13.5,10.1
2026-06-08T09:00,27.4,163,164,15.1,11.4
2026-06-08T10:00,27.7,155,155,15.5,11.7
2026-06-08T11:00,29.9,147,147,17.6,13.0
2026-06-08T12:00,28.8,137,137,17.6,13.1
2026-06-08T13:00,28.8,135,136,18.3,13.4
2026-06-08T14:00,27.7,138,138,16.6,11.6
2026-06-08T15:00,22.7,139,138,14.0,7.0
2026-06-08T16:00,11.9,138,144,14.3,5.8
2026-06-08T17:00,9.4,134,144,13.1,4.6
2026-06-08T18:00,7.2,130,145,12.1,4.4
2026-06-08T19:00,8.6,138,157,14.7,5.5
2026-06-08T20:00,9.0,150,174,14.9,5.6
2026-06-08T21:00,9.7,153,178,15.4,5.9
2026-06-08T22:00,10.4,153,177,15.8,6.1
2026-06-08T23:00,15.8,149,160,19.7,9.6
2026-06-09T00:00,15.8,158,190,14.1,6.2
2026-06-09T01:00,10.1,166,207,12.6,5.1
2026-06-09T02:00,8.6,164,215,11.6,4.4
2026-06-09T03:00,10.1,186,232,11.4,6.2
2026-06-09T04:00,11.5,187,231,12.0,7.4
2026-06-09T05:00,14.0,174,218,12.8,6.4
2026-06-09T06:00,18.0,164,173,11.4,7.8
2026-06-09T07:00,28.8,148,149,19.2,13.9
2026-06-09T08:00,32.0,147,148,20.4,15.0
2026-06-09T09:00,32.8,147,148,20.3,15.1
2026-06-09T10:00,34.2,148,148,21.5,15.8
2026-06-09T11:00,34.2,151,152,21.6,15.7
2026-06-09T12:00,33.5,144,145,20.0,14.7
2026-06-09T13:00,30.2,143,144,19.7,14.3
2026-06-09T14:00,28.8,142,143,18.6,12.1
2026-06-09T15:00,22.3,132,129,18.4,8.8
2026-06-09T16:00,16.2,135,131,20.9,9.6
2026-06-09T17:00,16.2,147,153,19.6,7.9
2026-06-09T18:00,14.0,135,143,17.7,6.6
2026-06-09T19:00,11.2,134,143,17.2,6.6
2026-06-09T20:00,10.8,133,151,15.2,5.2
2026-06-09T21:00,7.9,135,155,14.8,5.2
2026-06-09T22:00,9.7,141,159,16.5,6.2
2026-06-09T23:00,11.5,146,165,17.5,7.1
2026-06-10T00:00,11.9,140,157,17.6,6.9
2026-06-10T01:00,11.5,138,151,17.6,6.6
2026-06-10T02:00,14.4,145,154,20.3,9.0
2026-06-10T03:00,15.1,147,162,18.0,7.0
2026-06-10T04:00,11.9,159,185,16.6,7.6
2026-06-10T05:00,14.4,165,199,15.1,6.5
2026-06-10T06:00,25.2,133,135,17.3,12.2
2026-06-10T07:00,29.2,134,136,19.1,13.9
2026-06-10T08:00,31.7,139,140,19.9,14.7
2026-06-10T09:00,33.5,146,146,21.4,15.6
2026-06-10T10:00,35.6,145,145,23.1,16.8
2026-06-10T11:00,37.1,142,142,24.3,17.6
2026-06-10T12:00,36.7,139,139,20.0,14.5
2026-06-10T13:00,32.0,140,140,22.0,15.7
2026-06-10T14:00,32.4,142,142,23.3,15.8
2026-06-10T15:00,30.2,141,141,19.5,10.2
2026-06-10T16:00,18.0,148,149,20.5,9.7
2026-06-10T17:00,18.7,152,154,21.7,10.8
2026-06-10T18:00,19.1,139,154,21.6,10.2
2026-06-10T19:00,18.4,139,150,21.0,11.0
2026-06-10T20:00,18.7,136,150,22.0,11.9
2026-06-10T21:00,21.2,138,144,21.9,13.9
2026-06-10T22:00,20.2,141,153,20.7,12.7
2026-06-10T23:00,19.1,144,166,20.3,10.2
2026-06-11T00:00,19.1,146,155,19.7,8.5
2026-06-11T01:00,15.5,149,158,19.4,9.0
2026-06-11T02:00,16.6,162,172,22.2,10.4
2026-06-11T03:00,20.9,154,161,21.9,10.1
2026-06-11T04:00,16.9,166,186,18.4,8.7
2026-06-11T05:00,17.3,187,209,18.0,8.6
2026-06-11T06:00,28.1,160,163,22.4,15.8
2026-06-11T07:00,36.0,159,161,26.0,17.9
2026-06-11T08:00,40.0,158,159,27.4,19.5
2026-06-11T09:00,42.5,162,162,29.2,20.8
2026-06-11T10:00,43.2,160,161,29.6,21.2
2026-06-11T11:00,43.6,162,161,30.2,21.5
2026-06-11T12:00,43.2,163,163,27.6,19.6
2026-06-11T13:00,39.6,158,157,28.3,19.8
2026-06-11T14:00,38.5,159,159,28.1,18.4
2026-06-11T15:00,34.6,158,158,26.6,14.9
2026-06-11T16:00,27.0,157,158,27.6,14.8
2026-06-11T17:00,26.6,152,154,26.5,13.8
2026-06-11T18:00,24.8,150,154,24.4,12.6
2026-06-11T19:00,22.0,154,161,22.9,10.9
2026-06-11T20:00,18.4,159,166,21.8,9.8
2026-06-11T21:00,16.6,165,173,20.7,8.9
2026-06-11T22:00,14.8,171,182,20.4,8.8
2026-06-11T23:00,14.8,181,200,18.7,7.9
2026-06-12T00:00,14.8,166,182,20.6,8.6
2026-06-12T01:00,15.1,171,187,21.1,9.1
2026-06-12T02:00,16.2,186,204,20.8,9.8
2026-06-12T03:00,20.9,178,187,24.7,12.1
2026-06-12T04:00,22.0,213,217,23.2,12.6
2026-06-12T05:00,23.8,212,212,21.3,12.0
2026-06-12T06:00,29.5,200,201,17.5,12.3
2026-06-12T07:00,36.7,185,186,24.9,17.9
2026-06-12T08:00,38.2,182,183,26.5,18.7
2026-06-12T09:00,42.5,185,184,29.1,20.8
2026-06-12T10:00,42.8,187,186,27.4,19.6
2026-06-12T11:00,40.7,185,184,27.4,19.7
2026-06-12T12:00,40.0,175,174,26.6,19.2
2026-06-12T13:00,39.6,161,161,25.8,17.9
2026-06-12T14:00,35.3,161,160,25.3,16.6
2026-06-12T15:00,31.7,161,160,29.3,16.5
2026-06-12T16:00,31.7,161,161,31.0,17.5
2026-06-12T17:00,32.0,160,162,30.3,17.1
2026-06-12T18:00,31.3,153,155,28.4,16.3
2026-06-12T19:00,29.5,154,156,26.9,14.4
2026-06-12T20:00,25.9,154,155,27.0,14.5
2026-06-12T21:00,26.6,157,158,27.2,14.7
2026-06-12T22:00,27.0,158,159,26.1,13.8
2026-06-12T23:00,24.8,157,158,24.4,12.4
2026-06-13T00:00,22.3,150,151,24.8,13.6
2026-06-13T01:00,25.9,152,153,24.6,13.8
2026-06-13T02:00,24.8,160,161,24.7,12.8
2026-06-13T03:00,23.0,168,169,24.7,12.8
2026-06-13T04:00,22.7,173,177,21.8,11.0
2026-06-13T05:00,22.7,184,190,19.1,12.3
2026-06-13T06:00,30.2,182,184,17.5,12.5
2026-06-13T07:00,32.8,170,172,22.3,15.8
2026-06-13T08:00,35.6,163,163,23.7,17.1
2026-06-13T09:00,38.5,163,163,25.3,18.2
2026-06-13T10:00,40.7,161,161,27.3,19.6
2026-06-13T11:00,42.5,159,159,28.9,20.8
2026-06-13T12:00,43.2,162,163,27.1,19.2
2026-06-13T13:00,40.7,160,161,29.6,20.2
2026-06-13T14:00,39.6,160,160,25.5,17.2
2026-06-13T15:00,33.1,158,157,24.1,15.2
2026-06-13T16:00,27.7,156,156,24.7,14.4
2026-06-13T17:00,26.3,153,152,22.1,12.2
2026-06-13T18:00,22.3,145,146,22.2,12.4
2026-06-13T19:00,22.3,147,147,20.6,10.0
2026-06-13T20:00,17.6,151,156,22.2,10.1
2026-06-13T21:00,18.0,156,161,22.4,10.5
2026-06-13T22:00,19.8,157,160,22.3,11.1
2026-06-13T23:00,22.3,156,157,23.5,12.7
2026-06-14T00:00,22.7,150,155,21.9,9.9
2026-06-14T01:00,16.6,154,161,22.5,9.7
2026-06-14T02:00,16.6,158,168,22.1,9.7
2026-06-14T03:00,16.2,166,181,21.0,9.0
2026-06-14T04:00,15.1,180,202,19.4,9.3
2026-06-14T05:00,18.4,194,220,19.5,8.9
2026-06-14T06:00,25.2,180,184,17.1,12.3
2026-06-14T07:00,33.8,167,169,22.9,16.5
2026-06-14T08:00,37.8,164,164,25.2,18.1
2026-06-14T09:00,40.3,165,165,26.7,19.2
2026-06-14T10:00,41.0,162,162,27.2,19.7
2026-06-14T11:00,41.8,162,162,28.0,20.0
2026-06-14T12:00,41.4,160,160,27.5,19.8
2026-06-14T13:00,40.0,161,161,26.6,18.9
2026-06-14T14:00,37.8,161,160,24.4,16.6
2026-06-14T15:00,31.7,160,160,23.3,13.0
2026-06-14T16:00,23.8,166,170,23.9,12.4
2026-06-14T17:00,21.6,167,172,21.7,10.0
2026-06-14T18:00,17.3,154,161,21.2,9.5
2026-06-14T19:00,16.2,151,154,21.2,9.2
2026-06-14T20:00,15.5,152,158,21.3,9.1
2026-06-14T21:00,15.8,154,158,22.2,9.7
2026-06-14T22:00,16.9,154,161,23.0,10.3
2026-06-14T23:00,18.4,152,156,24.2,11.0
2026-06-15T00:00,19.8,156,165,21.7,9.3
2026-06-15T01:00,15.5,155,167,21.6,8.9
2026-06-15T02:00,14.8,159,177,19.8,7.6
2026-06-15T03:00,12.6,173,198,18.2,7.4
2026-06-15T04:00,15.8,199,224,17.7,9.8
2026-06-15T05:00,19.1,214,237,20.1,9.5
2026-06-15T06:00,25.9,210,212,15.6,11.1
2026-06-15T07:00,29.5,179,181,18.9,13.9
2026-06-15T08:00,36.0,169,170,23.3,17.0
2026-06-15T09:00,38.5,168,168,25.0,18.2
2026-06-15T10:00,38.5,166,164,24.9,18.1
2026-06-15T11:00,38.9,160,159,24.3,17.8
2026-06-15T12:00,37.4,157,155,21.7,15.7
2026-06-15T13:00,32.8,154,153,22.6,15.9
2026-06-15T14:00,32.8,155,154,23.0,15.9
2026-06-15T15:00,31.0,163,165,20.8,12.3
2026-06-15T16:00,22.0,163,169,20.3,10.1
2026-06-15T17:00,17.3,155,159,21.3,9.9
2026-06-15T18:00,16.6,149,158,20.5,9.1
2026-06-15T19:00,15.8,156,167,20.2,9.3
2026-06-15T20:00,15.5,157,167,19.1,8.3
2026-06-15T21:00,13.7,162,175,18.8,8.0
2026-06-15T22:00,15.1,164,179,20.6,9.2
2026-06-15T23:00,16.6,168,179,22.2,10.1
2026-06-16T00:00,20.5,161,171,21.9,10.4
2026-06-16T01:00,22.3,175,184,24.2,13.2
2026-06-16T02:00,22.7,175,181,25.5,13.0
2026-06-16T03:00,22.3,180,183,25.0,12.8
2026-06-16T04:00,24.1,179,184,26.1,14.4
2026-06-16T05:00,25.9,184,187,24.9,14.0
2026-06-16T06:00,27.7,191,192,23.1,13.5
2026-06-16T07:00,26.6,202,205,19.2,10.5
2026-06-16T08:00,19.1,214,226,17.1,8.8
2026-06-16T09:00,21.2,206,208,14.2,9.7
2026-06-16T10:00,31.7,195,196,17.6,12.9
2026-06-16T11:00,32.4,199,200,13.7,9.8
2026-06-16T12:00,24.8,182,181,12.8,8.8
2026-06-16T13:00,30.2,178,178,18.2,11.9
2026-06-16T14:00,27.4,221,233,10.5,5.4
2026-06-16T15:00,15.1,218,224,13.5,6.7
2026-06-16T16:00,10.8,199,195,11.4,4.1
2026-06-16T17:00,7.2,199,209,11.6,4.5
2026-06-16T18:00,7.6,151,118,7.4,3.1
2026-06-16T19:00,5.0,182,198,9.7,2.8
2026-06-16T20:00,9.0,199,219,14.1,5.8
2026-06-16T21:00,11.5,199,222,16.2,7.0
2026-06-16T22:00,11.9,193,214,17.4,7.1
2026-06-16T23:00,12.2,198,218,17.1,7.1
2026-06-17T00:00,13.3,191,209,19.1,9.3
2026-06-17T01:00,14.8,189,208,18.0,7.6
2026-06-17T02:00,12.6,185,210,17.4,7.5
2026-06-17T03:00,14.4,199,223,17.3,8.7
2026-06-17T04:00,17.6,211,224,20.2,10.6
2026-06-17T05:00,19.4,210,219,22.2,10.4
2026-06-17T06:00,23.0,201,203,17.1,10.4
2026-06-17T07:00,32.0,181,182,20.7,14.9
2026-06-17T08:00,34.9,181,184,19.6,14.4
2026-06-17T09:00,37.1,163,160,21.4,15.7
2026-06-17T10:00,37.8,165,164,21.1,15.6
2026-06-17T11:00,37.8,168,171,25.2,18.0
2026-06-17T12:00,36.4,166,166,28.8,20.4
2026-06-17T13:00,40.3,161,162,26.6,18.4
2026-06-17T14:00,36.4,160,161,25.8,17.3
2026-06-17T15:00,32.4,162,163,23.1,13.0
2026-06-17T16:00,23.4,163,167,24.0,12.6
2026-06-17T17:00,22.7,161,165,22.6,11.4
2026-06-17T18:00,20.2,151,154,22.2,10.6
2026-06-17T19:00,18.7,149,152,22.9,10.8
2026-06-17T20:00,18.4,147,150,22.5,9.8
2026-06-17T21:00,18.4,148,153,23.5,10.7
2026-06-17T22:00,18.4,147,156,21.9,9.3
2026-06-17T23:00,15.5,151,160,20.9,8.8
2026-06-18T00:00,15.1,163,175,20.3,8.5
2026-06-18T01:00,16.6,170,183,21.5,9.9
2026-06-18T02:00,17.6,179,191,21.6,10.1
2026-06-18T03:00,17.3,186,197,20.3,9.1
2026-06-18T04:00,16.9,174,182,19.9,9.5
2026-06-18T05:00,16.6,198,224,15.5,7.8
2026-06-18T06:00,23.0,198,203,14.3,10.3
2026-06-18T07:00,32.0,172,172,20.2,14.7
2026-06-18T08:00,38.2,165,165,26.9,19.2
2026-06-18T09:00,38.2,170,170,25.4,18.3
2026-06-18T10:00,42.5,161,161,27.5,19.8
2026-06-18T11:00,43.2,165,166,30.6,21.2
2026-06-18T12:00,42.1,151,150,29.7,20.7
2026-06-18T13:00,40.3,156,158,25.8,17.9
2026-06-18T14:00,36.0,153,154,25.8,17.2
2026-06-18T15:00,32.4,164,166,22.7,12.6
2026-06-18T16:00,22.7,167,169,22.6,11.7
2026-06-18T17:00,22.7,162,163,23.9,12.8
2026-06-18T18:00,23.8,150,150,25.3,14.2
2026-06-18T19:00,26.3,147,147,26.6,14.6
2026-06-18T20:00,28.4,150,151,27.9,15.8
2026-06-18T21:00,28.8,152,154,27.6,15.5
2026-06-18T22:00,28.1,153,155,26.5,13.7
2026-06-18T23:00,24.1,152,155,25.8,12.7
2026-06-19T00:00,22.3,146,149,24.0,11.4
2026-06-19T01:00,19.4,150,156,21.3,8.7
2026-06-19T02:00,14.0,154,166,21.2,8.2
2026-06-19T03:00,13.7,158,173,19.9,7.6
2026-06-19T04:00,12.6,169,191,17.8,7.7
2026-06-19T05:00,15.8,187,211,15.8,7.7
2026-06-19T06:00,23.0,169,173,17.6,12.3
2026-06-19T07:00,34.9,161,163,24.1,17.1
2026-06-19T08:00,37.8,165,166,25.1,18.4
2026-06-19T09:00,38.9,166,167,25.8,18.6
2026-06-19T10:00,39.2,169,171,26.5,19.1
2026-06-19T11:00,39.2,164,165,28.0,19.7
2026-06-19T12:00,39.6,157,157,29.5,20.9
2026-06-19T13:00,42.5,159,159,29.3,20.1
2026-06-19T14:00,38.9,163,164,23.6,15.9
2026-06-19T15:00,31.0,165,167,25.0,14.8
2026-06-19T16:00,28.1,160,161,25.3,14.1
2026-06-19T17:00,25.2,163,165,22.9,11.6
2026-06-19T18:00,20.2,162,169,22.9,10.6
2026-06-19T19:00,19.8,157,162,25.0,12.0
2026-06-19T20:00,22.3,154,157,26.4,13.1
2026-06-19T21:00,23.0,151,155,26.0,13.0
2026-06-19T22:00,23.0,153,154,26.6,13.2
2026-06-19T23:00,23.0,154,157,26.3,13.1
2026-06-20T00:00,23.0,147,150,25.4,12.5
2026-06-20T01:00,22.0,150,155,23.9,11.4
2026-06-20T02:00,19.8,159,167,23.8,11.1
2026-06-20T03:00,22.0,174,184,20.3,9.2
2026-06-20T04:00,17.6,206,225,18.4,9.2
2026-06-20T05:00,18.4,209,221,17.7,9.3
2026-06-20T06:00,23.4,207,210,14.9,10.6
2026-06-20T07:00,32.4,173,173,22.1,16.0
2026-06-20T08:00,36.7,167,166,25.1,18.2
2026-06-20T09:00,38.9,171,170,22.8,16.2
2026-06-20T10:00,43.2,168,166,28.4,20.4
2026-06-20T11:00,43.2,164,163,26.4,18.2
2026-06-20T12:00,44.6,163,162,32.2,22.1
2026-06-20T13:00,41.8,162,162,24.6,16.8
2026-06-20T14:00,33.8,160,161,24.2,14.3
2026-06-20T15:00,28.4,157,158,25.6,14.0
2026-06-20T16:00,23.8,158,160,25.3,12.8
2026-06-20T17:00,21.6,150,153,24.3,11.9
2026-06-20T18:00,20.2,151,155,22.9,10.3
2026-06-20T19:00,18.0,153,158,23.2,10.1
2026-06-20T20:00,16.6,154,163,23.2,10.0
2026-06-20T21:00,19.4,149,152,25.1,11.6
2026-06-20T22:00,21.6,153,158,25.8,12.4
2026-06-20T23:00,21.2,163,169,24.1,11.4
2026-06-21T00:00,19.8,156,161,25.3,12.6
2026-06-21T01:00,21.6,160,166,25.5,12.0
2026-06-21T02:00,23.0,163,167,27.2,13.3
2026-06-21T03:00,23.8,164,169,26.4,13.0
2026-06-21T04:00,23.4,172,179,23.8,12.1
2026-06-21T05:00,21.6,205,214,19.2,11.0
2026-06-21T06:00,27.4,214,215,18.9,13.3
2026-06-21T07:00,35.6,191,192,24.4,17.5
2026-06-21T08:00,40.0,180,181,27.9,19.8
2026-06-21T09:00,41.4,178,178,27.4,19.6
2026-06-21T10:00,40.7,176,175,25.3,18.2
2026-06-21T11:00,37.4,172,172,23.1,16.5
2026-06-21T12:00,36.4,159,157,24.2,17.6
2026-06-21T13:00,37.1,162,162,22.5,16.1
2026-06-21T14:00,33.1,162,162,19.0,12.9
2026-06-21T15:00,25.2,153,156,20.5,10.9
2026-06-21T16:00,19.4,156,159,22.7,10.8
2026-06-21T17:00,19.1,161,164,22.1,10.3
2026-06-21T18:00,17.6,166,173,21.5,9.8
2026-06-21T19:00,16.9,167,178,19.6,8.5
2026-06-21T20:00,14.0,174,189,18.3,8.0
2026-06-21T21:00,13.3,164,175,19.3,7.8
2026-06-21T22:00,14.8,166,178,21.0,9.0
2026-06-21T23:00,16.2,169,181,21.1,9.2
2026-06-22T00:00,15.1,173,188,19.9,8.9
2026-06-22T01:00,15.1,182,201,18.9,8.7
2026-06-22T02:00,16.6,195,211,19.6,9.7
2026-06-22T03:00,16.6,189,200,18.4,8.3
2026-06-22T04:00,15.5,194,211,18.0,9.4
2026-06-22T05:00,18.7,222,230,17.1,9.2
2026-06-22T06:00,28.1,197,195,21.2,14.9
2026-06-22T07:00,29.9,202,203,16.5,11.8
2026-06-22T08:00,29.9,193,193,17.0,12.6
2026-06-22T09:00,32.8,185,186,19.0,14.1
2026-06-22T10:00,34.2,171,169,20.8,15.6
2026-06-22T11:00,34.2,169,168,20.3,15.1
2026-06-22T12:00,33.5,163,162,21.9,16.1
2026-06-22T13:00,34.9,165,164,23.7,16.9
2026-06-22T14:00,34.2,164,164,22.8,15.7
2026-06-22T15:00,30.6,167,167,20.7,11.8
2026-06-22T16:00,21.6,171,173,21.2,10.5
2026-06-22T17:00,18.4,175,180,20.2,9.4
2026-06-22T18:00,16.2,172,181,18.4,8.1
2026-06-22T19:00,15.1,173,183,20.3,9.2
2026-06-22T20:00,15.5,173,185,20.3,8.7
2026-06-22T21:00,15.5,173,189,20.7,9.5
2026-06-22T22:00,16.9,172,185,22.0,9.9
2026-06-22T23:00,18.4,171,181,23.9,10.8
2026-06-23T00:00,19.1,167,173,23.3,10.9
2026-06-23T01:00,18.4,170,178,22.5,10.3
2026-06-23T02:00,21.6,180,183,24.7,12.1
2026-06-23T03:00,20.9,197,206,21.2,10.6
2026-06-23T04:00,18.7,206,213,21.4,10.9
2026-06-23T05:00,20.2,211,217,18.9,9.9
2026-06-23T06:00,26.3,189,188,15.7,11.3
2026-06-23T07:00,31.3,167,167,18.7,13.9
2026-06-23T08:00,32.8,166,166,19.9,14.8
2026-06-23T09:00,34.2,163,163,20.8,15.4
2026-06-23T10:00,37.4,161,161,23.8,17.5
2026-06-23T11:00,37.8,161,162,25.2,18.0
2026-06-23T12:00,36.4,156,157,26.2,18.8
2026-06-23T13:00,38.9,159,159,26.1,18.5
2026-06-23T14:00,37.1,150,150,26.0,17.8
2026-06-23T15:00,34.2,148,150,23.3,13.7
2026-06-23T16:00,24.5,161,166,21.3,10.7
2026-06-23T17:00,18.7,172,182,21.6,10.3
2026-06-23T18:00,19.1,166,174,23.5,11.2
2026-06-23T19:00,19.8,162,170,23.1,10.6
2026-06-23T20:00,18.0,160,174,21.2,8.9
2026-06-23T21:00,15.8,158,170,22.1,9.5
2026-06-23T22:00,17.3,158,167,22.7,10.3
2026-06-23T23:00,18.7,163,171,22.6,10.9
2026-06-24T00:00,20.5,153,155,25.4,12.1
2026-06-24T01:00,20.9,156,162,23.4,10.4
2026-06-24T02:00,17.6,163,173,22.3,9.8
2026-06-24T03:00,16.6,172,187,20.5,8.9
2026-06-24T04:00,16.9,197,210,19.6,10.0
2026-06-24T05:00,19.1,210,226,19.1,9.0
2026-06-24T06:00,24.5,199,202,13.9,9.9
2026-06-24T07:00,29.2,177,179,17.1,12.6
2026-06-24T08:00,36.7,162,162,24.6,17.6
2026-06-24T09:00,41.0,159,159,27.7,20.0
2026-06-24T10:00,42.8,157,157,29.0,20.9
2026-06-24T11:00,43.2,156,157,29.3,21.0
2026-06-24T12:00,43.2,156,156,27.0,19.3
2026-06-24T13:00,39.6,157,158,27.1,19.1
2026-06-24T14:00,37.8,160,160,26.7,17.6
2026-06-24T15:00,33.8,161,163,24.6,13.9
2026-06-24T16:00,25.2,163,167,24.7,12.6
2026-06-24T17:00,22.3,163,167,22.4,10.5
2026-06-24T18:00,18.0,151,156,21.4,9.4
2026-06-24T19:00,18.0,148,153,23.3,10.7
2026-06-24T20:00,18.0,149,153,23.5,10.9
2026-06-24T21:00,19.4,153,160,24.1,11.3
2026-06-24T22:00,19.1,159,169,23.6,11.0
2026-06-24T23:00,18.7,163,172,21.9,9.6
2026-06-25T00:00,16.2,167,184,19.4,8.1
2026-06-25T01:00,15.1,182,201,19.6,9.1
2026-06-25T02:00,16.2,190,209,20.1,9.3
2026-06-25T03:00,15.8,193,211,20.0,9.2
2026-06-25T04:00,17.6,203,219,20.6,10.5
2026-06-25T05:00,19.1,209,225,23.0,9.2
2026-06-25T06:00,25.2,196,198,15.0,10.4
2026-06-25T07:00,29.9,182,184,18.9,13.7
2026-06-25T08:00,38.2,169,170,26.2,18.9
2026-06-25T09:00,39.2,168,168,26.9,19.5
2026-06-25T10:00,40.3,170,169,26.0,18.7
2026-06-25T11:00,41.4,167,166,28.1,20.2
2026-06-25T12:00,41.4,167,167,29.2,20.5
2026-06-25T13:00,41.0,166,166,29.3,20.4
2026-06-25T14:00,40.3,164,164,29.3,19.5
2026-06-25T15:00,37.4,164,164,26.6,15.3
2026-06-25T16:00,27.7,157,156,26.3,14.3
2026-06-25T17:00,25.9,156,158,25.1,12.8
2026-06-25T18:00,22.3,151,155,24.4,12.3
2026-06-25T19:00,21.2,155,158,24.6,11.9
2026-06-25T20:00,20.2,156,159,24.0,11.2
2026-06-25T21:00,19.8,156,160,24.6,11.5
2026-06-25T22:00,19.8,158,164,24.5,11.4
2026-06-25T23:00,19.4,162,168,24.1,11.2
2026-06-26T00:00,19.1,168,179,23.0,10.8
2026-06-26T01:00,18.7,177,190,23.1,11.0
2026-06-26T02:00,19.1,187,203,22.1,10.7
2026-06-26T03:00,18.7,202,214,22.1,10.9
2026-06-26T04:00,22.3,209,212,25.9,13.2
2026-06-26T05:00,24.5,210,206,31.1,13.2
2026-06-26T06:00,30.2,202,202,20.8,14.0
2026-06-26T07:00,36.0,195,196,20.7,15.0
2026-06-26T08:00,36.4,183,184,22.2,16.2
2026-06-26T09:00,37.4,178,177,25.0,18.0
2026-06-26T10:00,39.6,175,174,25.8,18.6
2026-06-26T11:00,39.2,174,172,26.3,18.9
2026-06-26T12:00,39.6,162,159,25.3,18.3
2026-06-26T13:00,36.7,152,149,23.9,16.9
2026-06-26T14:00,34.2,153,151,25.0,16.6
2026-06-26T15:00,32.0,150,150,24.8,13.7
2026-06-26T16:00,24.8,151,150,26.7,13.7
2026-06-26T17:00,24.1,145,146,24.7,11.9
2026-06-26T18:00,22.7,155,156,24.8,12.2
2026-06-26T19:00,21.2,162,166,25.8,12.2
2026-06-26T20:00,22.3,167,170,26.8,13.0
2026-06-26T21:00,22.3,166,169,27.1,12.8
2026-06-26T22:00,22.3,169,175,25.7,12.1
2026-06-26T23:00,20.9,178,189,23.4,10.7
2026-06-27T00:00,18.4,185,196,22.6,10.5
2026-06-27T01:00,18.0,189,202,22.9,10.5
2026-06-27T02:00,18.0,196,211,22.5,10.3
2026-06-27T03:00,18.0,208,222,22.2,10.6
2026-06-27T04:00,18.7,210,216,22.8,10.9
2026-06-27T05:00,20.2,220,226,21.7,9.8
2026-06-27T06:00,25.9,197,200,17.4,12.2
2026-06-27T07:00,29.5,191,193,18.0,13.3
2026-06-27T08:00,32.0,178,179,19.6,14.4
2026-06-27T09:00,33.8,177,176,20.5,15.2
2026-06-27T10:00,34.6,181,179,21.1,15.7
2026-06-27T11:00,34.2,177,174,19.8,14.8
2026-06-27T12:00,33.5,169,166,19.1,14.5
2026-06-27T13:00,35.3,156,153,23.1,17.1
2026-06-27T14:00,37.4,152,152,25.4,17.6
2026-06-27T15:00,34.2,155,154,24.1,13.8
2026-06-27T16:00,24.8,153,151,25.0,13.1
2026-06-27T17:00,23.0,157,158,24.7,12.2
2026-06-27T18:00,21.2,150,152,24.8,12.6
2026-06-27T19:00,22.3,148,149,24.6,12.6
2026-06-27T20:00,22.3,154,155,24.6,12.3
2026-06-27T21:00,22.3,162,165,23.9,12.1
2026-06-27T22:00,21.6,159,163,23.3,12.1
2026-06-27T23:00,21.6,165,172,20.3,9.3
2026-06-28T00:00,16.2,159,172,19.8,9.3
2026-06-28T01:00,15.8,171,188,17.9,8.0
2026-06-28T02:00,13.7,178,190,17.5,8.0
2026-06-28T03:00,13.7,199,220,15.7,7.5
2026-06-28T04:00,19.8,199,206,22.8,11.6
2026-06-28T05:00,22.3,208,209,22.2,11.3
2026-06-28T06:00,29.5,201,202,19.7,13.8
2026-06-28T07:00,36.4,182,182,24.1,17.3
2026-06-28T08:00,39.6,172,172,26.0,18.7
2026-06-28T09:00,40.0,171,171,26.1,19.0
2026-06-28T10:00,41.0,165,165,26.9,19.6
2026-06-28T11:00,40.7,161,161,25.4,18.5
2026-06-28T12:00,38.2,164,164,26.1,18.6
2026-06-28T13:00,37.8,158,157,24.9,17.8
2026-06-28T14:00,36.4,155,155,23.6,16.3
2026-06-28T15:00,32.4,155,157,22.4,13.5
2026-06-28T16:00,24.5,155,158,22.4,11.6
2026-06-28T17:00,20.5,153,157,21.0,10.0
2026-06-28T18:00,18.0,144,148,20.6,9.9
2026-06-28T19:00,16.9,146,151,20.2,9.0
2026-06-28T20:00,15.5,144,148,19.4,8.2
2026-06-28T21:00,13.3,139,144,18.5,7.3
2026-06-28T22:00,12.2,147,162,17.0,6.4
2026-06-28T23:00,10.8,163,188,15.6,6.4
2026-06-29T00:00,11.2,150,188,13.7,4.9
2026-06-29T01:00,7.9,151,186,13.8,5.1
2026-06-29T02:00,9.4,166,202,13.0,5.6
2026-06-29T03:00,10.4,175,213,13.2,6.2
2026-06-29T04:00,10.4,182,223,12.8,6.4
2026-06-29T05:00,13.7,195,227,11.2,6.1
2026-06-29T06:00,17.6,198,199,9.4,7.1
2026-06-29T07:00,23.0,165,164,10.3,7.9
2026-06-29T08:00,24.1,158,159,12.4,9.5
2026-06-29T09:00,28.4,159,159,15.8,12.0
2026-06-29T10:00,30.2,161,161,17.1,13.0
2026-06-29T11:00,31.3,156,156,18.9,13.9
2026-06-29T12:00,32.4,151,151,22.0,16.0
2026-06-29T13:00,34.6,151,152,22.0,15.9
2026-06-29T14:00,33.8,156,157,21.4,15.0
2026-06-29T15:00,30.2,159,161,21.0,12.8
2026-06-29T16:00,22.7,165,170,21.4,11.3
2026-06-29T17:00,20.2,168,175,21.5,10.8
2026-06-29T18:00,19.4,156,162,22.0,10.8
2026-06-29T19:00,18.7,155,160,21.5,9.8
2026-06-29T20:00,16.6,153,160,22.1,10.0
2026-06-29T21:00,16.9,151,158,22.2,9.7
2026-06-29T22:00,16.6,152,159,22.3,9.9
2026-06-29T23:00,16.6,151,159,21.1,9.1
2026-06-30T00:00,15.5,152,164,19.6,8.0
2026-06-30T01:00,13.3,156,172,19.1,7.5
2026-06-30T02:00,12.2,158,178,17.7,6.7
2026-06-30T03:00,10.8,164,197,15.4,5.6
2026-06-30T04:00,10.1,172,217,13.3,6.6
2026-06-30T05:00,14.0,181,229,12.8,6.2
2026-06-30T06:00,20.9,135,136,16.4,11.7
2026-06-30T07:00,29.9,137,138,18.6,13.6
2026-06-30T08:00,32.0,140,140,19.4,14.3
2026-06-30T09:00,34.2,143,143,20.2,15.0
2026-06-30T10:00,34.6,147,147,20.7,15.4
2026-06-30T11:00,35.3,148,148,21.3,15.9
2026-06-30T12:00,35.3,146,146,21.8,16.0
2026-06-30T13:00,34.6,148,149,21.4,15.6
2026-06-30T14:00,32.4,149,150,21.1,14.8
2026-06-30T15:00,29.5,151,152,20.8,12.1
2026-06-30T16:00,22.0,158,161,22.4,11.4
2026-06-30T17:00,20.9,155,158,23.7,11.9
2026-06-30T18:00,21.2,148,150,24.9,12.5
2026-06-30T19:00,22.3,148,151,24.7,12.2
2026-06-30T20:00,21.2,144,145,24.1,11.6
2026-06-30T21:00,20.2,145,147,22.8,10.7
2026-06-30T22:00,18.4,146,148,21.8,9.3
2026-06-30T23:00,15.5,142,146,21.3,8.9
2026-07-01T00:00,14.8,163,194,15.3,5.8
2026-07-01T01:00,10.1,175,215,13.7,5.9
2026-07-01T02:00,11.5,186,226,13.4,6.7
2026-07-01T03:00,13.7,204,236,14.3,8.0
2026-07-01T04:00,14.4,217,240,15.3,9.0
2026-07-01T05:00,16.6,222,241,16.4,7.8
2026-07-01T06:00,19.4,209,212,10.7,7.8
2026-07-01T07:00,25.9,161,161,14.9,11.0
2026-07-01T08:00,31.3,151,152,18.9,14.1
2026-07-01T09:00,36.7,153,154,23.2,16.8
2026-07-01T10:00,37.4,153,153,23.6,17.3
2026-07-01T11:00,39.6,154,154,25.0,18.4
2026-07-01T12:00,39.2,153,153,25.0,18.1
2026-07-01T13:00,38.9,151,152,26.0,18.6
2026-07-01T14:00,38.2,154,156,25.3,17.6
2026-07-01T15:00,34.6,156,157,21.2,12.7
2026-07-01T16:00,22.3,153,155,20.0,9.3
2026-07-01T17:00,16.9,153,156,21.5,9.7
2026-07-01T18:00,16.6,150,158,21.9,9.7
2026-07-01T19:00,16.2,145,149,22.4,9.7
2026-07-01T20:00,16.2,143,148,21.1,8.9
2026-07-01T21:00,14.8,143,156,18.4,6.5
2026-07-01T22:00,10.4,144,169,16.4,5.7
2026-07-01T23:00,8.6,154,190,14.7,5.3
2026-07-02T00:00,7.9,150,193,12.9,4.8
2026-07-02T01:00,7.2,159,214,11.7,4.5
2026-07-02T02:00,9.7,172,220,12.4,5.9
2026-07-02T03:00,13.0,194,233,13.0,7.7
2026-07-02T04:00,14.8,209,238,14.4,9.3
2026-07-02T05:00,16.9,213,234,15.7,8.0
2026-07-02T06:00,19.8,206,211,11.0,8.1
2026-07-02T07:00,24.8,170,172,13.7,10.4
2026-07-02T08:00,27.4,161,161,14.7,11.2
2026-07-02T09:00,27.7,160,160,14.5,11.3
2026-07-02T10:00,29.5,156,155,15.7,12.1
2026-07-02T11:00,30.6,156,156,17.0,13.0
2026-07-02T12:00,30.6,143,143,17.1,13.0
2026-07-02T13:00,29.2,141,141,17.4,13.0
2026-07-02T14:00,28.8,145,145,19.0,13.7
2026-07-02T15:00,27.7,136,135,18.3,10.7
2026-07-02T16:00,19.1,136,135,19.6,9.4
2026-07-02T17:00,15.8,142,146,18.7,8.0
2026-07-02T18:00,13.7,142,146,19.8,9.1
2026-07-02T19:00,15.5,138,141,20.1,8.8
2026-07-02T20:00,14.4,143,152,17.9,6.9
2026-07-02T21:00,11.2,157,182,15.8,6.1
2026-07-02T22:00,10.4,166,199,15.4,6.1
2026-07-02T23:00,10.1,171,211,13.5,5.2
2026-07-03T00:00,10.4,168,211,12.7,5.6
2026-07-03T01:00,9.7,174,218,12.1,5.5
2026-07-03T02:00,10.4,179,220,12.4,6.4
2026-07-03T03:00,12.2,187,220,14.0,7.3
2026-07-03T04:00,11.9,186,219,12.7,6.9
2026-07-03T05:00,14.8,187,203,13.6,6.5
2026-07-03T06:00,20.9,173,176,10.7,7.9
2026-07-03T07:00,26.3,151,152,14.7,11.0
2026-07-03T08:00,29.9,143,145,17.5,13.0
2026-07-03T09:00,32.4,147,148,19.5,14.6
2026-07-03T10:00,34.2,150,152,20.3,15.1
2026-07-03T11:00,34.6,149,150,21.0,15.6
2026-07-03T12:00,34.2,140,141,20.9,15.6
2026-07-03T13:00,33.5,139,139,20.3,14.7
2026-07-03T14:00,31.7,144,144,21.0,14.8
2026-07-03T15:00,29.5,144,144,18.2,11.1
2026-07-03T16:00,19.8,153,159,16.8,7.5
2026-07-03T17:00,16.2,156,160,20.7,9.8
2026-07-03T18:00,17.6,142,142,22.0,10.3
2026-07-03T19:00,17.3,141,146,20.0,8.4
2026-07-03T20:00,14.0,143,154,17.6,6.6
2026-07-03T21:00,11.2,145,162,17.8,6.8
2026-07-03T22:00,11.2,148,168,16.8,6.2
2026-07-03T23:00,10.4,159,183,16.2,6.3
2026-07-04T00:00,11.5,157,186,16.0,6.7
2026-07-04T01:00,13.3,166,192,17.6,7.9
2026-07-04T02:00,13.3,176,204,16.6,7.5
2026-07-04T03:00,14.0,188,215,16.9,8.1
2026-07-04T04:00,14.8,195,218,17.5,9.1
2026-07-04T05:00,16.9,204,230,17.2,7.8
2026-07-04T06:00,20.9,205,215,9.3,6.8
2026-07-04T07:00,30.6,159,159,17.2,12.7
2026-07-04T08:00,31.3,144,145,19.7,14.5
2026-07-04T09:00,38.2,149,150,24.3,17.8
2026-07-04T10:00,38.9,149,149,24.6,18.0
2026-07-04T11:00,38.9,148,149,23.9,17.7
2026-07-04T12:00,38.2,145,145,22.9,16.8
2026-07-04T13:00,36.4,149,149,23.0,16.5
2026-07-04T14:00,34.6,147,147,22.8,16.1
2026-07-04T15:00,32.4,149,149,20.6,12.7
2026-07-04T16:00,22.7,150,153,20.0,10.1
2026-07-04T17:00,18.0,148,151,21.9,10.7
2026-07-04T18:00,18.4,136,140,21.8,10.3
2026-07-04T19:00,17.3,137,143,20.9,9.0
2026-07-04T20:00,15.1,143,156,19.0,7.1
2026-07-04T21:00,11.5,148,169,18.0,6.8
2026-07-04T22:00,11.9,153,174,18.4,6.9
2026-07-04T23:00,11.5,165,190,17.9,7.0
2026-07-05T00:00,13.0,172,192,20.7,9.0
2026-07-05T01:00,15.1,181,205,18.7,8.4
2026-07-05T02:00,14.0,190,220,17.4,8.0
2026-07-05T03:00,13.7,198,234,16.1,8.0
2026-07-05T04:00,15.8,202,233,17.1,9.6
2026-07-05T05:00,20.5,214,231,23.1,10.2
2026-07-05T06:00,25.9,216,218,13.4,9.6
2026-07-05T07:00,28.8,184,186,17.1,12.9
2026-07-05T08:00,34.6,169,172,21.6,15.8
2026-07-05T09:00,38.2,160,160,24.1,17.8
2026-07-05T10:00,40.0,163,162,24.3,17.9
2026-07-05T11:00,39.6,160,160,24.9,18.4
2026-07-05T12:00,40.3,159,160,22.4,16.5
2026-07-05T13:00,35.3,160,160,22.2,16.3
2026-07-05T14:00,33.8,162,161,21.6,15.2
2026-07-05T15:00,30.2,161,162,20.9,12.5
2026-07-05T16:00,22.7,167,173,20.7,10.9
2026-07-05T17:00,19.1,169,176,20.5,10.5
2026-07-05T18:00,18.4,163,169,19.6,9.4
2026-07-05T19:00,16.2,162,169,20.7,9.7
2026-07-05T20:00,16.6,155,160,21.3,10.0
2026-07-05T21:00,16.6,158,166,21.4,9.6
2026-07-05T22:00,17.3,159,168,22.0,10.1
2026-07-05T23:00,17.6,162,170,22.3,10.2
2026-07-06T00:00,17.6,158,167,22.1,10.3
2026-07-06T01:00,17.3,163,173,22.3,10.0
2026-07-06T02:00,16.9,170,186,20.6,9.2
2026-07-06T03:00,15.5,180,198,20.0,9.3
2026-07-06T04:00,17.6,198,214,20.3,10.6
2026-07-06T05:00,20.2,200,218,22.4,10.0
2026-07-06T06:00,25.9,196,200,17.0,11.7
2026-07-06T07:00,29.5,179,181,18.5,13.5
2026-07-06T08:00,33.1,168,169,20.6,15.2
2026-07-06T09:00,37.1,166,166,23.5,17.4
2026-07-06T10:00,39.2,164,164,24.7,18.2
2026-07-06T11:00,40.3,162,161,25.7,18.8
2026-07-06T12:00,42.8,156,156,26.4,19.3
2026-07-06T13:00,40.7,158,158,27.2,19.4
2026-07-06T14:00,39.6,159,159,26.1,18.1
2026-07-06T15:00,36.0,156,156,23.5,14.6
2026-07-06T16:00,26.3,149,149,22.4,12.3
2026-07-06T17:00,23.0,150,151,21.9,12.7
2026-07-06T18:00,22.7,147,149,20.7,11.8
2026-07-06T19:00,21.6,145,147,21.7,12.2
2026-07-06T20:00,22.7,148,150,22.1,12.5
2026-07-06T21:00,23.0,160,162,20.8,11.3
2026-07-06T22:00,23.4,146,146,22.2,12.4
2026-07-06T23:00,22.3,156,150,19.7,9.6
2026-07-07T00:00,28.8,137,133,26.9,15.4
2026-07-07T01:00,27.7,150,148,17.0,8.5
2026-07-07T02:00,14.4,171,198,14.6,5.3
2026-07-07T03:00,12.6,166,176,16.7,7.0
2026-07-07T04:00,11.9,181,192,15.7,7.2
2026-07-07T05:00,20.5,176,183,17.0,10.3
2026-07-07T06:00,29.2,150,149,17.2,11.7
2026-07-07T07:00,35.6,166,165,21.7,15.1
2026-07-07T08:00,30.6,157,156,20.7,14.2
2026-07-07T09:00,34.2,159,161,18.7,13.7
2026-07-07T10:00,37.8,158,159,21.5,15.6
2026-07-07T11:00,36.7,158,156,22.4,15.4
2026-07-07T12:00,33.5,158,162,20.4,12.1
2026-07-07T13:00,24.8,164,167,16.6,11.6
2026-07-07T14:00,24.1,166,169,13.0,8.3
2026-07-07T15:00,16.6,178,184,13.5,7.8
2026-07-07T16:00,14.8,188,196,16.0,8.6
2026-07-07T17:00,14.8,181,190,16.0,8.2
2026-07-07T18:00,14.0,182,198,14.9,7.4
2026-07-07T19:00,12.6,182,199,14.4,6.7
2026-07-07T20:00,11.2,173,191,13.6,5.9
2026-07-07T21:00,11.5,161,177,16.2,7.2
2026-07-07T22:00,12.2,149,161,15.7,6.7
2026-07-07T23:00,12.2,158,177,15.5,7.0
2026-07-08T00:00,11.9,191,232,10.4,6.4
2026-07-08T01:00,14.0,205,223,14.7,8.4
2026-07-08T02:00,14.0,211,218,15.2,7.8
2026-07-08T03:00,16.2,207,217,18.0,9.0
2026-07-08T04:00,16.2,213,219,18.4,9.5
2026-07-08T05:00,18.7,210,218,19.4,9.4
2026-07-08T06:00,31.0,187,189,15.8,10.9
2026-07-08T07:00,29.5,178,177,16.0,11.9
2026-07-08T08:00,36.0,150,145,22.3,16.2
2026-07-08T09:00,36.7,163,165,16.9,11.7
2026-07-08T10:00,41.4,160,159,22.4,16.4
2026-07-08T11:00,41.4,163,163,22.4,16.4
2026-07-08T12:00,40.3,155,156,23.2,16.5
2026-07-08T13:00,37.4,150,151,26.3,18.5
2026-07-08T14:00,37.8,142,140,26.9,18.7
2026-07-08T15:00,36.4,147,148,21.0,12.8
2026-07-08T16:00,23.0,156,162,19.3,9.8
2026-07-08T17:00,17.6,155,161,20.4,10.1
2026-07-08T18:00,18.4,144,149,20.6,10.3
2026-07-08T19:00,18.0,146,149,20.1,9.2
2026-07-08T20:00,15.5,154,160,19.5,9.0
2026-07-08T21:00,15.5,163,170,18.1,8.0
2026-07-08T22:00,14.4,165,173,19.2,8.5
2026-07-08T23:00,17.3,162,170,22.4,10.2
2026-07-09T00:00,18.0,163,174,19.4,9.0
2026-07-09T01:00,15.1,181,197,18.4,8.8
2026-07-09T02:00,17.6,197,208,19.6,9.8
2026-07-09T03:00,17.3,207,222,18.0,9.2
2026-07-09T04:00,15.8,214,228,17.2,8.9
2026-07-09T05:00,18.0,219,231,17.8,8.6
2026-07-09T06:00,22.7,208,209,12.4,9.3
2026-07-09T07:00,31.0,182,185,14.2,10.7
2026-07-09T08:00,33.1,162,162,17.2,12.9
2026-07-09T09:00,36.4,153,153,20.9,15.6
2026-07-09T10:00,36.4,159,161,21.0,15.4
2026-07-09T11:00,33.8,148,149,19.6,14.5
2026-07-09T12:00,34.2,144,145,20.4,15.0
2026-07-09T13:00,32.8,145,144,21.4,15.7
2026-07-09T14:00,32.8,142,143,21.6,15.0
2026-07-09T15:00,30.2,143,144,20.1,11.8
2026-07-09T16:00,21.2,145,150,18.9,9.0
2026-07-09T17:00,15.1,144,148,19.2,8.5
2026-07-09T18:00,14.8,138,144,19.6,8.9
2026-07-09T19:00,15.1,139,148,18.0,7.2
2026-07-09T20:00,13.3,135,141,19.0,8.1
2026-07-09T21:00,13.7,135,144,17.4,6.4
2026-07-09T22:00,10.4,135,147,16.2,6.0
2026-07-09T23:00,11.2,130,137,17.4,6.9
2026-07-10T00:00,11.5,134,157,14.8,5.1
2026-07-10T01:00,7.9,130,157,13.3,4.5
2026-07-10T02:00,6.1,127,160,12.2,3.6
2026-07-10T03:00,5.8,138,183,11.5,3.8
2026-07-10T04:00,5.8,142,207,9.8,3.2
2026-07-10T05:00,10.1,163,249,6.2,3.1
2026-07-10T06:00,14.0,134,145,5.2,3.7
2026-07-10T07:00,18.7,126,129,8.6,6.5
2026-07-10T08:00,23.8,123,124,12.2,9.3
2026-07-10T09:00,27.0,128,128,14.4,10.9
2026-07-10T10:00,28.4,128,127,15.9,12.2
2026-07-10T11:00,29.5,126,126,16.7,12.7
2026-07-10T12:00,31.0,128,128,17.6,13.3
2026-07-10T13:00,29.9,128,129,17.2,12.9
2026-07-10T14:00,28.4,129,129,16.9,12.4
2026-07-10T15:00,25.6,130,130,16.2,10.1
2026-07-10T16:00,18.0,127,129,15.9,7.9
2026-07-10T17:00,13.3,128,132,15.8,6.5
2026-07-10T18:00,12.6,124,129,18.0,9.2
2026-07-10T19:00,16.9,126,131,18.9,9.6
2026-07-10T20:00,16.6,131,137,18.1,9.2
2026-07-10T21:00,15.5,134,143,15.4,6.6
2026-07-10T22:00,10.8,136,156,12.2,3.9
2026-07-10T23:00,6.5,137,173,9.6,2.9
2026-07-11T00:00,6.8,145,196,8.8,3.2
2026-07-11T01:00,5.4,147,193,8.8,3.1
2026-07-11T02:00,5.0,143,195,8.4,2.8
2026-07-11T03:00,5.4,156,216,7.7,3.1
2026-07-11T04:00,8.6,186,232,7.4,5.3
2026-07-11T05:00,12.6,205,229,8.5,5.5
2026-07-11T06:00,16.9,161,166,7.8,6.1
2026-07-11T07:00,23.4,144,147,10.0,7.7
2026-07-11T08:00,27.4,137,139,13.2,10.2
2026-07-11T09:00,27.4,141,141,14.5,11.1
2026-07-11T10:00,29.9,140,140,16.4,12.4
2026-07-11T11:00,30.2,136,136,16.7,12.7
2026-07-11T12:00,30.6,132,132,15.3,11.9
2026-07-11T13:00,27.4,132,132,15.7,11.9
2026-07-11T14:00,26.6,133,133,15.2,11.1
2026-07-11T15:00,23.4,131,131,14.2,9.3
2026-07-11T16:00,16.6,134,137,14.4,7.1
2026-07-11T17:00,12.2,134,140,14.1,6.1
2026-07-11T18:00,10.1,133,144,14.5,6.2
2026-07-11T19:00,11.2,138,150,15.5,6.9
2026-07-11T20:00,11.5,142,153,16.0,6.7
2026-07-11T21:00,11.2,144,156,14.4,5.3
2026-07-11T22:00,8.3,153,176,12.6,4.7
2026-07-11T23:00,9.0,170,201,12.1,5.6
2026-07-12T00:00,10.4,177,216,11.2,5.8
2026-07-12T01:00,10.1,187,220,11.8,6.1
2026-07-12T02:00,11.2,196,220,13.5,6.8
2026-07-12T03:00,11.2,201,218,14.5,6.7
2026-07-12T04:00,11.2,199,213,14.3,6.9
2026-07-12T05:00,14.8,200,207,14.4,6.3
2026-07-12T06:00,19.4,194,197,11.0,8.1
2026-07-12T07:00,24.1,164,165,12.8,9.7
2026-07-12T08:00,25.9,162,162,13.7,10.6
2026-07-12T09:00,28.1,162,162,15.1,11.6
2026-07-12T10:00,31.0,156,156,17.2,13.0
2026-07-12T11:00,31.3,148,149,17.8,13.5
2026-07-12T12:00,31.7,148,149,15.5,11.9
2026-07-12T13:00,29.2,145,146,17.1,12.8
2026-07-12T14:00,28.8,146,146,18.1,13.1
2026-07-12T15:00,27.0,138,138,17.0,10.6
2026-07-12T16:00,18.7,148,150,18.8,9.4
2026-07-12T17:00,16.9,149,152,20.0,9.6
2026-07-12T18:00,16.2,146,152,19.7,9.2
2026-07-12T19:00,15.5,141,146,20.2,9.1
2026-07-12T20:00,15.1,147,156,18.6,8.1
2026-07-12T21:00,13.3,153,168,16.7,6.8
2026-07-12T22:00,11.2,161,180,16.3,6.8
2026-07-12T23:00,12.2,169,190,16.3,7.3
2026-07-13T00:00,13.3,169,197,15.4,6.8
2026-07-13T01:00,12.6,175,199,16.4,7.6
2026-07-13T02:00,14.0,186,212,16.8,8.2
2026-07-13T03:00,14.0,192,218,16.7,8.2
2026-07-13T04:00,15.5,199,220,17.9,9.3
2026-07-13T05:00,18.0,202,224,19.3,8.8
2026-07-13T06:00,22.7,186,193,12.9,9.0
2026-07-13T07:00,29.9,158,160,18.3,13.4
2026-07-13T08:00,34.9,157,157,21.5,15.8
2026-07-13T09:00,38.2,157,157,23.9,17.6
2026-07-13T10:00,39.6,157,157,24.7,18.2
2026-07-13T11:00,39.6,158,158,23.6,17.3
2026-07-13T12:00,37.4,155,157,21.0,15.5
2026-07-13T13:00,32.0,158,160,20.5,14.7
2026-07-13T14:00,30.6,158,159,20.2,14.2
2026-07-13T15:00,28.4,159,161,19.4,11.8
2026-07-13T16:00,21.2,159,163,19.9,10.0
2026-07-13T17:00,17.3,162,171,20.0,9.5
2026-07-13T18:00,16.6,155,164,20.1,9.6
2026-07-13T19:00,16.6,153,163,20.5,9.4
2026-07-13T20:00,16.6,151,161,21.1,9.7
2026-07-13T21:00,17.6,152,160,22.1,10.4
2026-07-13T22:00,17.6,154,162,20.7,9.3
2026-07-13T23:00,15.8,156,166,19.9,8.7
2026-07-14T00:00,14.4,164,184,17.4,7.6
2026-07-14T01:00,14.0,173,191,18.0,8.4
2026-07-14T02:00,14.0,185,206,16.6,7.8
2026-07-14T03:00,13.3,194,222,15.6,7.5
2026-07-14T04:00,13.3,195,225,15.1,8.1
2026-07-14T05:00,16.2,198,221,15.3,7.1
2026-07-14T06:00,27.7,164,165,17.0,12.5
2026-07-14T07:00,31.7,158,158,19.9,14.6
2026-07-14T08:00,34.6,159,159,21.3,15.6
2026-07-14T09:00,37.1,158,159,23.3,17.2
2026-07-14T10:00,38.5,155,156,24.2,17.8
2026-07-14T11:00,39.2,153,154,26.2,19.0
2026-07-14T12:00,39.6,158,159,23.3,16.9
2026-07-14T13:00,36.0,159,160,24.6,17.5
2026-07-14T14:00,35.6,154,155,23.4,16.3
2026-07-14T15:00,31.7,152,153,20.5,12.6
2026-07-14T16:00,22.7,146,149,19.9,10.1
2026-07-14T17:00,17.6,146,151,18.7,8.6
2026-07-14T18:00,15.5,145,150,19.4,8.6
2026-07-14T19:00,14.0,143,149,19.4,8.1
2026-07-14T20:00,13.7,149,159,18.9,7.9
2026-07-14T21:00,13.0,150,159,18.2,7.1
2026-07-14T22:00,13.3,152,165,19.5,8.2
2026-07-14T23:00,14.8,159,171,20.3,8.9
2026-07-15T00:00,15.5,168,182,21.7,10.3
2026-07-15T01:00,17.3,176,190,21.1,9.7
2026-07-15T02:00,16.6,181,196,20.2,9.2
2026-07-15T03:00,15.8,187,204,19.9,9.3
2026-07-15T04:00,16.6,196,215,19.5,9.8
2026-07-15T05:00,18.4,198,213,19.4,8.8
2026-07-15T06:00,27.0,187,191,14.1,10.3
2026-07-15T07:00,29.9,162,165,18.5,13.6
2026-07-15T08:00,31.3,156,157,19.5,14.5
2026-07-15T09:00,36.7,162,163,23.1,17.0
2026-07-15T10:00,39.2,167,168,25.0,18.2
2026-07-15T11:00,39.2,170,171,23.2,17.0
2026-07-15T12:00,36.4,161,162,23.5,17.2
2026-07-15T13:00,36.7,157,157,23.5,16.9
2026-07-15T14:00,35.3,153,152,23.8,16.8
2026-07-15T15:00,33.1,150,149,22.6,13.8
2026-07-15T16:00,24.8,147,149,21.8,10.9
2026-07-15T17:00,19.1,143,143,21.1,10.2
2026-07-15T18:00,17.6,141,146,20.5,9.6
2026-07-15T19:00,16.2,146,155,18.9,8.1
2026-07-15T20:00,13.7,157,173,17.8,7.6
2026-07-15T21:00,13.0,166,183,18.0,7.7
2026-07-15T22:00,13.7,163,179,18.6,8.3
2026-07-15T23:00,14.0,158,173,19.6,8.5
2026-07-16T00:00,15.5,166,183,20.2,9.2
2026-07-16T01:00,15.1,170,187,20.3,8.9
2026-07-16T02:00,15.5,178,196,20.0,9.0
2026-07-16T03:00,15.1,189,213,18.6,8.8
2026-07-16T04:00,16.6,202,223,19.2,9.8
2026-07-16T05:00,19.1,208,229,21.7,9.3
2026-07-16T06:00,26.3,204,207,15.2,10.7
2026-07-16T07:00,32.4,174,174,20.3,14.8
2026-07-16T08:00,35.6,167,166,22.7,16.5
2026-07-16T09:00,36.0,167,166,22.6,16.5
2026-07-16T10:00,36.7,169,168,22.8,16.8
2026-07-16T11:00,37.8,169,167,23.5,17.4
2026-07-16T12:00,37.8,162,162,23.8,17.4
2026-07-16T13:00,37.4,154,153,25.2,18.1
2026-07-16T14:00,37.1,150,149,25.4,17.3
2026-07-16T15:00,33.8,146,145,22.0,13.2
2026-07-16T16:00,23.8,139,141,22.1,11.3
2026-07-16T17:00,19.8,138,141,21.4,10.5
2026-07-16T18:00,18.4,135,139,19.5,9.1
2026-07-16T19:00,15.1,135,142,17.4,6.4
2026-07-16T20:00,10.4,146,165,16.1,5.6
2026-07-16T21:00,10.1,156,180,16.2,6.3
2026-07-16T22:00,12.6,159,181,17.9,7.6
2026-07-16T23:00,12.6,162,181,17.9,7.4
2026-07-17T00:00,12.6,165,190,16.4,7.1
2026-07-17T01:00,13.3,173,194,18.2,8.0
2026-07-17T02:00,13.7,178,205,16.9,7.2
2026-07-17T03:00,12.6,186,215,16.1,7.5
2026-07-17T04:00,14.8,201,224,16.7,9.0
2026-07-17T05:00,18.0,205,223,18.9,8.8
2026-07-17T06:00,25.2,189,191,15.1,11.0
2026-07-17T07:00,31.7,171,171,19.7,14.4
2026-07-17T08:00,35.6,165,165,22.4,16.4
2026-07-17T09:00,36.0,168,167,21.2,15.7
2026-07-17T10:00,35.3,171,169,21.1,15.7
2026-07-17T11:00,37.1,168,166,22.8,17.1
2026-07-17T12:00,41.0,162,160,24.4,18.2
2026-07-17T13:00,39.6,153,152,26.6,19.0
2026-07-17T14:00,38.5,150,149,23.6,16.1
2026-07-17T15:00,32.0,132,130,21.8,12.7
2026-07-17T16:00,22.3,132,132,21.8,10.2
2026-07-17T17:00,17.3,135,134,19.0,8.0
2026-07-17T18:00,13.3,147,158,18.4,7.2
2026-07-17T19:00,13.3,146,152,18.9,7.7
2026-07-17T20:00,12.6,156,174,17.0,6.5
2026-07-17T21:00,10.4,167,198,15.0,5.9
2026-07-17T22:00,10.4,184,218,13.9,6.2
2026-07-17T23:00,12.2,194,226,14.6,7.3
2026-07-18T00:00,13.0,203,225,16.2,8.4
2026-07-18T01:00,14.0,203,223,16.5,7.9
2026-07-18T02:00,13.3,201,216,17.2,8.0
2026-07-18T03:00,15.1,201,214,18.9,9.1
2026-07-18T04:00,16.6,206,215,20.4,10.1
2026-07-18T05:00,18.7,210,215,21.8,9.2
2026-07-18T06:00,24.5,200,200,13.9,10.0
2026-07-18T07:00,28.8,173,174,16.9,12.5
2026-07-18T08:00,31.7,170,170,18.4,13.9
2026-07-18T09:00,32.4,169,167,18.7,14.0
2026-07-18T10:00,32.4,169,167,18.5,14.0
2026-07-18T11:00,33.5,171,169,19.7,14.9
2026-07-18T12:00,36.7,151,151,21.3,15.9
2026-07-18T13:00,35.3,150,151,21.8,15.9
2026-07-18T14:00,33.5,139,139,21.8,15.6
2026-07-18T15:00,31.3,141,141,20.5,12.0
2026-07-18T16:00,21.6,131,130,20.5,10.9
2026-07-18T17:00,18.7,137,139,19.2,9.3
2026-07-18T18:00,15.8,128,131,19.4,8.8
2026-07-18T19:00,14.8,140,154,16.6,6.2
2026-07-18T20:00,10.1,148,173,15.0,5.6
2026-07-18T21:00,10.1,157,183,15.2,6.1
2026-07-18T22:00,10.8,163,191,15.2,6.6
2026-07-18T23:00,13.0,167,191,16.2,7.7
2026-07-19T00:00,13.0,160,189,15.1,6.9
2026-07-19T01:00,11.5,169,208,13.6,6.5
2026-07-19T02:00,11.9,186,224,12.8,7.0
2026-07-19T03:00,11.9,182,207,12.8,5.5
2026-07-19T04:00,10.1,186,209,13.0,6.4
2026-07-19T05:00,13.3,195,213,12.3,6.0
2026-07-19T06:00,17.6,171,174,10.0,7.2
2026-07-19T07:00,24.5,153,153,13.1,9.9
2026-07-19T08:00,25.9,146,146,14.4,10.9
2026-07-19T09:00,28.4,147,147,15.9,12.0
2026-07-19T10:00,28.8,154,155,16.8,12.6
2026-07-19T11:00,30.6,161,162,18.9,14.0
2026-07-19T12:00,31.0,155,156,19.2,14.4
2026-07-19T13:00,31.7,148,148,19.5,14.4
2026-07-19T14:00,30.2,142,143,18.5,13.5
2026-07-19T15:00,27.7,143,145,16.6,9.7
2026-07-19T16:00,16.9,140,141,14.8,6.5
2026-07-19T17:00,10.8,143,152,13.8,4.9
2026-07-19T18:00,9.7,128,131,16.0,6.9
2026-07-19T19:00,11.5,122,121,15.0,5.6
2026-07-19T20:00,9.4,120,118,13.1,4.7
2026-07-19T21:00,6.5,125,144,9.7,2.4
2026-07-19T22:00,3.2,128,174,9.0,1.8
2026-07-19T23:00,5.0,140,175,11.1,4.0
2026-07-20T00:00,6.8,139,165,13.1,5.0
2026-07-20T01:00,6.8,139,173,12.0,4.4
2026-07-20T02:00,6.1,149,209,9.8,3.7
2026-07-20T03:00,8.3,176,239,8.1,4.6
2026-07-20T04:00,11.5,208,251,8.9,7.1
2026-07-20T05:00,14.0,214,241,9.6,5.6
2026-07-20T06:00,15.1,198,203,5.9,4.5
2026-07-20T07:00,18.7,145,145,8.1,6.3
2026-07-20T08:00,23.4,141,142,11.3,8.7
2026-07-20T09:00,26.3,146,148,13.6,10.4
2026-07-20T10:00,28.4,149,149,15.3,11.8
2026-07-20T11:00,30.6,145,146,17.2,13.1
2026-07-20T12:00,32.4,132,132,17.8,13.6
2026-07-20T13:00,31.0,126,127,18.2,13.8
2026-07-20T14:00,30.2,119,120,17.2,12.7
2026-07-20T15:00,26.3,116,118,14.4,9.2
2026-07-20T16:00,16.2,112,115,14.1,6.9
2026-07-20T17:00,12.6,110,114,15.9,7.5
2026-07-20T18:00,14.8,96,99,16.6,6.9
2026-07-20T19:00,11.2,97,99,12.3,3.3
2026-07-20T20:00,4.3,100,117,9.9,1.6
2026-07-20T21:00,3.2,94,73,11.2,2.4
2026-07-20T22:00,4.7,89,66,12.4,3.5
2026-07-20T23:00,6.1,95,88,13.7,4.9
2026-07-21T00:00,7.2,100,173,9.5,1.5
2026-07-21T01:00,3.6,112,162,10.3,2.8
2026-07-21T02:00,5.0,114,152,10.1,3.1
2026-07-21T03:00,4.0,115,185,8.0,2.0
2026-07-21T04:00,3.6,134,212,6.5,2.3
2026-07-21T05:00,12.6,184,221,7.2,5.0
2026-07-21T06:00,16.9,164,171,8.6,6.6
2026-07-21T07:00,20.2,142,145,9.6,7.5
2026-07-21T08:00,23.0,136,136,11.3,8.8
2026-07-21T09:00,25.9,133,134,13.4,10.3
2026-07-21T10:00,29.5,137,137,16.0,12.2
2026-07-21T11:00,31.7,139,139,17.4,13.4
2026-07-21T12:00,31.7,112,111,15.2,11.6
2026-07-21T13:00,27.4,118,117,15.1,11.5
2026-07-21T14:00,25.9,118,118,16.7,12.4
2026-07-21T15:00,25.9,116,116,17.8,12.0
2026-07-21T16:00,22.0,117,116,17.5,8.8
2026-07-21T17:00,15.1,124,131,16.3,7.1
2026-07-21T18:00,11.9,127,141,16.8,7.2
2026-07-21T19:00,12.6,124,134,16.9,6.7
2026-07-21T20:00,11.5,115,120,14.7,5.4
2026-07-21T21:00,8.6,119,132,13.2,4.6
2026-07-21T22:00,6.8,123,140,13.3,4.7
2026-07-21T23:00,7.2,122,134,13.7,5.0
2026-07-22T00:00,9.0,121,127,16.9,7.2
2026-07-22T01:00,11.9,127,136,15.9,6.5
2026-07-22T02:00,12.2,136,145,15.2,6.3
2026-07-22T03:00,12.6,145,159,16.0,7.1
2026-07-22T04:00,11.5,151,171,13.8,5.5
2026-07-22T05:00,14.4,169,195,12.7,6.3
2026-07-22T06:00,23.0,142,144,14.1,10.2
2026-07-22T07:00,29.2,144,145,17.8,13.2
2026-07-22T08:00,31.7,145,146,19.0,14.1
2026-07-22T09:00,34.9,146,146,20.4,15.3
2026-07-22T10:00,36.0,149,149,21.2,15.9
2026-07-22T11:00,36.0,150,151,21.3,15.9
2026-07-22T12:00,35.3,137,138,21.5,15.9
2026-07-22T13:00,34.2,137,137,21.5,15.7
2026-07-22T14:00,33.8,134,134,23.3,16.5
2026-07-22T15:00,33.5,132,132,22.3,14.3
2026-07-22T16:00,25.9,125,125,21.2,11.5
2026-07-22T17:00,20.5,127,127,21.6,10.8
2026-07-22T18:00,18.7,118,119,20.5,9.7
2026-07-22T19:00,16.6,117,121,18.8,7.7
2026-07-22T20:00,12.6,115,117,18.7,7.1
2026-07-22T21:00,11.5,117,127,17.2,6.0
2026-07-22T22:00,9.7,120,138,15.4,5.4
2026-07-22T23:00,9.4,121,135,16.5,5.9
2026-07-23T00:00,10.8,120,134,18.2,7.3
2026-07-23T01:00,13.0,130,143,18.9,7.8
2026-07-23T02:00,13.7,138,151,19.4,8.1
2026-07-23T03:00,13.3,145,164,17.5,6.6
2026-07-23T04:00,10.4,158,191,14.2,5.7
2026-07-23T05:00,15.1,170,207,14.6,6.7
2026-07-23T06:00,23.4,148,152,12.3,8.5
2026-07-23T07:00,29.5,139,139,19.0,13.8
2026-07-23T08:00,31.3,141,140,18.2,13.6
2026-07-23T09:00,34.9,147,147,20.7,15.5
2026-07-23T10:00,35.6,143,143,21.1,15.9
2026-07-23T11:00,37.1,146,146,22.4,16.7
2026-07-23T12:00,36.7,144,145,21.9,16.1
2026-07-23T13:00,35.3,141,141,21.6,16.0
2026-07-23T14:00,33.8,146,146,21.0,15.0
2026-07-23T15:00,30.2,156,158,18.0,11.2
2026-07-23T16:00,20.2,159,163,17.0,8.1
2026-07-23T17:00,13.7,150,157,18.1,8.0
2026-07-23T18:00,14.4,146,149,20.0,9.2
2026-07-23T19:00,15.5,149,152,19.8,8.9
2026-07-23T20:00,15.1,148,155,19.9,8.9
2026-07-23T21:00,14.8,151,158,19.4,8.3
2026-07-23T22:00,14.4,153,164,19.4,8.0
2026-07-23T23:00,13.7,145,155,19.8,8.1
2026-07-24T00:00,14.0,145,158,16.3,6.8
2026-07-24T01:00,12.6,156,176,17.1,7.6
2026-07-24T02:00,12.6,162,181,16.5,7.2
2026-07-24T03:00,12.2,170,199,13.9,5.5
2026-07-24T04:00,10.4,172,207,13.6,6.7
2026-07-24T05:00,16.2,194,225,14.5,7.4
2026-07-24T06:00,21.6,163,165,13.8,10.0
2026-07-24T07:00,27.0,152,153,15.9,11.9
2026-07-24T08:00,29.9,161,163,17.5,13.2
2026-07-24T09:00,32.8,154,154,19.0,14.2
2026-07-24T10:00,33.8,150,151,19.9,14.8
2026-07-24T11:00,34.9,148,148,20.9,15.7
2026-07-24T12:00,35.3,146,145,22.7,16.8
2026-07-24T13:00,37.1,146,146,23.6,17.3
2026-07-24T14:00,36.4,147,147,22.6,16.1
2026-07-24T15:00,32.4,150,151,22.1,14.3
2026-07-24T16:00,25.6,161,165,20.2,10.8
2026-07-24T17:00,19.1,167,174,21.0,10.5
2026-07-24T18:00,18.4,155,157,20.5,9.8
2026-07-24T19:00,17.3,145,147,21.2,9.9
2026-07-24T20:00,17.6,139,141,21.6,10.0
2026-07-24T21:00,17.3,139,140,20.4,8.7
2026-07-24T22:00,14.4,142,150,19.2,7.7
2026-07-24T23:00,12.6,141,149,18.4,6.9
2026-07-25T00:00,12.6,150,162,19.3,8.1
2026-07-25T01:00,13.7,158,173,18.1,7.8
2026-07-25T02:00,13.0,166,186,17.1,7.2
2026-07-25T03:00,12.2,177,207,15.5,6.8
2026-07-25T04:00,14.0,198,228,15.1,8.7
2026-07-25T05:00,18.0,216,239,16.6,8.4
2026-07-25T06:00,23.4,179,183,15.7,11.4
2026-07-25T07:00,30.6,168,170,18.8,13.9
2026-07-25T08:00,35.6,168,169,22.5,16.5
2026-07-25T09:00,36.7,167,168,22.7,16.8
2026-07-25T10:00,39.2,164,164,24.8,18.3
2026-07-25T11:00,40.7,163,163,26.5,19.4
2026-07-25T12:00,41.0,153,152,28.3,20.5
2026-07-25T13:00,43.2,154,154,28.8,20.6
2026-07-25T14:00,41.8,153,153,28.7,20.0
2026-07-25T15:00,39.6,153,154,25.3,16.3
2026-07-25T16:00,29.5,147,149,22.4,12.2
2026-07-25T17:00,22.0,142,142,22.7,11.8
2026-07-25T18:00,23.0,142,144,26.3,14.3
2026-07-25T19:00,26.6,145,146,27.2,14.8
2026-07-25T20:00,28.1,150,150,28.2,15.3
2026-07-25T21:00,27.7,149,152,25.7,13.8
2026-07-25T22:00,24.8,156,160,24.7,12.9
2026-07-25T23:00,23.0,159,162,23.9,12.3
2026-07-26T00:00,21.6,174,182,22.3,10.8
2026-07-26T01:00,18.4,175,183,20.6,9.6
2026-07-26T02:00,18.0,164,168,21.1,10.1
2026-07-26T03:00,18.7,173,175,21.9,10.8
2026-07-26T04:00,19.4,181,185,20.2,10.5
2026-07-26T05:00,24.8,202,205,18.1,11.5
2026-07-26T06:00,32.8,183,185,20.7,14.6
2026-07-26T07:00,41.0,171,172,28.4,20.4
2026-07-26T08:00,46.8,169,168,31.9,23.0
2026-07-26T09:00,48.2,167,166,32.0,23.1
2026-07-26T10:00,48.6,162,160,31.9,23.1
2026-07-26T11:00,48.6,163,161,31.9,23.0
2026-07-26T12:00,47.9,158,158,28.8,20.8
2026-07-26T13:00,42.8,151,151,26.6,18.9
2026-07-26T14:00,38.9,142,141,24.6,17.1
2026-07-26T15:00,34.2,139,139,23.6,14.7
2026-07-26T16:00,26.3,134,133,21.1,10.6
2026-07-26T17:00,18.4,137,138,19.4,8.7
2026-07-26T18:00,14.8,134,141,19.9,8.8
2026-07-26T19:00,14.8,139,146,20.2,8.7
2026-07-26T20:00,14.8,145,152,21.0,8.9
2026-07-26T21:00,16.6,140,145,22.2,9.8
2026-07-26T22:00,16.6,142,146,22.7,10.0
2026-07-26T23:00,19.4,148,152,24.0,11.2
2026-07-27T00:00,22.3,152,159,23.5,11.4
2026-07-27T01:00,20.2,153,158,24.1,11.9
2026-07-27T02:00,20.2,155,159,24.3,11.7
2026-07-27T03:00,20.2,157,164,22.3,10.1
2026-07-27T04:00,18.0,165,174,22.7,11.0
2026-07-27T05:00,26.6,167,171,22.7,14.2
2026-07-27T06:00,38.9,160,160,27.2,19.0
2026-07-27T07:00,39.2,163,163,26.2,18.8
2026-07-27T08:00,39.6,164,164,25.3,18.4
2026-07-27T09:00,39.6,165,164,23.3,17.2
2026-07-27T10:00,38.2,166,165,22.0,16.6
2026-07-27T11:00,37.4,163,161,22.4,16.9
2026-07-27T12:00,37.8,164,163,21.8,16.2
2026-07-27T13:00,36.0,153,153,20.4,15.2
2026-07-27T14:00,32.8,135,134,21.5,15.5
2026-07-27T15:00,31.7,138,138,19.7,12.4
2026-07-27T16:00,22.3,132,136,22.3,11.8
2026-07-27T17:00,20.2,145,150,20.2,9.8
2026-07-27T18:00,16.6,146,151,20.2,9.5
2026-07-27T19:00,15.8,147,157,19.0,8.0
2026-07-27T20:00,15.5,160,171,20.2,9.5
2026-07-27T21:00,15.8,165,177,20.3,9.0
2026-07-27T22:00,15.5,161,173,20.7,9.1
2026-07-27T23:00,16.2,154,165,22.0,9.7
2026-07-28T00:00,16.9,158,174,20.0,8.9
2026-07-28T01:00,14.8,162,183,18.3,7.9
2026-07-28T02:00,13.3,162,183,17.9,7.6
2026-07-28T03:00,13.0,166,188,17.4,7.5
2026-07-28T04:00,13.0,176,203,16.4,8.0
2026-07-28T05:00,16.6,181,207,15.3,7.6
2026-07-28T06:00,27.0,155,158,19.1,13.8
2026-07-28T07:00,33.5,153,154,21.1,15.5
2026-07-28T08:00,36.0,153,155,22.1,16.3
2026-07-28T09:00,37.8,153,153,22.7,16.9
2026-07-28T10:00,38.2,153,154,22.9,17.1
2026-07-28T11:00,37.8,152,153,22.8,16.8
2026-07-28T12:00,37.8,152,152,23.0,17.1
2026-07-28T13:00,37.1,152,152,23.5,17.2
2026-07-28T14:00,36.4,151,152,21.6,15.5
2026-07-28T15:00,31.7,150,150,20.3,13.1
2026-07-28T16:00,23.4,142,143,19.1,9.6
2026-07-28T17:00,17.3,133,133,20.8,10.1
2026-07-28T18:00,17.6,129,131,20.6,10.3
2026-07-28T19:00,17.6,132,140,19.9,8.9
2026-07-28T20:00,15.1,126,132,19.7,8.3
2026-07-28T21:00,14.0,124,129,18.6,7.2
2026-07-28T22:00,11.9,128,143,16.8,5.7
2026-07-28T23:00,9.0,134,157,16.2,5.5
2026-07-29T00:00,9.0,138,162,15.9,5.9
2026-07-29T01:00,9.7,144,176,14.0,5.1
2026-07-29T02:00,8.3,152,193,12.9,5.0
2026-07-29T03:00,10.8,177,223,11.5,6.4
2026-07-29T04:00,14.0,199,235,12.4,8.8
2026-07-29T05:00,16.9,204,226,14.4,7.8
2026-07-29T06:00,23.4,176,179,14.8,10.8
2026-07-29T07:00,30.6,152,154,18.7,13.8
2026-07-29T08:00,34.2,149,150,21.0,15.6
2026-07-29T09:00,36.7,151,152,22.2,16.5
2026-07-29T10:00,38.5,149,150,23.2,17.3
2026-07-29T11:00,38.9,149,149,23.3,17.3
2026-07-29T12:00,38.2,148,149,22.7,16.9
2026-07-29T13:00,36.4,148,148,22.8,16.6
2026-07-29T14:00,35.3,147,147,22.7,16.0
2026-07-29T15:00,32.8,145,144,22.3,14.4
2026-07-29T16:00,26.3,142,144,20.0,10.4
2026-07-29T17:00,18.0,145,148,19.5,9.3
2026-07-29T18:00,15.8,130,135,19.4,9.4
2026-07-29T19:00,16.2,130,133,19.2,8.4
2026-07-29T20:00,14.0,124,127,17.3,6.8
2026-07-29T21:00,11.2,124,134,15.3,5.2
2026-07-29T22:00,7.6,133,160,13.4,4.8
2026-07-29T23:00,7.2,145,182,12.7,4.7
2026-07-30T00:00,7.2,140,178,12.3,4.5
2026-07-30T01:00,8.3,155,198,12.1,5.1
2026-07-30T02:00,11.2,187,223,12.1,6.9
2026-07-30T03:00,15.5,210,234,15.8,9.1
2026-07-30T04:00,15.5,209,224,17.1,9.0
2026-07-30T05:00,18.0,202,216,18.9,8.0
2026-07-30T06:00,22.7,194,198,9.8,7.4
2026-07-30T07:00,27.4,167,168,14.6,11.2
2026-07-30T08:00,27.7,153,153,14.2,10.7
2026-07-30T09:00,29.2,154,155,15.4,11.7
2026-07-30T10:00,30.6,149,151,16.9,12.8
2026-07-30T11:00,32.8,150,151,18.2,14.0
2026-07-30T12:00,33.1,143,144,19.7,14.9
2026-07-30T13:00,33.8,142,143,19.1,14.4
2026-07-30T14:00,32.0,143,143,17.6,13.0
2026-07-30T15:00,27.4,146,147,17.4,11.6
2026-07-30T16:00,22.3,136,136,20.5,11.1
2026-07-30T17:00,19.4,135,133,19.7,9.4
2026-07-30T18:00,15.8,130,133,20.1,9.8
2026-07-30T19:00,16.6,129,135,18.2,7.4
2026-07-30T20:00,12.2,146,164,16.6,6.7
2026-07-30T21:00,11.9,154,173,16.7,7.1
2026-07-30T22:00,11.9,157,177,16.8,7.2
2026-07-30T23:00,12.2,161,179,16.8,7.2
2026-07-31T00:00,11.9,159,185,14.8,6.1
2026-07-31T01:00,10.8,166,195,14.7,6.2
2026-07-31T02:00,11.5,171,203,14.6,6.9
2026-07-31T03:00,11.9,177,209,14.8,6.8
2026-07-31T04:00,13.3,199,230,14.1,8.4
2026-07-31T05:00,17.3,213,232,15.0,8.0
2026-07-31T06:00,24.1,185,188,12.5,9.3
2026-07-31T07:00,28.8,160,159,16.6,12.5
2026-07-31T08:00,33.8,158,158,20.4,15.3
2026-07-31T09:00,36.7,156,156,22.1,16.5
2026-07-31T10:00,37.1,156,157,22.2,16.5
2026-07-31T11:00,37.1,158,159,22.7,16.8
2026-07-31T12:00,38.2,149,149,23.6,17.3
2026-07-31T13:00,37.1,148,147,23.5,17.1
2026-07-31T14:00,36.0,149,148,24.6,17.5
2026-07-31T15:00,35.6,147,147,22.9,14.7
2026-07-31T16:00,26.6,141,140,21.4,11.5
2026-07-31T17:00,20.2,137,138,21.3,10.4
2026-07-31T18:00,19.1,134,135,23.3,12.0
2026-07-31T19:00,20.5,134,138,22.4,10.4
2026-07-31T20:00,17.6,140,148,20.3,8.5
2026-07-31T21:00,14.4,150,164,19.0,7.7
2026-07-31T22:00,13.3,157,175,19.1,8.1
2026-07-31T23:00,14.4,165,180,19.2,8.3
2026-08-01T00:00,14.4,165,179,20.3,9.4
2026-08-01T01:00,16.2,173,189,20.0,8.9
2026-08-01T02:00,16.6,175,191,19.9,8.6
2026-08-01T03:00,14.4,184,209,17.0,7.4
2026-08-01T04:00,14.0,202,227,16.7,8.8
2026-08-01T05:00,18.0,214,231,16.2,8.1
2026-08-01T06:00,25.2,193,192,14.6,10.9
2026-08-01T07:00,32.8,176,177,21.3,15.5
2026-08-01T08:00,43.2,167,167,29.0,20.9
2026-08-01T09:00,48.2,168,167,32.3,23.2
2026-08-01T10:00,49.0,163,162,32.9,23.6
2026-08-01T11:00,49.3,160,159,32.0,23.2
2026-08-01T12:00,48.2,159,158,30.6,21.9
2026-08-01T13:00,44.6,150,150,27.4,19.6
2026-08-01T14:00,39.6,138,138,25.1,17.5
2026-08-01T15:00,34.6,135,133,23.4,13.9
2026-08-01T16:00,24.8,134,136,23.8,11.8
2026-08-01T17:00,20.9,139,147,21.9,9.6
2026-08-01T18:00,16.6,146,155,20.8,9.1
2026-08-01T19:00,15.5,151,162,21.7,9.3
2026-08-01T20:00,15.5,154,165,20.4,8.6
2026-08-01T21:00,14.0,163,186,19.0,8.0
2026-08-01T22:00,13.7,161,175,20.4,8.5
2026-08-01T23:00,17.3,157,162,23.1,10.4
2026-08-02T00:00,17.3,155,165,19.8,7.8
2026-08-02T01:00,14.4,159,174,20.1,8.5
2026-08-02T02:00,14.0,169,193,17.2,7.2
2026-08-02T03:00,13.7,181,208,17.3,8.1
2026-08-02T04:00,14.0,183,217,15.9,8.1
2026-08-02T05:00,18.0,195,224,18.8,8.5
2026-08-02T06:00,27.0,171,172,18.4,13.3
2026-08-02T07:00,32.8,167,168,21.4,15.6
2026-08-02T08:00,36.7,169,169,23.8,17.4
2026-08-02T09:00,41.4,163,162,26.0,19.1
2026-08-02T10:00,41.4,166,165,26.8,19.6
2026-08-02T11:00,43.2,163,162,27.6,20.2
2026-08-02T12:00,43.9,159,159,30.3,21.8
2026-08-02T13:00,45.0,159,159,29.1,20.6
2026-08-02T14:00,42.1,154,153,28.5,19.7
2026-08-02T15:00,38.9,148,149,26.3,16.4
2026-08-02T16:00,30.2,147,147,26.1,14.6
2026-08-02T17:00,26.6,146,147,27.0,14.7
2026-08-02T18:00,27.4,145,147,26.9,14.7
2026-08-02T19:00,26.3,146,147,25.6,13.3
2026-08-02T20:00,23.8,148,149,23.5,11.7
2026-08-02T21:00,20.5,152,159,22.0,10.4
2026-08-02T22:00,18.4,151,155,21.6,9.9
2026-08-02T23:00,17.3,154,161,21.4,9.5
2026-08-03T00:00,16.6,160,172,19.5,8.6
2026-08-03T01:00,14.4,166,182,19.1,8.3
2026-08-03T02:00,14.8,170,188,19.8,8.9
2026-08-03T03:00,15.5,165,179,20.5,9.0
2026-08-03T04:00,15.1,172,191,19.1,9.2
2026-08-03T05:00,18.0,175,192,19.0,9.6
2026-08-03T06:00,31.7,155,156,24.4,17.1
2026-08-03T07:00,40.0,158,158,26.2,19.0
2026-08-03T08:00,41.0,158,158,26.2,19.2
2026-08-03T09:00,42.5,159,159,27.5,20.1
2026-08-03T10:00,42.5,159,159,28.1,20.4
2026-08-03T11:00,43.6,157,159,28.5,20.7
2026-08-03T12:00,43.6,147,147,28.0,20.2
2026-08-03T13:00,41.8,150,151,26.3,18.8
2026-08-03T14:00,38.9,153,153,25.3,17.7
2026-08-03T15:00,35.3,151,152,21.7,14.1
2026-08-03T16:00,25.6,150,151,20.7,11.3
2026-08-03T17:00,20.5,153,159,22.0,11.6
2026-08-03T18:00,20.5,140,144,21.3,11.1
2026-08-03T19:00,19.4,145,147,21.4,10.7
2026-08-03T20:00,18.4,135,137,20.7,9.3
2026-08-03T21:00,15.8,141,151,19.1,8.2
2026-08-03T22:00,13.7,143,155,18.3,7.3
2026-08-03T23:00,12.2,146,160,17.9,7.3
2026-08-04T00:00,13.7,152,169,18.6,8.3
2026-08-04T01:00,14.0,163,182,18.4,8.3
2026-08-04T02:00,14.8,177,195,18.4,8.6
2026-08-04T03:00,15.1,192,212,17.8,8.9
2026-08-04T04:00,15.8,204,223,17.5,9.6
2026-08-04T05:00,19.1,208,220,18.9,8.9
2026-08-04T06:00,26.3,179,183,15.1,11.2
2026-08-04T07:00,31.3,163,166,18.8,13.9
2026-08-04T08:00,34.6,162,162,20.8,15.5
2026-08-04T09:00,36.7,158,159,21.9,16.4
2026-08-04T10:00,37.8,154,154,22.2,16.7
2026-08-04T11:00,37.8,154,154,22.5,17.0
2026-08-04T12:00,37.8,153,155,21.3,15.9
2026-08-04T13:00,34.9,158,159,20.4,15.2
2026-08-04T14:00,32.8,161,162,20.3,14.7
2026-08-04T15:00,30.2,163,164,19.9,13.5
2026-08-04T16:00,25.6,167,170,20.0,11.0
2026-08-04T17:00,19.4,167,173,21.1,10.7
2026-08-04T18:00,18.7,152,158,18.8,8.7
2026-08-04T19:00,14.4,148,156,18.4,8.1
2026-08-04T20:00,13.3,149,161,17.7,7.1
2026-08-04T21:00,11.5,149,164,17.3,6.6
2026-08-04T22:00,11.9,155,174,17.7,7.2
2026-08-04T23:00,13.3,162,183,18.3,8.1
2026-08-05T00:00,14.0,164,188,18.1,8.0
2026-08-05T01:00,14.0,173,195,18.0,8.2
2026-08-05T02:00,14.0,178,200,18.0,8.4
2026-08-05T03:00,14.4,187,212,17.2,8.5
2026-08-05T04:00,16.6,215,235,16.7,9.8
2026-08-05T05:00,18.4,217,235,17.6,8.4
2026-08-05T06:00,24.1,186,191,14.1,10.3
2026-08-05T07:00,30.6,158,159,18.1,13.5
2026-08-05T08:00,33.5,155,156,19.4,14.6
2026-08-05T09:00,33.5,159,159,18.9,14.2
2026-08-05T10:00,34.2,156,156,19.5,14.8
2026-08-05T11:00,36.0,155,154,20.9,15.8
2026-08-05T12:00,36.0,152,153,19.6,14.8
2026-08-05T13:00,33.1,151,151,20.0,15.0
2026-08-05T14:00,32.8,152,153,20.6,15.0
2026-08-05T15:00,31.0,152,152,19.8,13.2
2026-08-05T16:00,24.5,153,157,19.2,10.3
2026-08-05T17:00,18.4,147,149,20.0,10.2
2026-08-05T18:00,18.4,139,142,22.3,11.9
2026-08-05T19:00,21.2,141,143,21.1,10.5
2026-08-05T20:00,19.1,141,145,22.3,11.0
2026-08-05T21:00,19.4,139,141,21.7,10.6
2026-08-05T22:00,18.7,144,149,21.5,10.3
2026-08-05T23:00,18.7,151,156,22.1,10.6
2026-08-06T00:00,18.7,146,150,20.8,10.7
2026-08-06T01:00,18.7,154,162,21.7,10.2
2026-08-06T02:00,18.0,161,172,20.0,9.3
2026-08-06T03:00,15.5,170,189,17.5,8.0
2026-08-06T04:00,13.7,185,214,15.5,8.4
2026-08-06T05:00,18.4,204,224,16.4,8.8
2026-08-06T06:00,25.6,170,172,16.8,12.2
2026-08-06T07:00,33.8,153,154,21.2,15.6
2026-08-06T08:00,35.6,154,155,21.4,15.9
2026-08-06T09:00,37.1,153,153,21.9,16.4
2026-08-06T10:00,37.8,146,146,22.7,17.0
2026-08-06T11:00,37.8,147,147,22.6,16.7
2026-08-06T12:00,36.4,145,146,22.1,16.2
2026-08-06T13:00,34.6,150,150,20.3,14.9
2026-08-06T14:00,32.0,146,146,19.3,13.9
2026-08-06T15:00,28.4,147,148,19.4,12.8
2026-08-06T16:00,23.4,157,162,18.8,9.4
2026-08-06T17:00,16.2,158,163,19.2,9.1
2026-08-06T18:00,15.5,152,160,19.2,9.0
2026-08-06T19:00,15.8,152,159,20.4,9.5
2026-08-06T20:00,15.8,151,160,20.1,8.8
2026-08-06T21:00,15.1,153,164,19.7,8.6
2026-08-06T22:00,14.8,156,167,20.1,8.9
2026-08-06T23:00,15.1,161,174,19.6,9.0
2026-08-07T00:00,15.5,161,179,18.3,8.6
2026-08-07T01:00,14.4,163,183,17.7,7.9
2026-08-07T02:00,13.3,169,193,16.5,7.2
2026-08-07T03:00,13.0,187,211,15.6,7.6
2026-08-07T04:00,13.7,184,210,15.7,8.6
2026-08-07T05:00,17.6,213,236,15.6,8.0
2026-08-07T06:00,22.7,152,153,16.5,12.1
2026-08-07T07:00,32.0,165,167,15.5,11.3
2026-08-07T08:00,33.8,153,154,21.7,16.0
2026-08-07T09:00,37.4,155,155,21.7,16.1
2026-08-07T10:00,37.1,153,153,21.9,16.4
2026-08-07T11:00,37.4,151,151,22.3,16.6
2026-08-07T12:00,37.1,139,140,23.1,17.0
2026-08-07T13:00,35.3,134,134,24.8,17.8
2026-08-07T14:00,36.7,130,129,22.9,16.2
2026-08-07T15:00,32.4,128,128,21.0,13.7
2026-08-07T16:00,25.9,126,128,19.7,11.2
2026-08-07T17:00,19.8,130,133,19.8,10.3
2026-08-07T18:00,18.0,133,137,20.4,10.6
2026-08-07T19:00,18.4,140,143,19.2,8.7
2026-08-07T20:00,15.1,146,153,18.5,7.9
2026-08-07T21:00,15.1,142,148,20.7,9.1
2026-08-07T22:00,15.5,150,158,19.9,8.6
2026-08-07T23:00,14.4,157,171,18.3,7.8
2026-08-08T00:00,13.0,163,196,14.3,5.8
2026-08-08T01:00,10.1,187,223,12.3,5.9
2026-08-08T02:00,10.8,201,233,12.0,6.3
2026-08-08T03:00,13.3,214,239,13.6,7.7
2026-08-08T04:00,14.4,214,231,15.3,8.6
2026-08-08T05:00,15.8,211,221,14.1,6.9
2026-08-08T06:00,22.7,180,183,14.6,10.8
2026-08-08T07:00,28.1,153,154,14.6,11.0
2026-08-08T08:00,30.6,153,153,17.8,13.4
2026-08-08T09:00,30.6,156,156,13.4,9.4
2026-08-08T10:00,30.6,153,154,18.5,13.8
2026-08-08T11:00,33.1,149,150,19.7,14.8
2026-08-08T12:00,36.4,138,138,23.1,16.3
2026-08-08T13:00,34.9,139,139,22.3,16.1
2026-08-08T14:00,34.2,136,135,23.2,16.4
2026-08-08T15:00,33.1,135,135,21.8,14.0
2026-08-08T16:00,25.6,132,134,20.1,10.9
2026-08-08T17:00,19.1,137,138,19.1,9.4
2026-08-08T18:00,16.2,137,141,19.5,9.5
2026-08-08T19:00,16.2,140,147,19.3,8.6
2026-08-08T20:00,14.4,141,147,18.7,7.9
2026-08-08T21:00,13.3,145,153,17.8,7.1
2026-08-08T22:00,11.9,146,158,16.7,6.2
2026-08-08T23:00,10.1,149,166,15.3,5.4
2026-08-09T00:00,8.6,160,194,12.9,5.4
2026-08-09T01:00,9.4,161,200,13.1,5.4
2026-08-09T02:00,10.1,164,210,12.7,5.8
2026-08-09T03:00,11.5,183,228,11.9,6.8
2026-08-09T04:00,14.4,200,235,13.4,9.0
2026-08-09T05:00,16.9,198,236,14.0,7.4
2026-08-09T06:00,20.2,164,173,10.3,7.1
2026-08-09T07:00,30.6,139,140,19.1,14.1
2026-08-09T08:00,34.9,138,138,21.2,15.7
2026-08-09T09:00,36.7,135,135,22.5,16.8
2026-08-09T10:00,37.1,136,136,22.8,16.9
2026-08-09T11:00,38.5,137,137,23.7,17.6
2026-08-09T12:00,38.5,129,130,23.8,17.5
2026-08-09T13:00,37.8,127,127,23.9,17.2
2026-08-09T14:00,36.4,127,128,23.1,16.4
2026-08-09T15:00,33.1,131,132,21.6,13.5
2026-08-09T16:00,24.1,134,138,18.7,8.9
2026-08-09T17:00,15.5,136,143,18.7,8.1
2026-08-09T18:00,15.1,133,137,21.4,9.8
2026-08-09T19:00,17.6,131,137,22.2,10.1
2026-08-09T20:00,18.4,128,131,23.1,10.7
2026-08-09T21:00,18.4,127,127,22.9,10.4
2026-08-09T22:00,17.6,130,132,22.0,9.4
2026-08-09T23:00,15.8,134,138,20.5,8.4
2026-08-10T00:00,14.0,134,137,21.1,9.3
2026-08-10T01:00,15.5,134,142,19.9,7.8
2026-08-10T02:00,13.0,137,147,18.8,7.3
2026-08-10T03:00,11.9,140,161,17.8,6.7
2026-08-10T04:00,10.8,144,184,14.8,5.8
2026-08-10T05:00,14.4,148,173,13.2,6.3
2026-08-10T06:00,27.0,128,129,20.0,14.5
2026-08-10T07:00,31.7,133,133,19.1,14.1
2026-08-10T08:00,33.5,134,135,19.5,14.6
2026-08-10T09:00,33.8,135,136,19.2,14.4
2026-08-10T10:00,33.5,133,134,19.2,14.5
2026-08-10T11:00,33.8,130,130,19.0,14.4
2026-08-10T12:00,32.8,120,121,17.5,13.4
2026-08-10T13:00,31.0,121,122,16.9,12.7
2026-08-10T14:00,28.8,122,123,15.9,11.8
2026-08-10T15:00,25.2,126,127,15.3,10.4
2026-08-10T16:00,18.7,129,133,15.2,7.6
2026-08-10T17:00,13.0,128,132,14.8,6.5
2026-08-10T18:00,10.8,123,134,16.7,7.3
2026-08-10T19:00,12.2,119,128,17.7,7.6
2026-08-10T20:00,12.6,120,130,17.8,7.3
2026-08-10T21:00,12.2,124,133,17.8,7.1
2026-08-10T22:00,12.6,129,137,18.2,7.6
2026-08-10T23:00,13.0,127,132,19.0,7.8
2026-08-11T00:00,13.0,124,131,18.3,7.1
2026-08-11T01:00,11.5,124,131,17.8,6.6
2026-08-11T02:00,10.8,122,131,16.5,5.7
2026-08-11T03:00,8.3,118,128,14.5,5.0
2026-08-11T04:00,6.8,126,209,8.9,2.3
2026-08-11T05:00,11.9,202,259,3.9,3.8
2026-08-11T06:00,15.8,164,184,3.2,2.3
2026-08-11T07:00,21.6,122,121,8.5,6.7
2026-08-11T08:00,23.0,117,116,11.3,8.8
2026-08-11T09:00,24.1,132,133,11.1,8.8
2026-08-11T10:00,24.5,136,137,11.6,8.9
2026-08-11T11:00,27.0,140,140,14.1,10.7
2026-08-11T12:00,29.2,135,135,18.2,13.7
2026-08-11T13:00,32.0,136,136,18.8,14.1
2026-08-11T14:00,31.3,141,141,17.3,12.8
2026-08-11T15:00,27.0,145,145,16.2,10.7
2026-08-11T16:00,19.4,146,151,15.0,7.0
2026-08-11T17:00,11.9,141,148,15.3,6.5
2026-08-11T18:00,11.2,130,135,17.7,7.6
2026-08-11T19:00,12.6,132,139,17.7,7.1
2026-08-11T20:00,11.5,132,141,16.7,6.0
2026-08-11T21:00,10.4,132,142,17.3,6.7
2026-08-11T22:00,12.2,135,144,18.1,7.3
2026-08-11T23:00,12.2,139,149,17.5,6.9
2026-08-12T00:00,11.5,142,166,16.3,6.7
2026-08-12T01:00,10.8,145,173,15.4,6.0
2026-08-12T02:00,10.4,146,175,15.6,6.3
2026-08-12T03:00,11.2,153,187,15.0,6.2
2026-08-12T04:00,11.5,171,219,12.2,6.9
2026-08-12T05:00,13.7,180,245,10.4,5.2
2026-08-12T06:00,17.6,176,187,8.7,6.2
2026-08-12T07:00,24.8,146,148,13.2,9.9
2026-08-12T08:00,30.6,144,145,17.0,12.9
2026-08-12T09:00,33.8,148,148,18.9,14.5
2026-08-12T10:00,34.2,149,149,19.5,14.7
2026-08-12T11:00,34.6,151,150,19.6,14.9
2026-08-12T12:00,34.6,146,145,21.3,16.2
2026-08-12T13:00,35.6,146,146,19.9,14.9
2026-08-12T14:00,32.4,145,146,17.8,13.1
2026-08-12T15:00,27.7,143,142,16.6,10.8
2026-08-12T16:00,19.1,141,139,17.7,8.8
2026-08-12T17:00,15.1,147,151,18.3,8.5
2026-08-12T18:00,14.0,139,140,20.2,9.3
2026-08-12T19:00,18.0,142,145,22.3,10.6
2026-08-12T20:00,18.0,141,144,22.7,10.4
2026-08-12T21:00,18.0,143,148,21.7,9.8
2026-08-12T22:00,16.2,143,150,20.4,8.7
2026-08-12T23:00,14.4,144,151,20.1,8.5
2026-08-13T00:00,14.4,147,158,18.2,7.4
2026-08-13T01:00,13.3,150,161,18.8,7.8
2026-08-13T02:00,13.0,159,179,17.5,7.2
2026-08-13T03:00,12.6,174,200,16.3,7.5
2026-08-13T04:00,14.0,187,217,15.4,8.7
2026-08-13T05:00,16.2,199,228,13.0,6.8
2026-08-13T06:00,21.2,191,196,11.0,8.3
2026-08-13T07:00,24.8,180,182,12.6,9.5
2026-08-13T08:00,31.0,169,169,18.1,13.7
2026-08-13T09:00,36.4,162,162,21.6,16.1
2026-08-13T10:00,38.9,159,158,23.3,17.3
2026-08-13T11:00,41.8,159,158,25.8,19.2
2026-08-13T12:00,42.5,162,162,26.8,19.6
2026-08-13T13:00,41.8,157,157,27.7,19.9
2026-08-13T14:00,41.0,156,156,24.4,17.2
2026-08-13T15:00,34.6,148,147,21.0,13.9
2026-08-13T16:00,25.2,141,142,17.3,8.7
2026-08-13T17:00,15.1,140,141,18.5,9.1
2026-08-13T18:00,19.4,141,143,21.5,11.1
2026-08-13T19:00,18.7,146,151,20.9,9.5
2026-08-13T20:00,16.2,156,171,18.9,8.2
2026-08-13T21:00,13.7,159,172,18.4,7.5
2026-08-13T22:00,13.0,154,165,17.9,7.6
2026-08-13T23:00,13.0,168,188,16.9,7.5
2026-08-14T00:00,14.0,175,198,17.9,8.9
2026-08-14T01:00,15.8,190,207,18.6,9.3
2026-08-14T02:00,16.6,192,210,19.5,9.6
2026-08-14T03:00,17.6,189,204,20.8,10.2
2026-08-14T04:00,19.1,201,212,20.7,11.5
2026-08-14T05:00,25.9,195,196,18.3,12.5
2026-08-14T06:00,34.9,192,194,19.7,14.5
2026-08-14T07:00,39.6,182,184,23.2,17.0
2026-08-14T08:00,42.1,171,171,27.3,19.9
2026-08-14T09:00,46.4,165,164,30.2,22.1
2026-08-14T10:00,47.5,157,156,29.5,21.7
2026-08-14T11:00,46.1,153,153,28.0,20.5
2026-08-14T12:00,43.9,150,150,29.3,21.1
2026-08-14T13:00,43.9,146,145,30.1,21.5
2026-08-14T14:00,43.6,139,138,28.6,19.9
2026-08-14T15:00,39.6,138,138,25.5,16.8
2026-08-14T16:00,31.3,144,147,24.1,13.8
2026-08-14T17:00,25.6,145,147,25.9,14.2
2026-08-14T18:00,29.5,143,144,29.4,16.9
2026-08-14T19:00,31.7,142,142,29.4,16.7
2026-08-14T20:00,31.3,149,150,29.7,17.0
2026-08-14T21:00,31.3,149,151,29.3,17.1
2026-08-14T22:00,31.3,152,153,29.5,16.6
2026-08-14T23:00,30.6,151,152,29.2,16.3
2026-08-15T00:00,29.9,175,183,22.0,11.2
2026-08-15T01:00,25.2,133,131,21.4,11.2
2026-08-15T02:00,26.3,163,164,29.2,16.5
2026-08-15T03:00,29.9,163,169,25.6,12.8
2026-08-15T04:00,24.5,158,166,27.1,14.7
2026-08-15T05:00,25.9,177,191,23.8,13.7
2026-08-15T06:00,36.4,164,167,26.6,17.3
2026-08-15T07:00,44.3,164,166,32.0,22.4
2026-08-15T08:00,46.1,161,161,31.1,22.1
2026-08-15T09:00,50.8,158,159,33.9,24.2
2026-08-15T10:00,49.3,157,158,32.2,22.9
2026-08-15T11:00,47.5,158,157,32.2,23.0
2026-08-15T12:00,47.9,152,152,30.4,21.4
2026-08-15T13:00,44.3,150,150,28.5,20.4
2026-08-15T14:00,41.4,141,142,26.0,17.9
2026-08-15T15:00,35.3,143,144,23.8,15.2
2026-08-15T16:00,28.4,144,145,23.7,13.2
2026-08-15T17:00,23.4,142,143,22.7,11.7
2026-08-15T18:00,21.6,142,145,23.9,12.5
2026-08-15T19:00,22.3,142,144,22.8,11.6
2026-08-15T20:00,20.2,146,151,21.7,10.5
2026-08-15T21:00,18.0,156,162,21.3,9.8
2026-08-15T22:00,17.6,159,164,21.8,10.1
2026-08-15T23:00,18.0,159,167,22.1,10.2
2026-08-16T00:00,17.6,158,168,19.2,9.0
2026-08-16T01:00,15.8,164,177,20.2,9.2
2026-08-16T02:00,15.8,171,188,19.1,8.6
2026-08-16T03:00,14.8,178,197,18.7,8.5
2026-08-16T04:00,16.2,190,209,18.5,9.9
2026-08-16T05:00,20.2,196,206,15.3,9.4
2026-08-16T06:00,35.3,161,163,24.4,17.5
2026-08-16T07:00,41.0,158,158,27.6,19.8
2026-08-16T08:00,42.1,160,160,27.6,20.1
2026-08-16T09:00,42.1,163,163,27.7,20.0
2026-08-16T10:00,42.5,158,157,28.1,20.3
2026-08-16T11:00,43.9,154,155,28.7,20.9
2026-08-16T12:00,44.6,149,149,28.1,20.5
2026-08-16T13:00,42.5,149,149,27.8,20.0
2026-08-16T14:00,40.7,149,149,27.0,18.9
2026-08-16T15:00,37.4,152,153,23.9,15.5
2026-08-16T16:00,28.1,146,147,20.6,11.2
2026-08-16T17:00,19.8,141,144,20.2,10.2
2026-08-16T18:00,18.4,130,135,21.1,10.7
2026-08-16T19:00,20.2,130,136,22.5,11.3
2026-08-16T20:00,20.2,135,139,21.8,10.5
2026-08-16T21:00,18.4,140,149,19.4,8.4
2026-08-16T22:00,14.4,150,163,18.9,8.1
2026-08-16T23:00,15.1,156,168,19.7,8.8
2026-08-17T00:00,15.1,161,176,18.3,8.3
2026-08-17T01:00,14.0,169,189,16.9,7.3
2026-08-17T02:00,13.7,176,194,17.0,8.0
2026-08-17T03:00,14.4,185,204,17.0,8.3
2026-08-17T04:00,16.6,201,218,17.3,10.0
2026-08-17T05:00,21.2,210,220,16.6,9.8
2026-08-17T06:00,27.4,186,191,15.2,11.2
2026-08-17T07:00,33.8,158,160,22.1,15.9
2026-08-17T08:00,41.8,157,158,28.1,20.3
2026-08-17T09:00,42.8,159,160,28.5,20.7
2026-08-17T10:00,44.6,157,158,29.3,21.2
2026-08-17T11:00,44.3,152,152,28.9,20.9
2026-08-17T12:00,43.9,151,150,28.5,20.7
2026-08-17T13:00,43.6,151,152,28.3,20.2
2026-08-17T14:00,41.4,152,152,27.6,19.1
2026-08-17T15:00,37.8,150,150,26.7,17.1
2026-08-17T16:00,31.7,144,145,23.5,13.0
2026-08-17T17:00,24.5,142,144,24.3,13.6
2026-08-17T18:00,24.5,134,137,23.4,12.6
2026-08-17T19:00,22.7,129,130,23.2,12.3
2026-08-17T20:00,21.6,132,134,22.0,11.3
2026-08-17T21:00,20.2,137,141,20.8,10.2
2026-08-17T22:00,18.0,146,153,18.2,8.9
2026-08-17T23:00,15.8,151,157,18.0,8.8
2026-08-18T00:00,15.5,149,163,18.1,7.3
2026-08-18T01:00,12.2,155,173,16.9,7.1
2026-08-18T02:00,11.9,163,187,15.6,6.3
2026-08-18T03:00,11.9,175,201,15.5,7.0
2026-08-18T04:00,14.8,192,215,16.0,9.2
2026-08-18T05:00,20.2,201,214,15.6,9.3
2026-08-18T06:00,29.2,150,152,22.4,15.9
2026-08-18T07:00,37.8,153,154,25.0,18.0
2026-08-18T08:00,39.2,150,151,25.7,18.8
2026-08-18T09:00,42.5,150,150,26.5,19.5
2026-08-18T10:00,42.5,147,147,26.7,19.7
2026-08-18T11:00,42.5,145,145,26.3,19.3
2026-08-18T12:00,41.4,140,140,25.7,18.8
2026-08-18T13:00,39.6,141,141,25.7,18.6
2026-08-18T14:00,38.5,141,140,25.3,17.8
2026-08-18T15:00,35.6,138,137,22.9,14.8
2026-08-18T16:00,27.7,133,134,20.9,11.7
2026-08-18T17:00,22.0,133,134,22.3,12.0
2026-08-18T18:00,21.2,124,127,21.8,11.3
2026-08-18T19:00,19.8,121,124,20.4,9.7
2026-08-18T20:00,16.6,126,132,19.6,8.3
2026-08-18T21:00,14.0,138,158,17.1,6.2
2026-08-18T22:00,11.2,148,171,17.4,6.9
2026-08-18T23:00,13.3,155,170,18.7,8.0
2026-08-19T00:00,13.3,150,168,16.6,6.8
2026-08-19T01:00,11.2,157,180,16.5,6.8
2026-08-19T02:00,11.9,179,207,14.9,6.7
2026-08-19T03:00,12.6,194,225,14.7,7.4
2026-08-19T04:00,14.4,197,223,15.7,9.0
2026-08-19T05:00,18.0,203,221,15.1,7.9
2026-08-19T06:00,29.2,173,177,16.9,12.3
2026-08-19T07:00,33.8,161,162,19.8,14.6
2026-08-19T08:00,36.7,157,158,23.2,17.1
2026-08-19T09:00,39.2,160,160,24.9,18.2
2026-08-19T10:00,40.0,158,158,25.4,18.6
2026-08-19T11:00,41.0,159,159,25.3,18.8
2026-08-19T12:00,40.3,154,155,26.2,19.1
2026-08-19T13:00,39.2,150,150,23.6,17.2
2026-08-19T14:00,36.4,149,150,25.0,17.7
2026-08-19T15:00,35.6,147,148,22.8,14.8
2026-08-19T16:00,26.6,153,157,19.3,10.2
2026-08-19T17:00,19.4,152,153,21.5,11.1
2026-08-19T18:00,20.5,139,140,22.8,12.0
2026-08-19T19:00,22.3,143,145,23.1,12.0
2026-08-19T20:00,21.6,145,148,23.4,11.9
2026-08-19T21:00,22.0,146,150,24.9,12.5
2026-08-19T22:00,22.3,150,153,24.0,12.1
2026-08-19T23:00,20.9,154,160,22.7,10.7
2026-08-20T00:00,18.7,160,173,19.9,8.9
2026-08-20T01:00,14.8,169,187,18.5,8.4
2026-08-20T02:00,14.4,185,207,17.2,8.3
2026-08-20T03:00,14.0,200,226,15.7,8.0
2026-08-20T04:00,15.5,213,230,17.1,9.2
2026-08-20T05:00,17.3,212,222,14.9,7.8
2026-08-20T06:00,26.3,176,179,16.1,11.9
2026-08-20T07:00,33.1,164,165,17.2,12.8
2026-08-20T08:00,33.5,159,160,20.0,15.0
2026-08-20T09:00,34.6,159,159,21.0,15.6
2026-08-20T10:00,36.0,159,158,21.6,16.1
2026-08-20T11:00,36.7,162,162,22.5,16.8
2026-08-20T12:00,37.1,154,153,19.9,14.9
2026-08-20T13:00,32.8,149,148,20.2,14.9
2026-08-20T14:00,32.4,150,148,20.3,14.5
2026-08-20T15:00,29.5,154,153,19.0,13.0
2026-08-20T16:00,24.1,155,157,16.7,8.8
2026-08-20T17:00,15.1,150,160,17.0,7.9
2026-08-20T18:00,14.4,135,138,21.5,11.2
2026-08-20T19:00,19.4,142,150,19.8,9.6
2026-08-20T20:00,16.6,149,156,20.1,9.4
2026-08-20T21:00,16.9,148,155,19.9,9.5
2026-08-20T22:00,16.6,150,159,18.9,8.5
2026-08-20T23:00,15.1,151,160,19.8,9.0
2026-08-21T00:00,15.8,161,176,18.6,8.8
2026-08-21T01:00,14.8,167,183,17.9,8.1
2026-08-21T02:00,13.7,179,200,16.0,7.5
2026-08-21T03:00,14.8,201,221,16.4,8.6
2026-08-21T04:00,16.2,208,223,17.3,9.4
2026-08-21T05:00,23.4,205,207,15.1,11.1
2026-08-21T06:00,30.2,180,182,18.2,13.3
2026-08-21T07:00,33.1,166,167,19.1,14.1
2026-08-21T08:00,34.6,158,158,20.8,15.5
2026-08-21T09:00,36.7,156,156,21.7,16.1
2026-08-21T10:00,40.0,150,149,24.2,18.1
2026-08-21T11:00,42.1,148,147,26.0,19.3
2026-08-21T12:00,41.8,154,154,25.0,18.0
2026-08-21T13:00,38.2,145,144,22.7,16.6
2026-08-21T14:00,35.3,146,147,19.4,14.0
2026-08-21T15:00,29.5,146,147,20.5,13.8
2026-08-21T16:00,26.3,145,148,19.0,10.8
2026-08-21T17:00,21.2,147,149,21.2,11.8
2026-08-21T18:00,22.0,156,160,21.4,11.9
2026-08-21T19:00,24.5,156,158,24.3,14.0
2026-08-21T20:00,25.2,158,162,21.4,10.8
2026-08-21T21:00,20.2,153,155,22.7,11.4
2026-08-21T22:00,19.8,151,154,22.2,11.0
2026-08-21T23:00,19.8,152,154,21.8,10.8
2026-08-22T00:00,18.7,150,156,20.6,9.7
2026-08-22T01:00,16.2,153,161,20.6,9.5
2026-08-22T02:00,16.9,155,163,20.2,9.4
2026-08-22T03:00,15.8,156,172,17.9,7.6
2026-08-22T04:00,16.9,130,135,19.0,10.4
2026-08-22T05:00,22.0,139,136,15.4,10.6
2026-08-22T06:00,24.1,145,147,16.8,12.4
2026-08-22T07:00,30.6,174,178,12.8,9.7
2026-08-22T08:00,31.3,161,162,15.0,11.3
2026-08-22T09:00,35.6,158,158,19.4,14.7
2026-08-22T10:00,37.1,154,154,20.8,15.6
2026-08-22T11:00,37.1,140,140,18.9,14.1
2026-08-22T12:00,36.0,148,148,22.3,16.3
2026-08-22T13:00,36.0,147,148,21.6,15.8
2026-08-22T14:00,34.2,139,138,20.5,14.8
2026-08-22T15:00,30.6,138,139,17.7,12.2
2026-08-22T16:00,23.0,144,149,14.2,7.6
2026-08-22T17:00,13.3,147,150,16.1,7.7
2026-08-22T18:00,14.8,136,137,16.9,9.0
2026-08-22T19:00,16.2,135,136,16.5,8.0
2026-08-22T20:00,13.7,135,138,16.4,7.3
2026-08-22T21:00,12.6,134,143,14.1,5.4
2026-08-22T22:00,10.1,136,145,15.2,6.3
2026-08-22T23:00,12.2,141,151,16.8,7.4
2026-08-23T00:00,12.2,132,153,12.6,4.8
2026-08-23T01:00,8.6,137,162,13.0,5.1
2026-08-23T02:00,8.3,144,183,10.3,3.8
2026-08-23T03:00,5.4,163,223,7.5,3.2
2026-08-23T04:00,8.3,181,234,7.7,5.5
2026-08-23T05:00,13.0,181,195,7.6,5.0
2026-08-23T06:00,20.5,139,143,11.4,8.6
2026-08-23T07:00,25.6,139,141,14.0,10.5
2026-08-23T08:00,30.2,144,144,16.7,12.6
2026-08-23T09:00,33.8,145,145,19.0,14.5
2026-08-23T10:00,34.9,143,143,19.9,15.2
2026-08-23T11:00,35.6,138,139,20.0,15.3
2026-08-23T12:00,35.3,136,136,21.0,15.9
2026-08-23T13:00,36.0,132,132,21.7,16.2
2026-08-23T14:00,35.3,128,129,21.9,15.7
2026-08-23T15:00,32.8,130,130,20.8,14.2
2026-08-23T16:00,27.4,127,128,19.3,11.0
2026-08-23T17:00,19.8,135,139,19.9,10.2
2026-08-23T18:00,19.1,133,137,22.0,11.6
2026-08-23T19:00,20.5,133,136,21.5,10.8
2026-08-23T20:00,19.1,126,128,20.3,9.8
2026-08-23T21:00,17.3,128,131,19.1,8.8
2026-08-23T22:00,15.5,126,129,18.8,8.1
2026-08-23T23:00,14.4,127,128,18.1,7.6
2026-08-24T00:00,13.0,126,142,14.8,5.0
2026-08-24T01:00,7.6,128,145,14.8,5.0
2026-08-24T02:00,7.6,131,152,13.5,4.7
2026-08-24T03:00,6.5,141,180,11.8,4.1
2026-08-24T04:00,7.2,152,197,10.8,4.9
2026-08-24T05:00,13.3,159,171,8.9,5.7
2026-08-24T06:00,24.5,139,141,13.8,10.1
2026-08-24T07:00,28.1,139,140,15.7,12.0
2026-08-24T08:00,31.7,141,142,17.7,13.3
2026-08-24T09:00,34.2,141,142,19.2,14.6
2026-08-24T10:00,35.6,139,139,20.2,15.4
2026-08-24T11:00,35.6,137,137,19.9,15.2
2026-08-24T12:00,34.9,136,137,21.0,15.8
2026-08-24T13:00,35.6,136,136,20.6,15.3
2026-08-24T14:00,33.8,133,133,20.8,15.2
2026-08-24T15:00,31.7,135,134,20.7,14.1
2026-08-24T16:00,27.4,138,139,18.7,10.7
2026-08-24T17:00,19.1,137,141,17.2,8.3
2026-08-24T18:00,14.4,132,135,17.0,7.9
2026-08-24T19:00,13.3,125,128,17.6,8.0
2026-08-24T20:00,13.7,126,129,17.9,7.7
2026-08-24T21:00,13.0,125,129,16.4,6.5
2026-08-24T22:00,10.8,134,145,17.1,6.8
2026-08-24T23:00,11.9,137,145,18.1,7.2
2026-08-25T00:00,13.3,126,135,19.5,8.4
2026-08-25T01:00,15.5,121,123,20.2,9.0
2026-08-25T02:00,15.1,124,130,18.4,7.3
2026-08-25T03:00,11.9,132,157,15.9,5.5
2026-08-25T04:00,8.6,140,178,13.3,5.6
2026-08-25T05:00,14.0,159,171,9.1,5.8
2026-08-25T06:00,26.3,150,153,12.7,9.5
2026-08-25T07:00,32.4,140,140,15.5,11.8
2026-08-25T08:00,31.0,142,142,17.2,13.1
2026-08-25T09:00,34.9,146,146,20.1,15.3
2026-08-25T10:00,37.1,143,144,21.7,16.3
2026-08-25T11:00,39.2,144,144,23.7,17.6
2026-08-25T12:00,39.6,141,141,22.0,16.5
2026-08-25T13:00,36.7,142,142,20.9,15.6
2026-08-25T14:00,34.2,143,143,20.3,14.9
2026-08-25T15:00,31.0,145,145,20.5,14.1
2026-08-25T16:00,26.6,146,145,19.2,10.7
2026-08-25T17:00,19.1,149,150,18.7,9.6
2026-08-25T18:00,16.9,140,141,20.2,10.6
2026-08-25T19:00,18.7,141,144,20.5,10.3
2026-08-25T20:00,18.0,139,141,20.7,10.1
2026-08-25T21:00,17.6,142,145,20.5,9.8
2026-08-25T22:00,16.9,138,141,20.1,9.1
2026-08-25T23:00,15.5,138,142,19.7,8.9
2026-08-26T00:00,16.9,141,153,19.6,8.5
2026-08-26T01:00,14.4,148,159,18.6,8.1
2026-08-26T02:00,13.7,157,169,18.1,7.9
2026-08-26T03:00,13.3,168,191,15.1,6.4
2026-08-26T04:00,11.2,177,212,12.1,6.8
2026-08-26T05:00,15.1,171,187,9.3,6.0
2026-08-26T06:00,27.7,143,145,15.8,11.4
2026-08-26T07:00,31.3,142,142,18.2,13.7
2026-08-26T08:00,34.2,141,141,20.1,15.1
2026-08-26T09:00,38.2,142,141,23.4,17.3
2026-08-26T10:00,38.9,143,143,23.8,17.6
2026-08-26T11:00,42.5,139,138,26.4,19.5
2026-08-26T12:00,42.5,135,136,25.8,19.0
2026-08-26T13:00,40.3,137,137,25.2,18.3
2026-08-26T14:00,38.5,138,138,24.5,17.5
2026-08-26T15:00,35.6,139,140,24.0,16.2
2026-08-26T16:00,30.6,136,137,20.9,12.0
2026-08-26T17:00,21.2,136,138,20.6,10.8
2026-08-26T18:00,19.4,133,136,21.0,11.3
2026-08-26T19:00,20.2,133,137,21.0,10.6
2026-08-26T20:00,18.7,133,136,20.6,9.8
2026-08-26T21:00,16.9,135,139,20.0,8.6
2026-08-26T22:00,14.4,135,141,19.7,8.3
2026-08-26T23:00,15.1,136,144,19.7,8.6
2026-08-27T00:00,14.8,139,154,18.5,7.8
2026-08-27T01:00,13.3,137,148,18.6,7.8
2026-08-27T02:00,13.0,134,143,18.3,7.5
2026-08-27T03:00,12.2,140,156,17.2,6.7
2026-08-27T04:00,11.2,148,174,15.0,7.4
2026-08-27T05:00,16.2,160,172,13.2,8.2
2026-08-27T06:00,30.2,146,148,19.1,13.8
2026-08-27T07:00,33.1,146,147,20.0,14.8
2026-08-27T08:00,36.0,146,146,21.2,16.0
2026-08-27T09:00,39.6,146,146,23.4,17.5
2026-08-27T10:00,39.2,147,147,24.4,18.0
2026-08-27T11:00,42.8,146,146,26.9,19.7
2026-08-27T12:00,42.5,143,142,27.4,20.0
2026-08-27T13:00,42.5,143,143,28.7,20.6
2026-08-27T14:00,42.1,145,145,27.0,19.1
2026-08-27T15:00,38.2,146,146,24.9,16.7
2026-08-27T16:00,31.7,148,149,23.2,13.4
2026-08-27T17:00,24.1,144,146,23.0,12.8
2026-08-27T18:00,23.4,138,141,23.1,12.4
2026-08-27T19:00,22.3,141,145,21.9,11.2
2026-08-27T20:00,20.2,145,150,21.2,10.4
2026-08-27T21:00,19.1,146,150,21.8,10.8
2026-08-27T22:00,20.2,149,153,22.4,11.4
2026-08-27T23:00,20.5,151,153,23.2,11.7
2026-08-28T00:00,21.2,149,150,24.0,12.4
2026-08-28T01:00,23.0,151,154,24.7,12.8
2026-08-28T02:00,23.4,153,156,25.2,13.2
2026-08-28T03:00,23.4,157,159,24.8,12.7
2026-08-28T04:00,24.5,159,163,25.4,13.9
2026-08-28T05:00,36.0,156,157,28.2,19.2
2026-08-28T06:00,42.5,150,151,26.7,18.9
2026-08-28T07:00,40.7,156,156,26.8,19.3
2026-08-28T08:00,45.0,155,155,29.3,21.4
2026-08-28T09:00,45.7,156,156,29.8,21.7
2026-08-28T10:00,45.7,155,156,30.5,22.1
2026-08-28T11:00,46.1,153,154,31.8,22.7
2026-08-28T12:00,47.5,154,154,30.0,21.6
2026-08-28T13:00,45.0,151,150,27.6,19.9
2026-08-28T14:00,41.0,149,149,25.5,18.1
2026-08-28T15:00,36.7,140,140,25.2,16.9
2026-08-28T16:00,32.0,144,147,25.0,14.7
2026-08-28T17:00,26.6,149,153,24.2,13.4
2026-08-28T18:00,24.5,148,152,24.4,13.4
2026-08-28T19:00,24.1,149,153,22.9,11.9
2026-08-28T20:00,21.2,147,150,22.8,11.6
2026-08-28T21:00,20.9,145,148,23.0,11.6
2026-08-28T22:00,22.0,143,145,23.3,12.1
2026-08-28T23:00,21.6,146,148,22.7,11.6
2026-08-29T00:00,20.9,146,149,22.2,11.4
2026-08-29T01:00,19.8,152,155,22.1,10.7
2026-08-29T02:00,19.1,155,160,21.1,10.1
2026-08-29T03:00,17.6,155,164,20.6,9.6
2026-08-29T04:00,16.2,161,176,18.7,9.7
2026-08-29T05:00,20.2,170,178,14.6,9.5
2026-08-29T06:00,32.0,148,149,19.2,14.0
2026-08-29T07:00,32.8,151,151,19.0,14.4
2026-08-29T08:00,34.2,149,149,19.7,14.8
2026-08-29T09:00,36.0,133,131,23.6,17.7
2026-08-29T10:00,39.2,132,132,23.1,17.0
2026-08-29T11:00,38.9,132,133,24.2,18.1
2026-08-29T12:00,38.2,134,134,22.8,16.2
2026-08-29T13:00,32.4,131,131,19.7,13.6
2026-08-29T14:00,27.7,145,147,16.3,10.9
2026-08-29T15:00,21.6,152,155,15.1,9.7
2026-08-29T16:00,18.7,142,149,15.3,7.7
2026-08-29T17:00,13.3,146,153,15.9,7.1
2026-08-29T18:00,14.0,146,150,18.4,9.4
2026-08-29T19:00,16.2,144,148,16.9,8.2
2026-08-29T20:00,14.4,139,143,16.3,8.1
2026-08-29T21:00,15.5,135,137,18.1,9.0
2026-08-29T22:00,17.6,131,129,19.8,10.2
2026-08-29T23:00,18.0,133,130,15.8,7.8
2026-08-30T00:00,13.0,135,142,18.1,8.7
2026-08-30T01:00,14.8,140,152,17.1,7.2
2026-08-30T02:00,11.9,152,170,15.7,7.0
2026-08-30T03:00,12.6,154,171,16.3,7.7
2026-08-30T04:00,24.8,143,148,17.7,9.3
2026-08-30T05:00,15.5,165,206,12.9,5.4
2026-08-30T06:00,17.6,133,137,14.0,9.8
2026-08-30T07:00,37.1,118,119,21.3,15.6
2026-08-30T08:00,41.4,120,121,22.3,16.6
2026-08-30T09:00,42.1,119,119,23.0,17.2
2026-08-30T10:00,38.9,121,122,22.1,16.6
2026-08-30T11:00,39.2,131,131,23.7,17.7
2026-08-30T12:00,40.0,129,130,21.5,16.0
2026-08-30T13:00,38.5,124,125,20.7,15.5
2026-08-30T14:00,33.8,127,127,20.1,14.7
2026-08-30T15:00,31.0,127,127,18.0,12.5
2026-08-30T16:00,24.1,124,123,16.2,8.8
2026-08-30T17:00,15.5,131,136,15.4,7.3
2026-08-30T18:00,13.3,132,137,16.8,8.8
2026-08-30T19:00,16.6,137,147,18.3,9.6
2026-08-30T20:00,16.9,137,144,19.0,9.5
2026-08-30T21:00,16.2,134,140,18.3,8.4
2026-08-30T22:00,14.8,133,144,17.6,7.6
2026-08-30T23:00,13.3,128,138,17.2,7.8
2026-08-31T00:00,14.4,142,163,17.3,8.1
2026-08-31T01:00,14.4,144,160,18.5,8.3
2026-08-31T02:00,13.7,142,169,15.3,5.9
2026-08-31T03:00,9.4,138,173,13.3,4.5
2026-08-31T04:00,8.3,135,172,12.7,6.4
2026-08-31T05:00,13.0,147,201,11.2,4.4
2026-08-31T06:00,27.4,131,134,14.5,10.6
2026-08-31T07:00,31.7,129,129,18.4,13.9
2026-08-31T08:00,34.2,134,135,19.7,14.9
2026-08-31T09:00,36.4,132,132,20.8,15.8
2026-08-31T10:00,37.8,130,130,22.0,16.5
2026-08-31T11:00,38.2,128,129,22.7,17.0
2026-08-31T12:00,38.9,122,122,24.7,18.2
2026-08-31T13:00,39.6,123,123,24.6,18.0
2026-08-31T14:00,38.2,123,123,24.0,17.2
2026-08-31T15:00,35.3,123,123,22.9,15.6
2026-08-31T16:00,30.2,127,129,19.3,11.4
2026-08-31T17:00,20.2,127,131,18.5,10.0
2026-08-31T18:00,18.4,124,127,21.6,12.0
2026-08-31T19:00,21.6,128,131,21.1,11.2
2026-08-31T20:00,19.8,130,133,20.9,10.8
2026-08-31T21:00,19.1,128,131,20.4,10.2
2026-08-31T22:00,18.0,132,134,20.3,10.1
2026-08-31T23:00,17.6,139,144,19.6,9.5
2026-09-01T00:00,16.6,139,152,17.2,7.2
2026-09-01T01:00,12.2,141,157,17.7,7.4
2026-09-01T02:00,12.2,142,157,17.8,7.4
2026-09-01T03:00,12.2,150,171,16.9,6.9
2026-09-01T04:00,14.0,156,183,17.2,9.2
2026-09-01T05:00,20.5,152,162,16.9,10.2
2026-09-01T06:00,31.3,136,139,20.9,14.4
2026-09-01T07:00,34.9,134,136,23.0,16.8
2026-09-01T08:00,39.2,134,135,24.4,17.9
2026-09-01T09:00,41.0,132,132,25.2,18.7
2026-09-01T10:00,41.4,129,130,25.2,18.8
2026-09-01T11:00,41.8,125,126,25.0,18.6
2026-09-01T12:00,40.7,129,130,24.6,18.1
2026-09-01T13:00,39.2,125,125,24.2,17.7
2026-09-01T14:00,37.8,125,125,24.5,17.4
2026-09-01T15:00,35.6,127,127,22.4,15.2
2026-09-01T16:00,29.2,132,133,17.3,9.4
2026-09-01T17:00,16.6,132,142,16.1,7.3
2026-09-01T18:00,12.6,120,124,17.3,7.8
2026-09-01T19:00,13.0,123,129,17.8,7.4
2026-09-01T20:00,13.7,121,123,19.3,8.2
2026-09-01T21:00,14.4,117,115,19.9,8.4
2026-09-01T22:00,14.8,120,120,19.9,8.7
2026-09-01T23:00,14.8,129,137,18.4,7.4
2026-09-02T00:00,12.2,133,147,17.2,6.6
2026-09-02T01:00,11.2,138,156,16.8,6.5
2026-09-02T02:00,10.8,140,163,15.8,5.6
2026-09-02T03:00,10.4,148,175,15.0,6.1
2026-09-02T04:00,11.9,168,206,12.5,7.4
2026-09-02T05:00,19.1,209,223,11.3,8.1
2026-09-02T06:00,22.7,160,166,10.4,7.6
2026-09-02T07:00,31.0,143,144,18.5,13.9
2026-09-02T08:00,36.0,144,144,21.1,15.8
2026-09-02T09:00,38.5,140,141,22.6,17.0
2026-09-02T10:00,40.3,143,144,24.0,18.0
2026-09-02T11:00,40.0,142,143,24.1,18.1
2026-09-02T12:00,40.0,138,138,26.6,19.4
2026-09-02T13:00,41.8,136,137,25.6,18.5
2026-09-02T14:00,38.9,137,138,26.0,18.4
2026-09-02T15:00,37.1,135,135,22.7,15.1
2026-09-02T16:00,28.4,137,138,19.4,10.8
2026-09-02T17:00,19.4,137,140,19.4,10.1
2026-09-02T18:00,18.7,127,129,23.1,12.7
2026-09-02T19:00,23.0,125,126,23.0,12.2
2026-09-02T20:00,22.0,128,130,21.8,10.9
2026-09-02T21:00,19.1,125,127,21.6,10.8
2026-09-02T22:00,19.8,126,127,22.5,11.3
2026-09-02T23:00,19.8,132,137,21.4,10.3
2026-09-03T00:00,18.0,134,145,18.5,7.9
2026-09-03T01:00,13.0,135,149,17.7,6.7
2026-09-03T02:00,10.8,139,158,16.1,5.8
2026-09-03T03:00,9.4,140,166,14.7,5.2
2026-09-03T04:00,10.8,144,170,15.1,7.3
2026-09-03T05:00,16.2,147,156,12.0,7.5
2026-09-03T06:00,28.4,143,147,16.5,12.1
2026-09-03T07:00,27.0,140,141,15.6,11.6
2026-09-03T08:00,31.0,138,139,16.8,12.6
2026-09-03T09:00,31.3,140,141,16.9,13.0
2026-09-03T10:00,33.5,142,143,18.6,14.3
2026-09-03T11:00,35.3,144,144,19.8,15.3
2026-09-03T12:00,35.3,135,135,22.3,16.8
2026-09-03T13:00,37.1,134,135,22.0,16.4
2026-09-03T14:00,35.3,133,133,21.7,15.8
2026-09-03T15:00,32.4,130,131,21.1,14.5
2026-09-03T16:00,27.7,134,136,19.0,10.7
2026-09-03T17:00,18.7,130,133,18.0,8.9
2026-09-03T18:00,15.5,125,130,19.0,9.8
2026-09-03T19:00,17.3,122,126,18.2,8.9
2026-09-03T20:00,15.8,121,123,18.7,8.8
2026-09-03T21:00,15.1,120,122,18.2,8.2
2026-09-03T22:00,14.4,117,118,18.1,8.0
2026-09-03T23:00,13.7,113,115,18.0,7.7
2026-09-04T00:00,13.0,126,161,12.6,4.4
2026-09-04T01:00,7.2,121,153,13.2,4.4
2026-09-04T02:00,6.8,123,160,12.0,4.2
2026-09-04T03:00,6.5,136,188,10.4,4.0
2026-09-04T04:00,9.4,150,208,9.1,5.7
2026-09-04T05:00,13.7,140,148,7.8,5.1
2026-09-04T06:00,23.0,122,124,12.8,9.6
2026-09-04T07:00,24.1,117,117,12.3,9.5
2026-09-04T08:00,27.0,118,118,13.6,10.4
2026-09-04T09:00,27.0,117,116,14.1,10.6
2026-09-04T10:00,30.2,119,118,16.2,12.4
2026-09-04T11:00,31.3,120,120,17.0,13.1
2026-09-04T12:00,31.3,109,108,19.8,14.6
2026-09-04T13:00,31.7,110,109,18.7,13.5
2026-09-04T14:00,28.8,106,105,17.6,12.8
2026-09-04T15:00,27.0,109,109,19.1,12.9
2026-09-04T16:00,24.8,108,108,19.1,10.8
2026-09-04T17:00,19.4,102,101,18.4,8.8
2026-09-04T18:00,15.1,92,91,18.4,8.8
2026-09-04T19:00,15.1,89,89,17.3,7.6
2026-09-04T20:00,13.0,90,90,16.4,6.3
2026-09-04T21:00,10.8,94,98,16.6,6.4
2026-09-04T22:00,10.8,96,102,16.3,6.2
2026-09-04T23:00,10.1,96,103,14.3,4.6
2026-09-05T00:00,7.2,94,108,12.8,4.0
2026-09-05T01:00,5.0,91,105,12.2,3.5
2026-09-05T02:00,5.0,96,117,12.1,4.0
2026-09-05T03:00,6.1,103,126,12.4,4.0
2026-09-05T04:00,5.0,105,145,10.8,5.0
2026-09-05T05:00,11.9,120,128,7.1,4.4
2026-09-05T06:00,24.1,117,118,14.3,10.6
2026-09-05T07:00,27.7,120,120,15.8,11.9
2026-09-05T08:00,31.0,122,122,17.5,13.2
2026-09-05T09:00,34.2,124,125,19.7,15.1
2026-09-05T10:00,36.7,126,126,21.5,16.1
2026-09-05T11:00,36.7,129,129,22.2,16.5
2026-09-05T12:00,37.4,128,128,23.5,17.6
2026-09-05T13:00,38.2,129,129,21.8,16.1
2026-09-05T14:00,35.3,129,129,21.1,15.3
2026-09-05T15:00,32.0,124,125,20.1,13.8
2026-09-05T16:00,25.9,125,127,18.4,9.6
2026-09-05T17:00,16.9,127,130,19.3,9.6
2026-09-05T18:00,17.6,125,130,20.2,10.6
2026-09-05T19:00,18.4,123,128,18.9,8.7
2026-09-05T20:00,14.8,123,128,17.8,7.3
2026-09-05T21:00,14.4,124,127,19.7,8.7
2026-09-05T22:00,16.2,125,126,20.6,9.4
2026-09-05T23:00,15.8,129,133,20.1,8.7
2026-09-06T00:00,14.8,122,135,16.3,5.9
2026-09-06T01:00,9.7,127,142,16.5,5.9
2026-09-06T02:00,9.7,125,143,16.1,5.7
2026-09-06T03:00,8.6,133,158,14.9,5.2
2026-09-06T04:00,9.7,146,188,13.1,6.5
2026-09-06T05:00,16.9,155,163,11.3,7.5
2026-09-06T06:00,27.0,128,130,17.2,12.7
2026-09-06T07:00,32.4,130,130,18.9,14.2
2026-09-06T08:00,35.3,134,135,20.1,15.1
2026-09-06T09:00,36.0,135,136,20.1,15.3
2026-09-06T10:00,37.1,136,136,20.9,15.9
2026-09-06T11:00,37.8,139,140,21.0,16.1
2026-09-06T12:00,37.1,137,137,20.5,15.7
2026-09-06T13:00,36.0,139,139,21.6,16.2
2026-09-06T14:00,35.6,137,137,21.1,15.4
2026-09-06T15:00,32.4,130,132,20.8,14.3
2026-09-06T16:00,27.7,129,130,19.7,11.2
2026-09-06T17:00,20.2,129,130,19.8,10.7
2026-09-06T18:00,19.1,124,124,19.9,10.2
2026-09-06T19:00,18.0,123,124,20.7,10.2
2026-09-06T20:00,18.4,120,121,21.3,10.3
2026-09-06T21:00,18.7,119,119,21.2,10.1
2026-09-06T22:00,17.6,124,126,20.0,8.9
2026-09-06T23:00,15.8,124,123,20.5,9.6
2026-09-07T00:00,17.3,126,133,18.6,7.4
2026-09-07T01:00,12.2,125,132,18.1,7.0
2026-09-07T02:00,11.5,136,175,13.4,4.5
2026-09-07T03:00,6.1,161,225,8.9,3.6
2026-09-07T04:00,13.7,205,246,9.9,7.9
2026-09-07T05:00,19.1,228,236,10.8,8.0
2026-09-07T06:00,23.4,169,175,8.4,6.5
2026-09-07T07:00,24.8,142,142,12.6,9.6
2026-09-07T08:00,28.8,143,143,15.3,11.6
2026-09-07T09:00,31.7,143,143,17.0,12.9
2026-09-07T10:00,33.8,144,145,18.4,14.1
2026-09-07T11:00,36.0,149,149,20.0,15.3
2026-09-07T12:00,36.0,141,141,21.6,16.4
2026-09-07T13:00,36.4,145,145,21.4,15.8
2026-09-07T14:00,34.6,144,144,21.5,15.6
2026-09-07T15:00,32.8,137,137,22.7,15.5
2026-09-07T16:00,29.5,132,131,21.9,12.5
2026-09-07T17:00,23.0,132,132,23.6,12.8
2026-09-07T18:00,23.0,131,132,23.4,12.9
2026-09-07T19:00,23.0,127,129,21.6,11.3
2026-09-07T20:00,20.2,121,122,21.5,11.0
2026-09-07T21:00,19.8,124,126,21.4,10.9
2026-09-07T22:00,19.4,129,133,20.7,10.3
2026-09-07T23:00,18.4,133,135,20.1,9.9
2026-09-08T00:00,17.3,135,145,18.1,8.1
2026-09-08T01:00,14.0,147,159,18.2,8.1
2026-09-08T02:00,13.3,150,163,16.6,6.6
2026-09-08T03:00,11.2,149,170,15.3,5.3
2026-09-08T04:00,10.4,149,174,14.0,7.1
2026-09-08T05:00,25.2,154,159,15.0,10.6
2026-09-08T06:00,29.5,146,147,20.6,15.0
2026-09-08T07:00,37.4,148,148,23.5,17.2
2026-09-08T08:00,40.7,151,151,25.1,18.5
2026-09-08T09:00,43.2,151,150,27.1,20.1
2026-09-08T10:00,43.2,148,148,26.9,19.8
2026-09-08T11:00,43.2,145,145,26.5,19.5
2026-09-08T12:00,42.8,135,135,25.1,18.5
2026-09-08T13:00,40.0,136,136,24.8,18.1
2026-09-08T14:00,38.5,135,135,24.8,17.7
2026-09-08T15:00,35.3,133,133,23.0,15.3
2026-09-08T16:00,28.8,133,132,21.1,12.1
2026-09-08T17:00,21.6,135,135,22.1,12.0
2026-09-08T18:00,21.2,120,118,21.2,10.6
2026-09-08T19:00,19.1,125,126,22.1,11.1
2026-09-08T20:00,20.9,127,132,21.7,11.1
2026-09-08T21:00,19.1,127,130,20.4,9.6
2026-09-08T22:00,16.2,132,138,19.3,8.0
2026-09-08T23:00,13.3,137,144,19.0,7.7
2026-09-09T00:00,13.0,142,153,18.1,7.9
2026-09-09T01:00,13.0,151,168,17.3,6.8
2026-09-09T02:00,13.7,160,176,17.5,7.6
2026-09-09T03:00,12.6,157,174,17.3,7.1
2026-09-09T04:00,11.9,158,183,13.8,7.2
2026-09-09T05:00,17.6,168,175,11.8,8.1
2026-09-09T06:00,32.0,147,147,21.0,15.2
2026-09-09T07:00,36.7,144,144,22.0,16.2
2026-09-09T08:00,38.9,150,150,24.2,17.8
2026-09-09T09:00,42.5,149,149,26.3,19.5
2026-09-09T10:00,43.9,147,148,27.9,20.5
2026-09-09T11:00,45.4,149,149,29.3,21.5
2026-09-09T12:00,46.4,143,143,29.2,21.0
2026-09-09T13:00,43.6,139,139,27.6,19.9
2026-09-09T14:00,41.4,140,140,28.0,19.7
2026-09-09T15:00,39.6,138,138,27.8,18.4
2026-09-09T16:00,34.9,141,144,22.4,13.1
2026-09-09T17:00,23.8,146,150,20.9,11.5
2026-09-09T18:00,20.2,131,134,21.8,11.3
2026-09-09T19:00,20.2,127,129,22.2,11.5
2026-09-09T20:00,20.9,125,128,21.8,10.8
2026-09-09T21:00,20.2,127,129,23.0,11.6
2026-09-09T22:00,23.0,129,131,24.6,13.0
2026-09-09T23:00,23.0,133,135,23.7,12.2
2026-09-10T00:00,21.6,137,145,20.8,9.9
2026-09-10T01:00,22.0,160,166,22.9,12.6
2026-09-10T02:00,23.4,176,184,20.0,10.8
2026-09-10T03:00,19.1,179,188,19.1,9.3
2026-09-10T04:00,18.7,183,193,17.3,10.3
2026-09-10T05:00,27.4,175,178,18.1,13.0
2026-09-10T06:00,33.5,162,164,16.7,12.2
2026-09-10T07:00,33.1,160,160,17.4,12.9
2026-09-10T08:00,32.8,158,159,14.8,11.0
2026-09-10T09:00,36.4,148,148,19.1,14.4
2026-09-10T10:00,40.0,150,151,22.8,17.3
2026-09-10T11:00,40.0,143,143,22.6,16.6
2026-09-10T12:00,39.6,137,137,23.6,17.3
2026-09-10T13:00,37.8,136,136,23.5,17.2
2026-09-10T14:00,36.4,133,133,24.1,17.2
2026-09-10T15:00,34.6,135,135,21.5,14.5
2026-09-10T16:00,27.4,134,134,18.5,10.3
2026-09-10T17:00,18.0,135,136,19.2,9.9
2026-09-10T18:00,17.6,142,144,19.5,10.2
2026-09-10T19:00,19.1,148,152,20.9,10.8
2026-09-10T20:00,20.2,149,153,21.2,11.1
2026-09-10T21:00,20.2,146,150,21.7,11.0
2026-09-10T22:00,20.2,147,151,21.7,10.9
2026-09-10T23:00,19.8,151,155,21.3,11.1
2026-09-11T00:00,19.8,146,161,19.6,8.8
2026-09-11T01:00,15.5,152,169,18.8,8.4
2026-09-11T02:00,14.0,155,163,17.5,8.1
2026-09-11T03:00,14.4,169,190,16.5,8.2
2026-09-11T04:00,14.8,179,193,15.7,8.7
2026-09-11T05:00,18.0,186,203,14.5,8.2
2026-09-11T06:00,26.6,152,150,15.1,10.2
2026-09-11T07:00,31.3,147,149,18.4,13.6
2026-09-11T08:00,33.8,149,148,21.0,14.8
2026-09-11T09:00,30.6,135,134,17.1,12.6
2026-09-11T10:00,37.1,132,132,21.8,16.2
2026-09-11T11:00,40.0,134,134,26.1,18.8
2026-09-11T12:00,39.2,120,120,24.7,18.1
2026-09-11T13:00,38.2,111,110,22.1,16.1
2026-09-11T14:00,34.2,113,114,20.0,14.4
2026-09-11T15:00,29.9,116,116,17.1,11.4
2026-09-11T16:00,20.5,117,122,15.4,7.4
2026-09-11T17:00,12.6,119,125,15.2,6.3
2026-09-11T18:00,11.2,114,120,16.8,6.9
2026-09-11T19:00,11.9,120,127,17.4,7.2
2026-09-11T20:00,12.2,126,136,17.5,7.3
2026-09-11T21:00,11.9,127,139,17.0,6.6
2026-09-11T22:00,11.2,128,139,17.1,6.6
2026-09-11T23:00,10.8,135,147,16.4,6.0
2026-09-12T00:00,9.7,136,171,13.0,4.6
2026-09-12T01:00,6.5,141,180,12.0,4.3
2026-09-12T02:00,7.2,151,194,11.8,4.5
2026-09-12T03:00,8.3,169,213,10.8,4.9
2026-09-12T04:00,13.7,195,232,11.4,7.8
2026-09-12T05:00,16.6,195,206,9.5,6.6
2026-09-12T06:00,26.3,158,160,12.6,9.4
2026-09-12T07:00,27.0,153,154,12.1,9.0
2026-09-12T08:00,29.9,159,159,13.8,10.6
2026-09-12T09:00,31.3,157,157,16.8,12.9
2026-09-12T10:00,35.3,153,152,20.3,15.5
2026-09-12T11:00,36.7,146,146,21.4,16.1
2026-09-12T12:00,37.8,138,139,21.8,16.1
2026-09-12T13:00,37.4,140,140,24.0,17.6
2026-09-12T14:00,37.4,134,135,22.0,15.8
2026-09-12T15:00,32.4,130,131,21.2,14.4
2026-09-12T16:00,27.0,132,135,19.6,10.9
2026-09-12T17:00,19.4,134,136,19.9,10.6
2026-09-12T18:00,18.7,123,124,20.6,10.9
2026-09-12T19:00,19.4,123,125,19.4,10.1
2026-09-12T20:00,17.6,121,122,18.5,8.7
2026-09-12T21:00,15.1,122,124,17.4,7.4
2026-09-12T22:00,12.6,128,139,16.0,6.0
2026-09-12T23:00,9.7,136,153,14.9,5.2
2026-09-13T00:00,9.0,135,153,15.7,5.9
2026-09-13T01:00,9.7,130,147,14.6,4.9
2026-09-13T02:00,7.9,129,158,12.8,4.3
2026-09-13T03:00,6.1,133,183,10.3,3.4
2026-09-13T04:00,7.9,149,216,8.0,4.6
2026-09-13T05:00,13.3,151,162,7.0,4.7
2026-09-13T06:00,23.8,117,121,10.9,8.1
2026-09-13T07:00,23.8,121,123,11.8,9.0
2026-09-13T08:00,28.1,123,124,14.6,11.1
2026-09-13T09:00,29.9,125,126,15.8,12.0
2026-09-13T10:00,31.7,127,127,17.1,13.1
2026-09-13T11:00,33.1,129,129,18.7,14.3
2026-09-13T12:00,34.9,125,126,20.3,15.3
2026-09-13T13:00,34.2,128,128,19.6,14.6
2026-09-13T14:00,32.4,128,127,19.9,14.5
2026-09-13T15:00,30.2,126,126,17.6,12.0
2026-09-13T16:00,22.7,125,125,16.4,8.4
2026-09-13T17:00,14.4,127,128,16.7,7.6
2026-09-13T18:00,13.0,116,119,16.7,7.4
2026-09-13T19:00,12.2,116,121,16.8,6.7
2026-09-13T20:00,11.2,122,134,14.9,5.5
2026-09-13T21:00,9.0,120,128,15.3,5.5
2026-09-13T22:00,9.0,120,129,14.2,4.9
2026-09-13T23:00,7.2,127,146,12.9,4.5
2026-09-14T00:00,7.2,139,175,12.6,4.5
2026-09-14T01:00,7.2,149,190,11.5,4.2
2026-09-14T02:00,6.1,158,209,10.3,3.7
2026-09-14T03:00,5.8,162,219,9.7,3.7
2026-09-14T04:00,10.8,169,225,9.2,5.9
2026-09-14T05:00,13.3,180,196,7.0,4.7
2026-09-14T06:00,23.4,139,142,14.8,11.0
2026-09-14T07:00,29.5,135,136,16.7,12.6
2026-09-14T08:00,32.0,137,137,18.2,13.8
2026-09-14T09:00,33.8,137,137,19.2,14.5
2026-09-14T10:00,36.4,134,134,21.3,16.0
2026-09-14T11:00,37.8,134,134,22.5,16.8
2026-09-14T12:00,38.5,132,132,22.4,16.6
2026-09-14T13:00,36.0,130,130,21.3,15.6
2026-09-14T14:00,33.5,128,129,19.1,13.8
2026-09-14T15:00,29.2,131,132,16.6,11.3
2026-09-14T16:00,21.2,133,140,15.0,7.5
2026-09-14T17:00,12.6,128,134,15.4,6.7
2026-09-14T18:00,13.0,119,129,16.5,7.4
2026-09-14T19:00,14.4,119,124,18.9,8.7
2026-09-14T20:00,15.5,116,118,19.4,8.8
2026-09-14T21:00,15.8,120,122,18.2,8.7
2026-09-14T22:00,15.1,131,141,18.1,7.7
2026-09-14T23:00,13.7,137,147,19.0,7.9
2026-09-15T00:00,13.3,135,152,17.8,7.2
2026-09-15T01:00,11.9,132,148,17.1,6.4
2026-09-15T02:00,10.4,134,154,15.5,5.4
2026-09-15T03:00,8.6,137,165,14.1,5.0
2026-09-15T04:00,10.1,138,170,13.3,7.0
2026-09-15T05:00,15.8,136,141,10.6,6.9
2026-09-15T06:00,27.7,118,118,19.7,14.3
2026-09-15T07:00,33.1,122,123,20.0,14.8
2026-09-15T08:00,34.6,125,125,20.3,15.2
2026-09-15T09:00,36.4,123,124,21.3,16.0
2026-09-15T10:00,36.7,124,125,21.6,16.1
2026-09-15T11:00,37.1,124,125,21.9,16.3
2026-09-15T12:00,36.0,114,115,24.7,17.5
2026-09-15T13:00,36.7,117,118,25.1,18.0
2026-09-15T14:00,36.0,117,117,24.8,17.2
2026-09-15T15:00,33.8,119,120,23.6,15.7
2026-09-15T16:00,28.8,128,132,19.1,11.3
2026-09-15T17:00,20.5,123,130,17.0,8.0
2026-09-15T18:00,26.3,141,144,23.1,13.3
2026-09-15T19:00,28.4,122,119,18.4,9.0
2026-09-15T20:00,20.2,121,120,22.6,12.0
2026-09-15T21:00,23.0,117,117,20.4,10.5
2026-09-15T22:00,17.3,125,129,22.0,10.1
2026-09-15T23:00,18.4,130,138,20.8,8.9
2026-09-16T00:00,15.1,114,118,20.1,8.8
2026-09-16T01:00,14.4,117,122,20.9,9.1
2026-09-16T02:00,24.1,150,159,23.2,13.3
2026-09-16T03:00,23.4,164,205,13.8,8.4
2026-09-16T04:00,14.0,165,216,12.9,7.6
2026-09-16T05:00,14.0,129,177,17.7,6.0
2026-09-16T06:00,33.5,120,121,24.2,17.3
2026-09-16T07:00,43.2,129,130,29.2,20.8
2026-09-16T08:00,45.7,128,129,31.0,22.3
2026-09-16T09:00,46.1,131,131,31.1,22.5
2026-09-16T10:00,49.0,123,123,33.1,23.7
2026-09-16T11:00,48.6,123,123,30.1,21.3
2026-09-16T12:00,45.4,124,125,22.8,16.7
2026-09-16T13:00,35.6,131,132,20.2,15.0
2026-09-16T14:00,33.1,135,136,20.7,15.2
2026-09-16T15:00,31.0,149,151,20.3,13.4
2026-09-16T16:00,24.1,153,157,19.2,10.0
2026-09-16T17:00,17.3,152,158,19.2,9.3
2026-09-16T18:00,16.6,147,156,19.7,9.4
2026-09-16T19:00,16.6,144,151,19.7,9.3
2026-09-16T20:00,15.8,146,160,18.8,9.2
2026-09-16T21:00,18.4,146,155,19.9,10.3
2026-09-16T22:00,18.7,166,177,17.6,9.2
2026-09-16T23:00,19.8,162,170,18.8,10.8
2026-09-17T00:00,19.4,169,213,10.4,5.6
2026-09-17T01:00,16.6,166,182,16.0,9.9
2026-09-17T02:00,19.8,149,175,14.9,7.8
2026-09-17T03:00,17.6,161,200,10.9,5.8
2026-09-17T04:00,13.3,115,135,13.5,6.1
2026-09-17T05:00,25.6,121,125,12.8,8.4
2026-09-17T06:00,28.8,131,130,27.3,17.8
2026-09-17T07:00,44.3,137,140,30.3,21.1
2026-09-17T08:00,47.5,132,133,32.3,22.7
2026-09-17T09:00,47.9,130,130,34.6,24.4
2026-09-17T10:00,49.3,127,127,35.5,25.1
2026-09-17T11:00,50.8,127,127,34.6,24.4
2026-09-17T12:00,49.3,139,140,28.8,19.9
2026-09-17T13:00,42.5,139,139,30.1,20.9
2026-09-17T14:00,41.4,142,143,29.0,19.4
2026-09-17T15:00,37.4,138,138,28.3,17.5
2026-09-17T16:00,32.0,138,140,25.5,14.4
2026-09-17T17:00,25.9,139,142,23.2,12.6
2026-09-17T18:00,22.7,140,142,19.2,8.0
2026-09-17T19:00,12.6,141,149,18.4,8.1
2026-09-17T20:00,14.8,141,146,20.2,9.6
2026-09-17T21:00,17.6,136,139,21.0,10.7
2026-09-17T22:00,19.4,134,137,21.4,11.3
2026-09-17T23:00,19.4,139,146,19.9,9.7
2026-09-18T00:00,16.6,135,149,17.9,7.3
2026-09-18T01:00,12.2,138,157,16.4,6.5
2026-09-18T02:00,12.2,147,170,17.2,7.3
2026-09-18T03:00,12.6,150,175,16.8,6.7
2026-09-18T04:00,14.8,158,184,16.1,8.8
2026-09-18T05:00,19.4,157,165,13.6,9.1
2026-09-18T06:00,31.0,132,133,19.5,14.4
2026-09-18T07:00,34.2,135,136,21.1,15.7
2026-09-18T08:00,37.1,135,135,22.5,16.7
2026-09-18T09:00,39.2,135,135,23.8,17.7
2026-09-18T10:00,41.0,134,134,25.3,18.8
2026-09-18T11:00,41.0,133,134,25.9,19.0
2026-09-18T12:00,41.8,133,133,26.4,19.4
2026-09-18T13:00,41.4,133,134,26.2,19.0
2026-09-18T14:00,39.6,134,135,24.7,17.6
2026-09-18T15:00,35.6,134,135,21.8,14.0
2026-09-18T16:00,25.6,127,127,20.2,10.8
2026-09-18T17:00,19.1,128,129,19.2,9.1
2026-09-18T18:00,15.5,124,127,18.2,8.1
2026-09-18T19:00,13.7,131,139,17.7,7.4
2026-09-18T20:00,12.2,133,143,17.8,7.2
2026-09-18T21:00,13.0,133,143,18.2,7.7
2026-09-18T22:00,14.4,145,161,18.1,8.2
2026-09-18T23:00,14.8,153,174,16.4,8.1
2026-09-19T00:00,14.4,146,161,18.4,8.4
2026-09-19T01:00,13.7,155,189,15.3,6.0
2026-09-19T02:00,11.5,170,204,15.0,6.7
2026-09-19T03:00,12.6,184,214,15.0,7.4
2026-09-19T04:00,15.8,191,217,15.4,9.3
2026-09-19T05:00,19.4,202,212,13.6,8.7
2026-09-19T06:00,28.1,157,161,14.4,10.9
2026-09-19T07:00,27.4,149,151,15.2,11.4
2026-09-19T08:00,28.8,146,146,15.3,11.7
2026-09-19T09:00,33.1,136,136,18.7,14.3
2026-09-19T10:00,35.3,136,137,20.6,15.7
2026-09-19T11:00,38.5,136,135,23.2,17.4
2026-09-19T12:00,39.2,138,139,24.4,17.9
2026-09-19T13:00,39.6,136,136,26.2,19.1
2026-09-19T14:00,39.6,137,137,26.0,18.3
2026-09-19T15:00,36.7,144,145,22.6,15.0
2026-09-19T16:00,28.4,143,145,19.0,11.2
2026-09-19T17:00,20.2,136,136,20.2,10.9
2026-09-19T18:00,19.4,133,136,21.5,11.6
2026-09-19T19:00,21.2,134,137,21.9,11.6
2026-09-19T20:00,20.5,132,134,21.9,11.5
2026-09-19T21:00,20.5,129,132,21.4,11.1
2026-09-19T22:00,19.8,132,135,20.3,10.2
2026-09-19T23:00,18.0,139,144,19.1,9.1
2026-09-20T00:00,15.8,138,148,18.4,8.1
2026-09-20T01:00,13.7,137,144,18.7,7.7
2026-09-20T02:00,13.7,133,140,18.9,8.0
2026-09-20T03:00,14.0,138,148,19.1,8.1
2026-09-20T04:00,17.3,146,157,17.5,9.8
2026-09-20T05:00,28.4,145,147,19.9,14.0
2026-09-20T06:00,32.0,140,140,18.9,13.8
2026-09-20T07:00,32.8,140,141,19.5,14.5
2026-09-20T08:00,35.3,141,142,20.7,15.5
2026-09-20T09:00,37.4,144,145,21.9,16.5
2026-09-20T10:00,40.0,143,143,24.0,18.0
2026-09-20T11:00,40.0,140,141,24.8,18.3
2026-09-20T12:00,41.4,137,137,24.8,18.3
2026-09-20T13:00,39.6,133,133,24.8,18.1
2026-09-20T14:00,38.2,133,133,25.3,18.1
2026-09-20T15:00,36.4,131,132,23.0,14.9
2026-09-20T16:00,28.4,134,135,22.2,13.0
2026-09-20T17:00,23.0,137,139,21.7,12.0
2026-09-20T18:00,20.9,126,128,21.1,11.2
2026-09-20T19:00,19.8,121,120,21.1,10.7
2026-09-20T20:00,19.4,123,125,20.0,10.1
2026-09-20T21:00,17.6,132,140,18.5,8.4
2026-09-20T22:00,15.1,130,137,19.2,8.8
2026-09-20T23:00,15.1,124,130,19.1,8.4
2026-09-21T00:00,14.8,120,124,19.5,8.4
2026-09-21T01:00,14.0,125,129,19.2,8.1
2026-09-21T02:00,13.3,129,136,16.9,6.2
2026-09-21T03:00,10.1,132,146,14.9,5.2
2026-09-21T04:00,12.6,128,139,15.5,7.9
2026-09-21T05:00,25.9,126,127,18.0,12.9
2026-09-21T06:00,30.6,126,127,20.9,15.2
2026-09-21T07:00,33.1,130,131,19.7,14.7
2026-09-21T08:00,33.8,133,134,19.4,14.5
2026-09-21T09:00,36.0,133,133,20.5,15.5
2026-09-21T10:00,37.4,136,136,21.6,16.3
2026-09-21T11:00,39.2,135,136,23.5,17.6
2026-09-21T12:00,40.0,129,129,24.6,18.2
2026-09-21T13:00,39.2,130,130,23.9,17.6
2026-09-21T14:00,37.4,128,128,22.3,16.2
2026-09-21T15:00,33.1,124,125,20.1,14.0
2026-09-21T16:00,27.0,124,127,17.2,9.6
2026-09-21T17:00,18.7,119,119,19.9,10.7
2026-09-21T18:00,20.2,107,109,22.3,12.4
2026-09-21T19:00,22.3,107,107,22.0,11.7
2026-09-21T20:00,20.9,108,107,21.2,10.5
2026-09-21T21:00,19.1,108,108,21.5,10.8
2026-09-21T22:00,19.1,108,110,20.8,10.0
2026-09-21T23:00,17.6,106,109,19.7,8.8
2026-09-22T00:00,15.1,109,112,20.8,9.7
2026-09-22T01:00,16.6,115,121,19.5,8.1
2026-09-22T02:00,13.7,122,133,17.0,6.1
2026-09-22T03:00,9.7,124,155,13.2,4.2
2026-09-22T04:00,9.0,128,176,11.2,5.2
2026-09-22T05:00,19.4,130,133,13.3,9.3
2026-09-22T06:00,31.0,134,135,20.0,14.6
2026-09-22T07:00,35.6,134,134,22.2,16.3
2026-09-22T08:00,37.4,135,136,22.4,16.8
2026-09-22T09:00,38.5,136,136,22.9,17.2
2026-09-22T10:00,38.5,137,138,22.5,17.0
2026-09-22T11:00,37.8,139,140,22.3,16.7
2026-09-22T12:00,37.1,131,131,23.5,17.5
2026-09-22T13:00,37.4,132,133,21.9,16.2
2026-09-22T14:00,34.6,130,131,22.5,16.1
2026-09-22T15:00,32.8,133,134,20.9,14.1
2026-09-22T16:00,26.6,135,139,20.0,11.4
2026-09-22T17:00,20.2,133,134,21.0,11.1
2026-09-22T18:00,20.2,120,121,23.4,12.7
2026-09-22T19:00,23.4,113,114,23.7,12.6
2026-09-22T20:00,22.7,110,112,22.8,11.6
2026-09-22T21:00,20.5,106,107,20.8,9.6
2026-09-22T22:00,16.6,97,94,18.9,7.2
2026-09-22T23:00,11.9,98,103,16.5,5.5
